"GeoFIPS","GeoName","Region","ComponentId","ComponentName","IndustryId","IndustryClassification","Description","2001","2002","2003","2004","2005","2006","2007","2008","2009","2010","2011","2012","2013","2014","2015"
"10180","Abilene, TX (Metropolitan Statistical Area)"," ","200","Gross domestic product (GDP) by metropolitan area","1","...","All industry total",3626,3807,4074,4336,4577,4948,5359,5751,5317,5513,5781,6289,6588,6875,6499
"10180","Abilene, TX (Metropolitan Statistical Area)"," ","200","Gross domestic product (GDP) by metropolitan area","2","..."," Private industries",2734,2835,3059,3282,3501,3831,4188,4590,4116,4248,4511,4993,5304,5569,5156
"10180","Abilene, TX (Metropolitan Statistical Area)"," ","200","Gross domestic product (GDP) by metropolitan area","3","11","  Agriculture, forestry, fishing, and hunting","(D)","(D)","(D)","(D)",52,24,66,26,"(D)","(D)","(D)","(D)","(D)","(D)","(D)"
"10180","Abilene, TX (Metropolitan Statistical Area)"," ","200","Gross domestic product (GDP) by metropolitan area","4","111-112","   Farms",49,23,44,59,44,15,57,16,21,66,68,24,81,46,"(NA)"
"10180","Abilene, TX (Metropolitan Statistical Area)"," ","200","Gross domestic product (GDP) by metropolitan area","5","113-115","   Forestry, fishing, and related activities","(D)","(D)","(D)","(D)",9,9,9,10,"(D)","(D)","(D)","(D)","(D)","(D)","(NA)"
"10180","Abilene, TX (Metropolitan Statistical Area)"," ","200","Gross domestic product (GDP) by metropolitan area","6","21","  Mining",202,180,277,325,462,599,696,998,496,"(D)",803,983,1075,1084,636
"10180","Abilene, TX (Metropolitan Statistical Area)"," ","200","Gross domestic product (GDP) by metropolitan area","7","211","   Oil and gas extraction","(D)","(D)","(D)","(D)","(D)","(D)","(D)","(D)","(D)","(D)","(D)","(D)","(D)","(D)","(NA)"
"10180","Abilene, TX (Metropolitan Statistical Area)"," ","200","Gross domestic product (GDP) by metropolitan area","8","212","   Mining, except oil and gas","(D)","(D)","(D)","(D)","(D)","(D)","(D)","(D)","(D)","(D)","(D)","(D)","(D)","(D)","(NA)"
"10180","Abilene, TX (Metropolitan Statistical Area)"," ","200","Gross domestic product (GDP) by metropolitan area","9","213","   Support activities for mining","(D)","(D)","(D)","(D)",95,194,201,251,140,154,196,234,242,238,"(NA)"
"10180","Abilene, TX (Metropolitan Statistical Area)"," ","200","Gross domestic product (GDP) by metropolitan area","10","22","  Utilities","(D)","(D)",112,112,114,128,133,"(D)","(D)","(D)",113,113,124,131,139
"10180","Abilene, TX (Metropolitan Statistical Area)"," ","200","Gross domestic product (GDP) by metropolitan area","11","23","  Construction",156,164,171,180,208,230,260,313,300,262,272,300,337,378,369
"10180","Abilene, TX (Metropolitan Statistical Area)"," ","200","Gross domestic product (GDP) by metropolitan area","12","31-33","  Manufacturing",207,210,192,218,235,254,281,277,281,269,249,267,292,306,331
"10180","Abilene, TX (Metropolitan Statistical Area)"," ","200","Gross domestic product (GDP) by metropolitan area","13","...","   Durable goods manufacturing","(D)","(D)","(D)","(D)","(D)","(D)","(D)","(D)","(D)",132,135,149,166,181,196
"10180","Abilene, TX (Metropolitan Statistical Area)"," ","200","Gross domestic product (GDP) by metropolitan area","14","321","    Wood products manufacturing","(D)","(D)","(D)","(D)","(D)","(D)","(D)","(D)","(D)","(D)","(D)","(D)","(D)","(D)","(NA)"
"10180","Abilene, TX (Metropolitan Statistical Area)"," ","200","Gross domestic product (GDP) by metropolitan area","15","327","    Nonmetallic mineral products manufacturing","(D)","(D)","(D)","(D)","(D)","(D)","(D)",17,"(D)","(D)","(D)","(D)","(D)","(D)","(NA)"
"10180","Abilene, TX (Metropolitan Statistical Area)"," ","200","Gross domestic product (GDP) by metropolitan area","16","331","    Primary metals manufacturing","(D)","(D)","(D)","(D)","(D)","(D)","(D)","(D)","(D)","(D)",1,"(D)","(L)","(L)","(NA)"
"10180","Abilene, TX (Metropolitan Statistical Area)"," ","200","Gross domestic product (GDP) by metropolitan area","17","332","    Fabricated metal products","(D)","(D)","(D)","(D)","(D)","(D)","(D)",45,37,"(D)","(D)","(D)",55,"(D)","(NA)"
"10180","Abilene, TX (Metropolitan Statistical Area)"," ","200","Gross domestic product (GDP) by metropolitan area","18","333","    Machinery manufacturing","(D)","(D)","(D)","(D)","(D)","(D)","(D)","(D)","(D)","(D)",24,22,29,"(D)","(NA)"
"10180","Abilene, TX (Metropolitan Statistical Area)"," ","200","Gross domestic product (GDP) by metropolitan area","19","334","    Computer and electronic products manufacturing","(D)",12,11,14,13,15,12,12,6,"(D)","(D)","(D)",6,6,"(NA)"
"10180","Abilene, TX (Metropolitan Statistical Area)"," ","200","Gross domestic product (GDP) by metropolitan area","20","335","    Electrical equipment, appliance, and components manufacturing","(D)","(D)","(D)","(D)","(D)","(D)","(D)","(D)","(D)","(D)","(D)","(D)","(D)","(D)","(NA)"
"10180","Abilene, TX (Metropolitan Statistical Area)"," ","200","Gross domestic product (GDP) by metropolitan area","21","3361-3363","    Motor vehicles, bodies and trailers, and parts manufacturing","(D)","(D)","(D)","(D)","(D)","(D)","(D)","(D)","(D)",10,"(D)","(D)","(D)","(D)","(NA)"
"10180","Abilene, TX (Metropolitan Statistical Area)"," ","200","Gross domestic product (GDP) by metropolitan area","22","3364-3366, 3369","    Other transportation equipment manufacturing","(D)","(D)","(D)","(D)","(D)","(D)","(D)","(D)","(D)","(D)","(D)","(D)","(D)","(D)","(NA)"
"10180","Abilene, TX (Metropolitan Statistical Area)"," ","200","Gross domestic product (GDP) by metropolitan area","23","337","    Furniture and related products manufacturing","(D)","(D)","(D)","(D)","(D)","(D)","(D)","(D)","(D)","(D)","(D)","(D)","(D)","(D)","(NA)"
"10180","Abilene, TX (Metropolitan Statistical Area)"," ","200","Gross domestic product (GDP) by metropolitan area","24","339","    Miscellaneous manufacturing","(D)","(D)","(D)","(D)","(D)","(D)",9,9,9,7,6,5,"(D)","(D)","(NA)"
"10180","Abilene, TX (Metropolitan Statistical Area)"," ","200","Gross domestic product (GDP) by metropolitan area","25","...","   Nondurable goods manufacturing","(D)","(D)","(D)","(D)","(D)","(D)","(D)","(D)","(D)",137,114,118,126,124,135
"10180","Abilene, TX (Metropolitan Statistical Area)"," ","200","Gross domestic product (GDP) by metropolitan area","26","311-312","    Food and beverage and tobacco products manufacturing","(D)","(D)","(D)","(D)","(D)","(D)","(D)","(D)","(D)","(D)","(D)","(D)","(D)","(D)","(NA)"
"10180","Abilene, TX (Metropolitan Statistical Area)"," ","200","Gross domestic product (GDP) by metropolitan area","27","313-314","    Textile mills and textile product mills","(D)","(D)","(L)","(D)","(D)","(L)","(L)","(D)","(D)","(D)","(D)","(L)","(D)","(D)","(NA)"
"10180","Abilene, TX (Metropolitan Statistical Area)"," ","200","Gross domestic product (GDP) by metropolitan area","28","315-316","    Apparel and leather and allied products manufacturing","(D)","(D)","(D)","(D)",1,1,1,1,"(D)","(D)","(D)","(D)",1,1,"(NA)"
"10180","Abilene, TX (Metropolitan Statistical Area)"," ","200","Gross domestic product (GDP) by metropolitan area","29","322","    Paper products manufacturing","(D)","(D)","(D)","(D)","(D)","(D)","(D)","(D)","(D)","(D)","(D)","(D)","(D)","(D)","(NA)"
"10180","Abilene, TX (Metropolitan Statistical Area)"," ","200","Gross domestic product (GDP) by metropolitan area","30","323","    Printing and related support activities",4,4,"(D)","(D)","(D)","(D)","(D)","(D)","(D)","(D)","(D)","(D)",4,4,"(NA)"
"10180","Abilene, TX (Metropolitan Statistical Area)"," ","200","Gross domestic product (GDP) by metropolitan area","31","324","    Petroleum and coal products manufacturing","(D)","(D)","(L)","(L)","(L)","(D)","(D)","(D)","(D)","(D)","(D)","(D)","(D)","(D)","(NA)"
"10180","Abilene, TX (Metropolitan Statistical Area)"," ","200","Gross domestic product (GDP) by metropolitan area","32","325","    Chemical products manufacturing","(D)",1,"(D)","(D)",2,"(D)","(D)",4,5,6,6,"(D)","(D)","(D)","(NA)"
"10180","Abilene, TX (Metropolitan Statistical Area)"," ","200","Gross domestic product (GDP) by metropolitan area","33","326","    Plastics and rubber products manufacturing",14,14,16,19,"(D)","(D)","(D)","(D)","(D)","(D)","(D)","(D)",36,38,"(NA)"
"10180","Abilene, TX (Metropolitan Statistical Area)"," ","200","Gross domestic product (GDP) by metropolitan area","34","42","  Wholesale trade",243,290,300,343,298,329,352,309,294,314,351,413,459,510,442
"10180","Abilene, TX (Metropolitan Statistical Area)"," ","200","Gross domestic product (GDP) by metropolitan area","35","44-45","  Retail trade",345,335,350,357,392,414,428,437,421,434,443,471,484,512,530
"10180","Abilene, TX (Metropolitan Statistical Area)"," ","200","Gross domestic product (GDP) by metropolitan area","36","48-49","  Transportation and warehousing","(D)","(D)",86,92,95,103,110,"(D)","(D)","(D)",124,149,172,191,189
"10180","Abilene, TX (Metropolitan Statistical Area)"," ","200","Gross domestic product (GDP) by metropolitan area","37","481","   Air transportation","(D)","(D)",2,2,"(D)",3,3,3,3,3,"(D)","(D)","(D)","(D)","(NA)"
"10180","Abilene, TX (Metropolitan Statistical Area)"," ","200","Gross domestic product (GDP) by metropolitan area","38","482","   Rail transportation",4,4,4,5,5,6,7,8,6,7,8,12,12,12,"(NA)"
"10180","Abilene, TX (Metropolitan Statistical Area)"," ","200","Gross domestic product (GDP) by metropolitan area","39","483","   Water transportation","(L)","(L)","(L)","(L)","(L)","(L)","(L)","(L)","(L)","(L)","(L)",1,8,9,"(NA)"
"10180","Abilene, TX (Metropolitan Statistical Area)"," ","200","Gross domestic product (GDP) by metropolitan area","40","484","   Truck transportation",37,40,40,"(D)",47,50,56,"(D)",52,53,"(D)",56,59,"(D)","(NA)"
"10180","Abilene, TX (Metropolitan Statistical Area)"," ","200","Gross domestic product (GDP) by metropolitan area","41","485","   Transit and ground passenger transportation",12,5,6,4,"(D)","(D)",4,"(D)",4,"(D)","(D)",4,"(D)","(D)","(NA)"
"10180","Abilene, TX (Metropolitan Statistical Area)"," ","200","Gross domestic product (GDP) by metropolitan area","42","486","   Pipeline transportation","(D)","(D)","(D)","(D)",7,8,"(D)","(D)","(D)","(D)",15,23,28,31,"(NA)"
"10180","Abilene, TX (Metropolitan Statistical Area)"," ","200","Gross domestic product (GDP) by metropolitan area","43","487-488, 492","   Other transportation and support activities","(D)","(D)","(D)","(D)","(D)","(D)","(D)","(D)","(D)","(D)","(D)","(D)","(D)",68,"(NA)"
"10180","Abilene, TX (Metropolitan Statistical Area)"," ","200","Gross domestic product (GDP) by metropolitan area","44","493","   Warehousing and storage","(D)","(D)","(D)","(D)","(D)","(D)","(D)","(D)","(D)","(D)","(D)","(D)","(D)","(D)","(NA)"
"10180","Abilene, TX (Metropolitan Statistical Area)"," ","200","Gross domestic product (GDP) by metropolitan area","45","51","  Information","(D)","(D)","(D)","(D)","(D)","(D)","(D)","(D)","(D)","(D)","(D)","(D)",167,186,184
"10180","Abilene, TX (Metropolitan Statistical Area)"," ","200","Gross domestic product (GDP) by metropolitan area","46","511","   Publishing industries, except Internet (includes software)","(D)","(D)","(D)","(D)","(D)","(D)","(D)","(D)","(D)","(D)","(D)","(D)",21,"(D)","(NA)"
"10180","Abilene, TX (Metropolitan Statistical Area)"," ","200","Gross domestic product (GDP) by metropolitan area","47","512","   Motion picture and sound recording industries","(D)","(D)","(D)","(D)",6,7,8,6,"(D)",8,7,7,7,7,"(NA)"
"10180","Abilene, TX (Metropolitan Statistical Area)"," ","200","Gross domestic product (GDP) by metropolitan area","48","515, 517","   Broadcasting and telecommunications","(D)","(D)","(D)","(D)","(D)","(D)","(D)","(D)","(D)","(D)","(D)","(D)","(D)","(D)","(NA)"
"10180","Abilene, TX (Metropolitan Statistical Area)"," ","200","Gross domestic product (GDP) by metropolitan area","49","518, 519","   Data processing, internet publishing, and other information services","(D)","(D)","(D)","(D)",10,"(D)","(D)",10,"(D)","(D)","(D)","(D)","(D)",17,"(NA)"
"10180","Abilene, TX (Metropolitan Statistical Area)"," ","200","Gross domestic product (GDP) by metropolitan area","50","52, 53","  Finance, insurance, real estate, rental, and leasing",314,380,392,381,404,452,503,553,582,561,559,671,616,624,621
"10180","Abilene, TX (Metropolitan Statistical Area)"," ","200","Gross domestic product (GDP) by metropolitan area","51","52","   Finance and insurance",169,190,185,180,195,209,226,239,232,249,271,334,324,339,314
"10180","Abilene, TX (Metropolitan Statistical Area)"," ","200","Gross domestic product (GDP) by metropolitan area","52","521-522","    Federal Reserve banks, credit intermediation, and related services",70,83,77,67,80,83,79,85,81,81,84,121,101,103,"(NA)"
"10180","Abilene, TX (Metropolitan Statistical Area)"," ","200","Gross domestic product (GDP) by metropolitan area","53","523","    Securities, commodity contracts, and investments","(D)","(D)","(D)","(D)","(D)","(D)","(D)","(D)","(D)","(D)","(D)","(D)",29,"(D)","(NA)"
"10180","Abilene, TX (Metropolitan Statistical Area)"," ","200","Gross domestic product (GDP) by metropolitan area","54","524","    Insurance carriers and related activities","(D)","(D)","(D)","(D)",89,95,128,133,"(D)","(D)","(D)","(D)",171,"(D)","(NA)"
"10180","Abilene, TX (Metropolitan Statistical Area)"," ","200","Gross domestic product (GDP) by metropolitan area","55","525","    Funds, trusts, and other financial vehicles","(D)","(D)","(D)","(D)","(D)","(D)","(D)","(D)",1,3,11,23,23,23,"(NA)"
"10180","Abilene, TX (Metropolitan Statistical Area)"," ","200","Gross domestic product (GDP) by metropolitan area","56","53","   Real estate and rental and leasing",145,190,207,200,209,244,277,314,350,312,288,337,293,286,306
"10180","Abilene, TX (Metropolitan Statistical Area)"," ","200","Gross domestic product (GDP) by metropolitan area","57","531","    Real estate","(D)","(D)","(D)","(D)","(D)","(D)","(D)","(D)","(D)","(D)","(D)","(D)","(D)",167,"(NA)"
"10180","Abilene, TX (Metropolitan Statistical Area)"," ","200","Gross domestic product (GDP) by metropolitan area","58","532-533","    Rental and leasing services and lessors of intangible assets","(D)","(D)","(D)","(D)","(D)","(D)","(D)","(D)","(D)","(D)","(D)","(D)","(D)",119,"(NA)"
"10180","Abilene, TX (Metropolitan Statistical Area)"," ","200","Gross domestic product (GDP) by metropolitan area","59","54, 55, 56","  Professional and business services",194,195,211,222,236,"(D)",270,308,295,298,326,341,350,387,385
"10180","Abilene, TX (Metropolitan Statistical Area)"," ","200","Gross domestic product (GDP) by metropolitan area","60","54","   Professional, scientific, and technical services","(D)","(D)",121,124,"(D)","(D)","(D)","(D)","(D)","(D)","(D)","(D)",207,227,224
"10180","Abilene, TX (Metropolitan Statistical Area)"," ","200","Gross domestic product (GDP) by metropolitan area","64","55","   Management of companies and enterprises","(D)","(D)","(D)","(D)","(D)","(D)","(D)","(D)","(D)","(D)","(D)","(D)","(D)","(D)","(D)"
"10180","Abilene, TX (Metropolitan Statistical Area)"," ","200","Gross domestic product (GDP) by metropolitan area","65","56","   Administrative and waste management services","(D)","(D)","(D)","(D)","(D)",109,"(D)","(D)","(D)","(D)","(D)","(D)","(D)","(D)","(D)"
"10180","Abilene, TX (Metropolitan Statistical Area)"," ","200","Gross domestic product (GDP) by metropolitan area","66","561","    Administrative and support services","(D)","(D)",69,"(D)","(D)","(D)","(D)","(D)","(D)","(D)","(D)","(D)",118,132,"(NA)"
"10180","Abilene, TX (Metropolitan Statistical Area)"," ","200","Gross domestic product (GDP) by metropolitan area","67","562","    Waste management and remediation services","(D)","(D)","(D)","(D)","(D)","(D)","(D)","(D)","(D)","(D)","(D)","(D)","(D)","(D)","(NA)"
"10180","Abilene, TX (Metropolitan Statistical Area)"," ","200","Gross domestic product (GDP) by metropolitan area","68","61, 62","  Educational services, health care, and social assistance",436,463,503,550,"(D)",574,"(D)",624,675,684,680,699,700,724,778
"10180","Abilene, TX (Metropolitan Statistical Area)"," ","200","Gross domestic product (GDP) by metropolitan area","69","61","   Educational services","(D)","(D)","(D)","(D)","(D)","(D)","(D)","(D)","(D)","(D)","(D)","(D)",123,129,137
"10180","Abilene, TX (Metropolitan Statistical Area)"," ","200","Gross domestic product (GDP) by metropolitan area","70","62","   Health care and social assistance","(D)","(D)","(D)","(D)","(D)","(D)","(D)","(D)","(D)","(D)","(D)","(D)",577,595,640
"10180","Abilene, TX (Metropolitan Statistical Area)"," ","200","Gross domestic product (GDP) by metropolitan area","71","621","    Ambulatory health care services",173,186,192,208,231,247,250,256,271,269,265,279,"(D)","(D)","(NA)"
"10180","Abilene, TX (Metropolitan Statistical Area)"," ","200","Gross domestic product (GDP) by metropolitan area","72","622-623","    Hospitals and nursing and residential care facilities",168,181,"(D)",229,"(D)","(D)","(D)","(D)","(D)","(D)","(D)","(D)","(D)","(D)","(NA)"
"10180","Abilene, TX (Metropolitan Statistical Area)"," ","200","Gross domestic product (GDP) by metropolitan area","73","624","    Social assistance","(D)","(D)",19,"(D)","(D)","(D)","(D)","(D)","(D)","(D)","(D)","(D)","(D)","(D)","(NA)"
"10180","Abilene, TX (Metropolitan Statistical Area)"," ","200","Gross domestic product (GDP) by metropolitan area","74","71, 72","  Arts, entertainment, recreation, accommodation, and food services",136,141,144,153,165,175,182,190,193,197,209,228,"(D)","(D)","(D)"
"10180","Abilene, TX (Metropolitan Statistical Area)"," ","200","Gross domestic product (GDP) by metropolitan area","75","71","   Arts, entertainment, and recreation","(D)","(D)","(D)","(D)","(D)","(D)","(D)","(D)","(D)","(D)","(D)","(D)","(D)","(D)","(D)"
"10180","Abilene, TX (Metropolitan Statistical Area)"," ","200","Gross domestic product (GDP) by metropolitan area","76","711-712","    Performing arts, spectator sports, museums, and related activities",5,6,7,"(D)","(D)","(D)","(D)","(D)","(D)","(D)","(D)","(D)",9,9,"(NA)"
"10180","Abilene, TX (Metropolitan Statistical Area)"," ","200","Gross domestic product (GDP) by metropolitan area","77","713","    Amusements, gambling, and recreation industries","(D)","(D)","(D)","(D)","(D)","(D)","(D)","(D)","(D)","(D)","(D)","(D)","(D)","(D)","(NA)"
"10180","Abilene, TX (Metropolitan Statistical Area)"," ","200","Gross domestic product (GDP) by metropolitan area","78","72","   Accommodation and food services","(D)","(D)","(D)","(D)","(D)","(D)","(D)","(D)","(D)","(D)","(D)","(D)","(D)","(D)","(D)"
"10180","Abilene, TX (Metropolitan Statistical Area)"," ","200","Gross domestic product (GDP) by metropolitan area","79","721","    Accommodation","(D)","(D)","(D)","(D)","(D)","(D)","(D)","(D)","(D)","(D)","(D)","(D)","(D)","(D)","(NA)"
"10180","Abilene, TX (Metropolitan Statistical Area)"," ","200","Gross domestic product (GDP) by metropolitan area","80","722","    Food services and drinking places","(D)","(D)","(D)","(D)","(D)",132,130,137,145,"(D)",149,165,169,191,"(NA)"
"10180","Abilene, TX (Metropolitan Statistical Area)"," ","200","Gross domestic product (GDP) by metropolitan area","81","81","  Other services, except government",138,143,143,149,142,145,146,154,155,158,161,176,195,208,217
"10180","Abilene, TX (Metropolitan Statistical Area)"," ","200","Gross domestic product (GDP) by metropolitan area","82","92"," Government",892,973,1015,1054,1076,1118,1171,1161,1200,1266,1270,1296,1283,1306,1343
"10180","Abilene, TX (Metropolitan Statistical Area)"," ","200","Gross domestic product (GDP) by metropolitan area","83","...","  Federal civilian",84,89,90,90,95,107,109,108,112,120,117,114,107,106,"(NA)"
"10180","Abilene, TX (Metropolitan Statistical Area)"," ","200","Gross domestic product (GDP) by metropolitan area","84","...","  Federal military",305,372,402,432,438,452,469,452,460,485,488,491,469,475,"(NA)"
"10180","Abilene, TX (Metropolitan Statistical Area)"," ","200","Gross domestic product (GDP) by metropolitan area","85","...","  State and local",502,512,524,532,543,559,592,601,628,661,666,692,708,724,"(NA)"
"10180","Abilene, TX (Metropolitan Statistical Area)"," ","200","Gross domestic product (GDP) by metropolitan area","86","11, 21","Natural resources and mining","(D)","(D)","(D)","(D)",514,623,763,1025,"(D)","(D)","(D)","(D)","(D)","(D)","(D)"
"10180","Abilene, TX (Metropolitan Statistical Area)"," ","200","Gross domestic product (GDP) by metropolitan area","87","42, 44-45","Trade",588,625,650,700,690,743,780,746,715,748,794,885,943,1022,972
"10180","Abilene, TX (Metropolitan Statistical Area)"," ","200","Gross domestic product (GDP) by metropolitan area","88","...","Transportation and utilities",209,195,198,203,210,232,243,"(D)",248,249,238,262,297,322,328
"10180","Abilene, TX (Metropolitan Statistical Area)"," ","200","Gross domestic product (GDP) by metropolitan area","89","...","Private goods-producing industries","(D)","(D)","(D)","(D)",957,1106,1304,1614,"(D)",1212,"(D)","(D)","(D)","(D)","(D)"
"10180","Abilene, TX (Metropolitan Statistical Area)"," ","200","Gross domestic product (GDP) by metropolitan area","90","...","Private services-providing industries","(D)","(D)","(D)","(D)",2544,2724,2884,2976,"(D)",3035,"(D)","(D)","(D)","(D)","(D)"
"10180","Abilene, TX (Metropolitan Statistical Area)"," ","800","Quantity indexes for real GDP by metropolitan area","1","...","All industry total",87.753,90.600,92.455,94.192,93.831,97.596,101.631,103.765,100.000,100.601,102.323,110.352,113.146,116.801,115.765
"10180","Abilene, TX (Metropolitan Statistical Area)"," ","800","Quantity indexes for real GDP by metropolitan area","2","..."," Private industries",83.550,85.955,88.744,91.181,91.582,96.542,102.104,105.392,100.000,100.021,102.650,112.861,117.150,121.967,120.421
"10180","Abilene, TX (Metropolitan Statistical Area)"," ","800","Quantity indexes for real GDP by metropolitan area","3","11","  Agriculture, forestry, fishing, and hunting","(D)","(D)","(D)","(D)","(D)","(D)","(D)","(D)","(D)","(D)","(D)","(D)","(D)","(D)","(D)"
"10180","Abilene, TX (Metropolitan Statistical Area)"," ","800","Quantity indexes for real GDP by metropolitan area","4","111-112","   Farms",232.135,120.829,204.463,227.244,203.227,73.756,208.121,59.015,100.000,270.660,205.339,69.886,232.715,146.000,"(NA)"
"10180","Abilene, TX (Metropolitan Statistical Area)"," ","800","Quantity indexes for real GDP by metropolitan area","5","113-115","   Forestry, fishing, and related activities","(D)","(D)","(D)","(D)","(D)","(D)","(D)","(D)","(D)","(D)","(D)","(D)","(D)","(D)","(NA)"
"10180","Abilene, TX (Metropolitan Statistical Area)"," ","800","Quantity indexes for real GDP by metropolitan area","6","21","  Mining",78.435,76.570,81.567,79.426,81.950,98.023,106.584,121.624,100.000,"(D)",118.549,156.013,164.037,172.179,171.625
"10180","Abilene, TX (Metropolitan Statistical Area)"," ","800","Quantity indexes for real GDP by metropolitan area","7","211","   Oil and gas extraction","(D)","(D)","(D)","(D)","(D)","(D)","(D)","(D)","(D)","(D)","(D)","(D)","(D)","(D)","(NA)"
"10180","Abilene, TX (Metropolitan Statistical Area)"," ","800","Quantity indexes for real GDP by metropolitan area","8","212","   Mining, except oil and gas","(D)","(D)","(D)","(D)","(D)","(D)","(D)","(D)","(D)","(D)","(D)","(D)","(D)","(D)","(NA)"
"10180","Abilene, TX (Metropolitan Statistical Area)"," ","800","Quantity indexes for real GDP by metropolitan area","9","213","   Support activities for mining","(D)","(D)","(D)","(D)",77.856,136.180,135.168,164.065,100.000,112.281,136.342,155.510,158.860,156.888,"(NA)"
"10180","Abilene, TX (Metropolitan Statistical Area)"," ","800","Quantity indexes for real GDP by metropolitan area","10","22","  Utilities","(D)","(D)","(D)","(D)","(D)","(D)","(D)","(D)","(D)","(D)","(D)","(D)","(D)","(D)","(D)"
"10180","Abilene, TX (Metropolitan Statistical Area)"," ","800","Quantity indexes for real GDP by metropolitan area","11","23","  Construction",80.248,80.942,80.352,78.478,81.645,82.744,87.962,105.555,100.000,88.813,90.815,97.393,105.779,111.699,106.226
"10180","Abilene, TX (Metropolitan Statistical Area)"," ","800","Quantity indexes for real GDP by metropolitan area","12","31-33","  Manufacturing",82.261,82.676,76.584,88.678,94.000,101.320,112.662,108.405,100.000,98.502,91.695,93.446,99.683,102.082,104.764
"10180","Abilene, TX (Metropolitan Statistical Area)"," ","800","Quantity indexes for real GDP by metropolitan area","13","...","   Durable goods manufacturing","(D)","(D)","(D)","(D)","(D)","(D)","(D)","(D)","(D)","(D)","(D)","(D)","(D)","(D)","(D)"
"10180","Abilene, TX (Metropolitan Statistical Area)"," ","800","Quantity indexes for real GDP by metropolitan area","14","321","    Wood products manufacturing","(D)","(D)","(D)","(D)","(D)","(D)","(D)","(D)","(D)","(D)","(D)","(D)","(D)","(D)","(NA)"
"10180","Abilene, TX (Metropolitan Statistical Area)"," ","800","Quantity indexes for real GDP by metropolitan area","15","327","    Nonmetallic mineral products manufacturing","(D)","(D)","(D)","(D)","(D)","(D)","(D)","(D)","(D)","(D)","(D)","(D)","(D)","(D)","(NA)"
"10180","Abilene, TX (Metropolitan Statistical Area)"," ","800","Quantity indexes for real GDP by metropolitan area","16","331","    Primary metals manufacturing","(D)","(D)","(D)","(D)","(D)","(D)","(D)","(D)","(D)","(D)","(D)","(D)","(D)","(D)","(NA)"
"10180","Abilene, TX (Metropolitan Statistical Area)"," ","800","Quantity indexes for real GDP by metropolitan area","17","332","    Fabricated metal products","(D)","(D)","(D)","(D)","(D)","(D)","(D)",139.404,100.000,"(D)","(D)","(D)",146.051,"(D)","(NA)"
"10180","Abilene, TX (Metropolitan Statistical Area)"," ","800","Quantity indexes for real GDP by metropolitan area","18","333","    Machinery manufacturing","(D)","(D)","(D)","(D)","(D)","(D)","(D)","(D)","(D)","(D)","(D)","(D)","(D)","(D)","(NA)"
"10180","Abilene, TX (Metropolitan Statistical Area)"," ","800","Quantity indexes for real GDP by metropolitan area","19","334","    Computer and electronic products manufacturing","(D)",116.279,120.282,166.094,173.725,220.755,187.551,218.316,100.000,"(D)","(D)","(D)",114.653,112.805,"(NA)"
"10180","Abilene, TX (Metropolitan Statistical Area)"," ","800","Quantity indexes for real GDP by metropolitan area","20","335","    Electrical equipment, appliance, and components manufacturing","(D)","(D)","(D)","(D)","(D)","(D)","(D)","(D)","(D)","(D)","(D)","(D)","(D)","(D)","(NA)"
"10180","Abilene, TX (Metropolitan Statistical Area)"," ","800","Quantity indexes for real GDP by metropolitan area","21","3361-3363","    Motor vehicles, bodies and trailers, and parts manufacturing","(D)","(D)","(D)","(D)","(D)","(D)","(D)","(D)","(D)","(D)","(D)","(D)","(D)","(D)","(NA)"
"10180","Abilene, TX (Metropolitan Statistical Area)"," ","800","Quantity indexes for real GDP by metropolitan area","22","3364-3366, 3369","    Other transportation equipment manufacturing","(D)","(D)","(D)","(D)","(D)","(D)","(D)","(D)","(D)","(D)","(D)","(D)","(D)","(D)","(NA)"
"10180","Abilene, TX (Metropolitan Statistical Area)"," ","800","Quantity indexes for real GDP by metropolitan area","23","337","    Furniture and related products manufacturing","(D)","(D)","(D)","(D)","(D)","(D)","(D)","(D)","(D)","(D)","(D)","(D)","(D)","(D)","(NA)"
"10180","Abilene, TX (Metropolitan Statistical Area)"," ","800","Quantity indexes for real GDP by metropolitan area","24","339","    Miscellaneous manufacturing","(D)","(D)","(D)","(D)","(D)","(D)",106.645,108.739,100.000,77.956,65.987,53.561,"(D)","(D)","(NA)"
"10180","Abilene, TX (Metropolitan Statistical Area)"," ","800","Quantity indexes for real GDP by metropolitan area","25","...","   Nondurable goods manufacturing","(D)","(D)","(D)","(D)","(D)","(D)","(D)","(D)","(D)","(D)","(D)","(D)","(D)","(D)","(D)"
"10180","Abilene, TX (Metropolitan Statistical Area)"," ","800","Quantity indexes for real GDP by metropolitan area","26","311-312","    Food and beverage and tobacco products manufacturing","(D)","(D)","(D)","(D)","(D)","(D)","(D)","(D)","(D)","(D)","(D)","(D)","(D)","(D)","(NA)"
"10180","Abilene, TX (Metropolitan Statistical Area)"," ","800","Quantity indexes for real GDP by metropolitan area","27","313-314","    Textile mills and textile product mills","(D)","(D)","(D)","(D)","(D)","(D)","(D)","(D)","(D)","(D)","(D)","(D)","(D)","(D)","(NA)"
"10180","Abilene, TX (Metropolitan Statistical Area)"," ","800","Quantity indexes for real GDP by metropolitan area","28","315-316","    Apparel and leather and allied products manufacturing","(D)","(D)","(D)","(D)","(D)","(D)","(D)","(D)","(D)","(D)","(D)","(D)","(D)","(D)","(NA)"
"10180","Abilene, TX (Metropolitan Statistical Area)"," ","800","Quantity indexes for real GDP by metropolitan area","29","322","    Paper products manufacturing","(D)","(D)","(D)","(D)","(D)","(D)","(D)","(D)","(D)","(D)","(D)","(D)","(D)","(D)","(NA)"
"10180","Abilene, TX (Metropolitan Statistical Area)"," ","800","Quantity indexes for real GDP by metropolitan area","30","323","    Printing and related support activities","(D)","(D)","(D)","(D)","(D)","(D)","(D)","(D)","(D)","(D)","(D)","(D)","(D)","(D)","(NA)"
"10180","Abilene, TX (Metropolitan Statistical Area)"," ","800","Quantity indexes for real GDP by metropolitan area","31","324","    Petroleum and coal products manufacturing","(D)","(D)","(D)","(D)","(D)","(D)","(D)","(D)","(D)","(D)","(D)","(D)","(D)","(D)","(NA)"
"10180","Abilene, TX (Metropolitan Statistical Area)"," ","800","Quantity indexes for real GDP by metropolitan area","32","325","    Chemical products manufacturing","(D)",22.611,"(D)","(D)",44.221,"(D)","(D)",99.449,100.000,121.374,118.832,"(D)","(D)","(D)","(NA)"
"10180","Abilene, TX (Metropolitan Statistical Area)"," ","800","Quantity indexes for real GDP by metropolitan area","33","326","    Plastics and rubber products manufacturing","(D)","(D)","(D)","(D)","(D)","(D)","(D)","(D)","(D)","(D)","(D)","(D)","(D)","(D)","(NA)"
"10180","Abilene, TX (Metropolitan Statistical Area)"," ","800","Quantity indexes for real GDP by metropolitan area","34","42","  Wholesale trade",101.102,120.852,126.449,140.464,118.616,126.829,132.705,112.840,100.000,104.384,114.066,130.256,143.299,157.847,136.131
"10180","Abilene, TX (Metropolitan Statistical Area)"," ","800","Quantity indexes for real GDP by metropolitan area","35","44-45","  Retail trade",92.439,90.109,94.541,94.599,101.613,104.040,104.812,105.178,100.000,102.412,102.322,106.102,107.936,112.630,114.779
"10180","Abilene, TX (Metropolitan Statistical Area)"," ","800","Quantity indexes for real GDP by metropolitan area","36","48-49","  Transportation and warehousing","(D)","(D)","(D)","(D)","(D)","(D)","(D)","(D)","(D)","(D)","(D)","(D)","(D)","(D)","(D)"
"10180","Abilene, TX (Metropolitan Statistical Area)"," ","800","Quantity indexes for real GDP by metropolitan area","37","481","   Air transportation","(D)","(D)",61.495,75.845,"(D)",89.359,98.688,98.012,100.000,91.328,"(D)","(D)","(D)","(D)","(NA)"
"10180","Abilene, TX (Metropolitan Statistical Area)"," ","800","Quantity indexes for real GDP by metropolitan area","38","482","   Rail transportation",88.658,88.014,97.772,108.179,102.326,117.613,128.364,141.108,100.000,111.939,122.350,171.224,163.294,166.180,"(NA)"
"10180","Abilene, TX (Metropolitan Statistical Area)"," ","800","Quantity indexes for real GDP by metropolitan area","39","483","   Water transportation",25.485,5.743,16.653,30.525,30.495,128.847,224.507,183.265,100.000,69.975,3.963,634.203,8148.571,8300.391,"(NA)"
"10180","Abilene, TX (Metropolitan Statistical Area)"," ","800","Quantity indexes for real GDP by metropolitan area","40","484","   Truck transportation",81.530,87.862,85.580,"(D)",97.498,103.093,112.348,"(D)",100.000,107.577,"(D)",110.648,112.274,"(D)","(NA)"
"10180","Abilene, TX (Metropolitan Statistical Area)"," ","800","Quantity indexes for real GDP by metropolitan area","41","485","   Transit and ground passenger transportation",472.824,209.937,196.176,139.508,"(D)","(D)",112.684,"(D)",100.000,"(D)","(D)",87.675,"(D)","(D)","(NA)"
"10180","Abilene, TX (Metropolitan Statistical Area)"," ","800","Quantity indexes for real GDP by metropolitan area","42","486","   Pipeline transportation","(D)","(D)","(D)","(D)","(D)","(D)","(D)","(D)","(D)","(D)","(D)","(D)","(D)","(D)","(NA)"
"10180","Abilene, TX (Metropolitan Statistical Area)"," ","800","Quantity indexes for real GDP by metropolitan area","43","487-488, 492","   Other transportation and support activities","(D)","(D)","(D)","(D)","(D)","(D)","(D)","(D)","(D)","(D)","(D)","(D)","(D)","(D)","(NA)"
"10180","Abilene, TX (Metropolitan Statistical Area)"," ","800","Quantity indexes for real GDP by metropolitan area","44","493","   Warehousing and storage","(D)","(D)","(D)","(D)","(D)","(D)","(D)","(D)","(D)","(D)","(D)","(D)","(D)","(D)","(NA)"
"10180","Abilene, TX (Metropolitan Statistical Area)"," ","800","Quantity indexes for real GDP by metropolitan area","45","51","  Information","(D)","(D)","(D)","(D)","(D)","(D)","(D)","(D)","(D)","(D)","(D)","(D)","(D)","(D)","(D)"
"10180","Abilene, TX (Metropolitan Statistical Area)"," ","800","Quantity indexes for real GDP by metropolitan area","46","511","   Publishing industries, except Internet (includes software)","(D)","(D)","(D)","(D)","(D)","(D)","(D)","(D)","(D)","(D)","(D)","(D)","(D)","(D)","(NA)"
"10180","Abilene, TX (Metropolitan Statistical Area)"," ","800","Quantity indexes for real GDP by metropolitan area","47","512","   Motion picture and sound recording industries","(D)","(D)","(D)","(D)","(D)","(D)","(D)","(D)","(D)","(D)","(D)","(D)","(D)","(D)","(NA)"
"10180","Abilene, TX (Metropolitan Statistical Area)"," ","800","Quantity indexes for real GDP by metropolitan area","48","515, 517","   Broadcasting and telecommunications","(D)","(D)","(D)","(D)","(D)","(D)","(D)","(D)","(D)","(D)","(D)","(D)","(D)","(D)","(NA)"
"10180","Abilene, TX (Metropolitan Statistical Area)"," ","800","Quantity indexes for real GDP by metropolitan area","49","518, 519","   Data processing, internet publishing, and other information services","(D)","(D)","(D)","(D)","(D)","(D)","(D)","(D)","(D)","(D)","(D)","(D)","(D)","(D)","(NA)"
"10180","Abilene, TX (Metropolitan Statistical Area)"," ","800","Quantity indexes for real GDP by metropolitan area","50","52, 53","  Finance, insurance, real estate, rental, and leasing",62.141,73.543,73.671,69.763,72.466,79.497,86.772,94.473,100.000,95.437,93.782,109.522,98.422,97.608,95.347
"10180","Abilene, TX (Metropolitan Statistical Area)"," ","800","Quantity indexes for real GDP by metropolitan area","51","52","   Finance and insurance",78.325,86.211,81.488,77.101,81.758,86.273,91.844,98.061,100.000,104.124,111.009,131.434,124.262,126.691,114.881
"10180","Abilene, TX (Metropolitan Statistical Area)"," ","800","Quantity indexes for real GDP by metropolitan area","52","521-522","    Federal Reserve banks, credit intermediation, and related services",82.069,95.681,87.099,74.048,86.832,87.587,83.294,89.665,100.000,95.560,97.293,132.398,104.937,102.437,"(NA)"
"10180","Abilene, TX (Metropolitan Statistical Area)"," ","800","Quantity indexes for real GDP by metropolitan area","53","523","    Securities, commodity contracts, and investments","(D)","(D)","(D)","(D)","(D)","(D)","(D)","(D)","(D)","(D)","(D)","(D)","(D)","(D)","(NA)"
"10180","Abilene, TX (Metropolitan Statistical Area)"," ","800","Quantity indexes for real GDP by metropolitan area","54","524","    Insurance carriers and related activities","(D)","(D)","(D)","(D)","(D)","(D)","(D)","(D)","(D)","(D)","(D)","(D)","(D)","(D)","(NA)"
"10180","Abilene, TX (Metropolitan Statistical Area)"," ","800","Quantity indexes for real GDP by metropolitan area","55","525","    Funds, trusts, and other financial vehicles","(D)","(D)","(D)","(D)","(D)","(D)","(D)","(D)",100.000,359.827,1137.599,2177.952,2429.818,2660.972,"(NA)"
"10180","Abilene, TX (Metropolitan Statistical Area)"," ","800","Quantity indexes for real GDP by metropolitan area","56","53","   Real estate and rental and leasing",50.249,64.306,68.050,64.490,65.732,74.660,83.212,92.002,100.000,89.578,82.021,94.525,80.550,77.392,82.071
"10180","Abilene, TX (Metropolitan Statistical Area)"," ","800","Quantity indexes for real GDP by metropolitan area","57","531","    Real estate","(D)","(D)","(D)","(D)","(D)","(D)","(D)","(D)","(D)","(D)","(D)","(D)","(D)","(D)","(NA)"
"10180","Abilene, TX (Metropolitan Statistical Area)"," ","800","Quantity indexes for real GDP by metropolitan area","58","532-533","    Rental and leasing services and lessors of intangible assets","(D)","(D)","(D)","(D)","(D)","(D)","(D)","(D)","(D)","(D)","(D)","(D)","(D)","(D)","(NA)"
"10180","Abilene, TX (Metropolitan Statistical Area)"," ","800","Quantity indexes for real GDP by metropolitan area","59","54, 55, 56","  Professional and business services",79.612,78.620,84.122,85.081,88.356,"(D)",93.740,105.933,100.000,100.606,109.322,112.710,114.080,124.068,121.255
"10180","Abilene, TX (Metropolitan Statistical Area)"," ","800","Quantity indexes for real GDP by metropolitan area","60","54","   Professional, scientific, and technical services","(D)","(D)","(D)","(D)","(D)","(D)","(D)","(D)","(D)","(D)","(D)","(D)","(D)","(D)","(D)"
"10180","Abilene, TX (Metropolitan Statistical Area)"," ","800","Quantity indexes for real GDP by metropolitan area","64","55","   Management of companies and enterprises","(D)","(D)","(D)","(D)","(D)","(D)","(D)","(D)","(D)","(D)","(D)","(D)","(D)","(D)","(D)"
"10180","Abilene, TX (Metropolitan Statistical Area)"," ","800","Quantity indexes for real GDP by metropolitan area","65","56","   Administrative and waste management services","(D)","(D)","(D)","(D)","(D)","(D)","(D)","(D)","(D)","(D)","(D)","(D)","(D)","(D)","(D)"
"10180","Abilene, TX (Metropolitan Statistical Area)"," ","800","Quantity indexes for real GDP by metropolitan area","66","561","    Administrative and support services","(D)","(D)","(D)","(D)","(D)","(D)","(D)","(D)","(D)","(D)","(D)","(D)","(D)","(D)","(NA)"
"10180","Abilene, TX (Metropolitan Statistical Area)"," ","800","Quantity indexes for real GDP by metropolitan area","67","562","    Waste management and remediation services","(D)","(D)","(D)","(D)","(D)","(D)","(D)","(D)","(D)","(D)","(D)","(D)","(D)","(D)","(NA)"
"10180","Abilene, TX (Metropolitan Statistical Area)"," ","800","Quantity indexes for real GDP by metropolitan area","68","61, 62","  Educational services, health care, and social assistance",83.865,85.832,90.247,95.356,"(D)",93.985,"(D)",95.899,100.000,99.051,97.064,97.809,96.652,98.712,103.883
"10180","Abilene, TX (Metropolitan Statistical Area)"," ","800","Quantity indexes for real GDP by metropolitan area","69","61","   Educational services","(D)","(D)","(D)","(D)","(D)","(D)","(D)","(D)","(D)","(D)","(D)","(D)","(D)","(D)","(D)"
"10180","Abilene, TX (Metropolitan Statistical Area)"," ","800","Quantity indexes for real GDP by metropolitan area","70","62","   Health care and social assistance","(D)","(D)","(D)","(D)","(D)","(D)","(D)","(D)","(D)","(D)","(D)","(D)","(D)","(D)","(D)"
"10180","Abilene, TX (Metropolitan Statistical Area)"," ","800","Quantity indexes for real GDP by metropolitan area","71","621","    Ambulatory health care services",76.983,81.592,82.248,86.914,94.542,100.010,96.796,97.913,100.000,96.925,94.607,97.995,"(D)","(D)","(NA)"
"10180","Abilene, TX (Metropolitan Statistical Area)"," ","800","Quantity indexes for real GDP by metropolitan area","72","622-623","    Hospitals and nursing and residential care facilities","(D)","(D)","(D)","(D)","(D)","(D)","(D)","(D)","(D)","(D)","(D)","(D)","(D)","(D)","(NA)"
"10180","Abilene, TX (Metropolitan Statistical Area)"," ","800","Quantity indexes for real GDP by metropolitan area","73","624","    Social assistance","(D)","(D)","(D)","(D)","(D)","(D)","(D)","(D)","(D)","(D)","(D)","(D)","(D)","(D)","(NA)"
"10180","Abilene, TX (Metropolitan Statistical Area)"," ","800","Quantity indexes for real GDP by metropolitan area","74","71, 72","  Arts, entertainment, recreation, accommodation, and food services",92.237,91.759,92.768,96.863,100.887,103.215,103.008,104.093,100.000,101.685,108.195,113.927,"(D)","(D)","(D)"
"10180","Abilene, TX (Metropolitan Statistical Area)"," ","800","Quantity indexes for real GDP by metropolitan area","75","71","   Arts, entertainment, and recreation","(D)","(D)","(D)","(D)","(D)","(D)","(D)","(D)","(D)","(D)","(D)","(D)","(D)","(D)","(D)"
"10180","Abilene, TX (Metropolitan Statistical Area)"," ","800","Quantity indexes for real GDP by metropolitan area","76","711-712","    Performing arts, spectator sports, museums, and related activities","(D)","(D)","(D)","(D)","(D)","(D)","(D)","(D)","(D)","(D)","(D)","(D)","(D)","(D)","(NA)"
"10180","Abilene, TX (Metropolitan Statistical Area)"," ","800","Quantity indexes for real GDP by metropolitan area","77","713","    Amusements, gambling, and recreation industries","(D)","(D)","(D)","(D)","(D)","(D)","(D)","(D)","(D)","(D)","(D)","(D)","(D)","(D)","(NA)"
"10180","Abilene, TX (Metropolitan Statistical Area)"," ","800","Quantity indexes for real GDP by metropolitan area","78","72","   Accommodation and food services","(D)","(D)","(D)","(D)","(D)","(D)","(D)","(D)","(D)","(D)","(D)","(D)","(D)","(D)","(D)"
"10180","Abilene, TX (Metropolitan Statistical Area)"," ","800","Quantity indexes for real GDP by metropolitan area","79","721","    Accommodation","(D)","(D)","(D)","(D)","(D)","(D)","(D)","(D)","(D)","(D)","(D)","(D)","(D)","(D)","(NA)"
"10180","Abilene, TX (Metropolitan Statistical Area)"," ","800","Quantity indexes for real GDP by metropolitan area","80","722","    Food services and drinking places","(D)","(D)","(D)","(D)","(D)",106.460,100.806,102.554,100.000,"(D)",103.413,109.762,109.134,120.964,"(NA)"
"10180","Abilene, TX (Metropolitan Statistical Area)"," ","800","Quantity indexes for real GDP by metropolitan area","81","81","  Other services, except government",121.184,119.878,117.130,118.226,108.309,105.783,102.535,104.451,100.000,99.252,98.681,105.075,113.059,117.599,118.507
"10180","Abilene, TX (Metropolitan Statistical Area)"," ","800","Quantity indexes for real GDP by metropolitan area","82","92"," Government",102.865,107.336,105.813,105.034,101.927,101.377,100.000,97.990,100.000,102.593,101.165,101.587,99.170,98.783,99.436
"10180","Abilene, TX (Metropolitan Statistical Area)"," ","800","Quantity indexes for real GDP by metropolitan area","83","...","  Federal civilian",102.085,101.688,98.068,93.428,94.646,103.169,101.632,98.145,100.000,103.039,98.088,95.402,87.499,85.097,"(NA)"
"10180","Abilene, TX (Metropolitan Statistical Area)"," ","800","Quantity indexes for real GDP by metropolitan area","84","...","  Federal military",94.979,108.738,107.767,111.500,105.798,103.941,99.603,97.200,100.000,102.592,101.607,100.677,96.589,96.401,"(NA)"
"10180","Abilene, TX (Metropolitan Statistical Area)"," ","800","Quantity indexes for real GDP by metropolitan area","85","...","  State and local",108.344,107.143,105.602,102.166,100.220,99.001,100.468,98.551,100.000,102.515,101.397,103.363,103.121,102.950,"(NA)"
"10180","Abilene, TX (Metropolitan Statistical Area)"," ","800","Quantity indexes for real GDP by metropolitan area","86","11, 21","Natural resources and mining","(D)","(D)","(D)","(D)","(D)","(D)","(D)","(D)","(D)","(D)","(D)","(D)","(D)","(D)","(D)"
"10180","Abilene, TX (Metropolitan Statistical Area)"," ","800","Quantity indexes for real GDP by metropolitan area","87","42, 44-45","Trade",95.984,102.318,107.215,112.752,108.405,113.118,115.879,108.273,100.000,103.227,107.195,116.140,122.643,131.437,123.696
"10180","Abilene, TX (Metropolitan Statistical Area)"," ","800","Quantity indexes for real GDP by metropolitan area","88","...","Transportation and utilities",109.947,104.093,101.488,101.887,100.613,105.231,108.458,"(D)",100.000,102.316,96.335,105.193,115.133,117.992,111.948
"10180","Abilene, TX (Metropolitan Statistical Area)"," ","800","Quantity indexes for real GDP by metropolitan area","89","...","Private goods-producing industries","(D)","(D)","(D)","(D)","(D)","(D)","(D)","(D)","(D)","(D)","(D)","(D)","(D)","(D)","(D)"
"10180","Abilene, TX (Metropolitan Statistical Area)"," ","800","Quantity indexes for real GDP by metropolitan area","90","...","Private services-providing industries","(D)","(D)","(D)","(D)","(D)","(D)","(D)","(D)","(D)","(D)","(D)","(D)","(D)","(D)","(D)"
"10180","Abilene, TX (Metropolitan Statistical Area)"," ","900","Real GDP by metropolitan area","1","...","All industry total",4666,4817,4916,5008,4989,5189,5404,5517,5317,5349,5440,5867,6016,6210,6155
"10180","Abilene, TX (Metropolitan Statistical Area)"," ","900","Real GDP by metropolitan area","2","..."," Private industries",3439,3538,3653,3753,3770,3974,4203,4338,4116,4117,4225,4646,4822,5021,4957
"10180","Abilene, TX (Metropolitan Statistical Area)"," ","900","Real GDP by metropolitan area","3","11","  Agriculture, forestry, fishing, and hunting","(D)","(D)","(D)","(D)",54,26,55,22,"(D)","(D)","(D)","(D)","(D)","(D)","(D)"
"10180","Abilene, TX (Metropolitan Statistical Area)"," ","900","Real GDP by metropolitan area","4","111-112","   Farms",49,25,43,48,43,15,44,12,21,57,43,15,49,31,"(NA)"
"10180","Abilene, TX (Metropolitan Statistical Area)"," ","900","Real GDP by metropolitan area","5","113-115","   Forestry, fishing, and related activities","(D)","(D)","(D)","(D)",9,9,9,10,"(D)","(D)","(D)","(D)","(D)","(D)","(NA)"
"10180","Abilene, TX (Metropolitan Statistical Area)"," ","900","Real GDP by metropolitan area","6","21","  Mining",389,380,405,394,407,487,529,604,496,"(D)",588,774,814,855,852
"10180","Abilene, TX (Metropolitan Statistical Area)"," ","900","Real GDP by metropolitan area","7","211","   Oil and gas extraction","(D)","(D)","(D)","(D)","(D)","(D)","(D)","(D)","(D)","(D)","(D)","(D)","(D)","(D)","(NA)"
"10180","Abilene, TX (Metropolitan Statistical Area)"," ","900","Real GDP by metropolitan area","8","212","   Mining, except oil and gas","(D)","(D)","(D)","(D)","(D)","(D)","(D)","(D)","(D)","(D)","(D)","(D)","(D)","(D)","(NA)"
"10180","Abilene, TX (Metropolitan Statistical Area)"," ","900","Real GDP by metropolitan area","9","213","   Support activities for mining","(D)","(D)","(D)","(D)",109,190,189,229,140,157,190,217,222,219,"(NA)"
"10180","Abilene, TX (Metropolitan Statistical Area)"," ","900","Real GDP by metropolitan area","10","22","  Utilities","(D)","(D)",153,148,142,147,151,"(D)","(D)","(D)",116,119,127,123,121
"10180","Abilene, TX (Metropolitan Statistical Area)"," ","900","Real GDP by metropolitan area","11","23","  Construction",241,243,241,236,245,248,264,317,300,267,273,292,318,335,319
"10180","Abilene, TX (Metropolitan Statistical Area)"," ","900","Real GDP by metropolitan area","12","31-33","  Manufacturing",231,232,215,249,264,285,317,305,281,277,258,263,280,287,295
"10180","Abilene, TX (Metropolitan Statistical Area)"," ","900","Real GDP by metropolitan area","13","...","   Durable goods manufacturing","(D)","(D)","(D)","(D)","(D)","(D)","(D)","(D)","(D)",137,142,151,163,174,177
"10180","Abilene, TX (Metropolitan Statistical Area)"," ","900","Real GDP by metropolitan area","14","321","    Wood products manufacturing","(D)","(D)","(D)","(D)","(D)","(D)","(D)","(D)","(D)","(D)","(D)","(D)","(D)","(D)","(NA)"
"10180","Abilene, TX (Metropolitan Statistical Area)"," ","900","Real GDP by metropolitan area","15","327","    Nonmetallic mineral products manufacturing","(D)","(D)","(D)","(D)","(D)","(D)","(D)",18,"(D)","(D)","(D)","(D)","(D)","(D)","(NA)"
"10180","Abilene, TX (Metropolitan Statistical Area)"," ","900","Real GDP by metropolitan area","16","331","    Primary metals manufacturing","(D)","(D)","(D)","(D)","(D)","(D)","(D)","(D)","(D)","(D)",1,"(D)","(L)","(L)","(NA)"
"10180","Abilene, TX (Metropolitan Statistical Area)"," ","900","Real GDP by metropolitan area","17","332","    Fabricated metal products","(D)","(D)","(D)","(D)","(D)","(D)","(D)",52,37,"(D)","(D)","(D)",55,"(D)","(NA)"
"10180","Abilene, TX (Metropolitan Statistical Area)"," ","900","Real GDP by metropolitan area","18","333","    Machinery manufacturing","(D)","(D)","(D)","(D)","(D)","(D)","(D)","(D)","(D)","(D)",25,22,28,"(D)","(NA)"
"10180","Abilene, TX (Metropolitan Statistical Area)"," ","900","Real GDP by metropolitan area","19","334","    Computer and electronic products manufacturing","(D)",6,7,9,10,12,10,12,6,"(D)","(D)","(D)",6,6,"(NA)"
"10180","Abilene, TX (Metropolitan Statistical Area)"," ","900","Real GDP by metropolitan area","20","335","    Electrical equipment, appliance, and components manufacturing","(D)","(D)","(D)","(D)","(D)","(D)","(D)","(D)","(D)","(D)","(D)","(D)","(D)","(D)","(NA)"
"10180","Abilene, TX (Metropolitan Statistical Area)"," ","900","Real GDP by metropolitan area","21","3361-3363","    Motor vehicles, bodies and trailers, and parts manufacturing","(D)","(D)","(D)","(D)","(D)","(D)","(D)","(D)","(D)",11,"(D)","(D)","(D)","(D)","(NA)"
"10180","Abilene, TX (Metropolitan Statistical Area)"," ","900","Real GDP by metropolitan area","22","3364-3366, 3369","    Other transportation equipment manufacturing","(D)","(D)","(D)","(D)","(D)","(D)","(D)","(D)","(D)","(D)","(D)","(D)","(D)","(D)","(NA)"
"10180","Abilene, TX (Metropolitan Statistical Area)"," ","900","Real GDP by metropolitan area","23","337","    Furniture and related products manufacturing","(D)","(D)","(D)","(D)","(D)","(D)","(D)","(D)","(D)","(D)","(D)","(D)","(D)","(D)","(NA)"
"10180","Abilene, TX (Metropolitan Statistical Area)"," ","900","Real GDP by metropolitan area","24","339","    Miscellaneous manufacturing","(D)","(D)","(D)","(D)","(D)","(D)",10,10,9,7,6,5,"(D)","(D)","(NA)"
"10180","Abilene, TX (Metropolitan Statistical Area)"," ","900","Real GDP by metropolitan area","25","...","   Nondurable goods manufacturing","(D)","(D)","(D)","(D)","(D)","(D)","(D)","(D)","(D)",140,116,112,118,114,119
"10180","Abilene, TX (Metropolitan Statistical Area)"," ","900","Real GDP by metropolitan area","26","311-312","    Food and beverage and tobacco products manufacturing","(D)","(D)","(D)","(D)","(D)","(D)","(D)","(D)","(D)","(D)","(D)","(D)","(D)","(D)","(NA)"
"10180","Abilene, TX (Metropolitan Statistical Area)"," ","900","Real GDP by metropolitan area","27","313-314","    Textile mills and textile product mills","(D)","(D)","(L)","(D)","(D)","(L)","(L)","(D)","(D)","(D)","(D)","(L)","(D)","(D)","(NA)"
"10180","Abilene, TX (Metropolitan Statistical Area)"," ","900","Real GDP by metropolitan area","28","315-316","    Apparel and leather and allied products manufacturing","(D)","(D)","(D)","(D)",1,1,1,1,"(D)","(D)","(D)","(D)",1,1,"(NA)"
"10180","Abilene, TX (Metropolitan Statistical Area)"," ","900","Real GDP by metropolitan area","29","322","    Paper products manufacturing","(D)","(D)","(D)","(D)","(D)","(D)","(D)","(D)","(D)","(D)","(D)","(D)","(D)","(D)","(NA)"
"10180","Abilene, TX (Metropolitan Statistical Area)"," ","900","Real GDP by metropolitan area","30","323","    Printing and related support activities",3,4,"(D)","(D)","(D)","(D)","(D)","(D)","(D)","(D)","(D)","(D)",4,4,"(NA)"
"10180","Abilene, TX (Metropolitan Statistical Area)"," ","900","Real GDP by metropolitan area","31","324","    Petroleum and coal products manufacturing","(D)","(D)","(L)","(L)","(L)","(D)","(D)","(D)","(D)","(D)","(D)","(D)","(D)","(D)","(NA)"
"10180","Abilene, TX (Metropolitan Statistical Area)"," ","900","Real GDP by metropolitan area","32","325","    Chemical products manufacturing","(D)",1,"(D)","(D)",2,"(D)","(D)",5,5,6,6,"(D)","(D)","(D)","(NA)"
"10180","Abilene, TX (Metropolitan Statistical Area)"," ","900","Real GDP by metropolitan area","33","326","    Plastics and rubber products manufacturing",16,16,19,23,"(D)","(D)","(D)","(D)","(D)","(D)","(D)","(D)",34,36,"(NA)"
"10180","Abilene, TX (Metropolitan Statistical Area)"," ","900","Real GDP by metropolitan area","34","42","  Wholesale trade",297,355,372,413,349,373,390,332,294,307,335,383,421,464,400
"10180","Abilene, TX (Metropolitan Statistical Area)"," ","900","Real GDP by metropolitan area","35","44-45","  Retail trade",389,379,398,398,428,438,441,443,421,431,431,447,454,474,483
"10180","Abilene, TX (Metropolitan Statistical Area)"," ","900","Real GDP by metropolitan area","36","48-49","  Transportation and warehousing","(D)","(D)",100,106,107,113,118,"(D)","(D)","(D)",123,140,157,167,154
"10180","Abilene, TX (Metropolitan Statistical Area)"," ","900","Real GDP by metropolitan area","37","481","   Air transportation","(D)","(D)",2,2,"(D)",3,3,3,3,3,"(D)","(D)","(D)","(D)","(NA)"
"10180","Abilene, TX (Metropolitan Statistical Area)"," ","900","Real GDP by metropolitan area","38","482","   Rail transportation",5,5,6,7,6,7,8,8,6,7,7,10,10,10,"(NA)"
"10180","Abilene, TX (Metropolitan Statistical Area)"," ","900","Real GDP by metropolitan area","39","483","   Water transportation","(L)","(L)","(L)","(L)","(L)","(L)","(L)","(L)","(L)","(L)","(L)",1,9,10,"(NA)"
"10180","Abilene, TX (Metropolitan Statistical Area)"," ","900","Real GDP by metropolitan area","40","484","   Truck transportation",43,46,45,"(D)",51,54,59,"(D)",52,56,"(D)",58,59,"(D)","(NA)"
"10180","Abilene, TX (Metropolitan Statistical Area)"," ","900","Real GDP by metropolitan area","41","485","   Transit and ground passenger transportation",17,8,7,5,"(D)","(D)",4,"(D)",4,"(D)","(D)",3,"(D)","(D)","(NA)"
"10180","Abilene, TX (Metropolitan Statistical Area)"," ","900","Real GDP by metropolitan area","42","486","   Pipeline transportation","(D)","(D)","(D)","(D)",9,10,"(D)","(D)","(D)","(D)",13,20,23,24,"(NA)"
"10180","Abilene, TX (Metropolitan Statistical Area)"," ","900","Real GDP by metropolitan area","43","487-488, 492","   Other transportation and support activities","(D)","(D)","(D)","(D)","(D)","(D)","(D)","(D)","(D)","(D)","(D)","(D)","(D)",54,"(NA)"
"10180","Abilene, TX (Metropolitan Statistical Area)"," ","900","Real GDP by metropolitan area","44","493","   Warehousing and storage","(D)","(D)","(D)","(D)","(D)","(D)","(D)","(D)","(D)","(D)","(D)","(D)","(D)","(D)","(NA)"
"10180","Abilene, TX (Metropolitan Statistical Area)"," ","900","Real GDP by metropolitan area","45","51","  Information","(D)","(D)","(D)","(D)","(D)","(D)","(D)","(D)","(D)","(D)","(D)","(D)",168,188,188
"10180","Abilene, TX (Metropolitan Statistical Area)"," ","900","Real GDP by metropolitan area","46","511","   Publishing industries, except Internet (includes software)","(D)","(D)","(D)","(D)","(D)","(D)","(D)","(D)","(D)","(D)","(D)","(D)",21,"(D)","(NA)"
"10180","Abilene, TX (Metropolitan Statistical Area)"," ","900","Real GDP by metropolitan area","47","512","   Motion picture and sound recording industries","(D)","(D)","(D)","(D)",7,7,8,6,"(D)",8,7,7,7,7,"(NA)"
"10180","Abilene, TX (Metropolitan Statistical Area)"," ","900","Real GDP by metropolitan area","48","515, 517","   Broadcasting and telecommunications","(D)","(D)","(D)","(D)","(D)","(D)","(D)","(D)","(D)","(D)","(D)","(D)","(D)","(D)","(NA)"
"10180","Abilene, TX (Metropolitan Statistical Area)"," ","900","Real GDP by metropolitan area","49","518, 519","   Data processing, internet publishing, and other information services","(D)","(D)","(D)","(D)",10,"(D)","(D)",10,"(D)","(D)","(D)","(D)","(D)",18,"(NA)"
"10180","Abilene, TX (Metropolitan Statistical Area)"," ","900","Real GDP by metropolitan area","50","52, 53","  Finance, insurance, real estate, rental, and leasing",361,428,429,406,422,462,505,550,582,555,546,637,573,568,555
"10180","Abilene, TX (Metropolitan Statistical Area)"," ","900","Real GDP by metropolitan area","51","52","   Finance and insurance",182,200,189,179,189,200,213,227,232,241,257,305,288,294,266
"10180","Abilene, TX (Metropolitan Statistical Area)"," ","900","Real GDP by metropolitan area","52","521-522","    Federal Reserve banks, credit intermediation, and related services",66,77,70,60,70,71,67,72,81,77,79,107,85,83,"(NA)"
"10180","Abilene, TX (Metropolitan Statistical Area)"," ","900","Real GDP by metropolitan area","53","523","    Securities, commodity contracts, and investments","(D)","(D)","(D)","(D)","(D)","(D)","(D)","(D)","(D)","(D)","(D)","(D)",23,"(D)","(NA)"
"10180","Abilene, TX (Metropolitan Statistical Area)"," ","900","Real GDP by metropolitan area","54","524","    Insurance carriers and related activities","(D)","(D)","(D)","(D)",90,95,129,136,"(D)","(D)","(D)","(D)",159,"(D)","(NA)"
"10180","Abilene, TX (Metropolitan Statistical Area)"," ","900","Real GDP by metropolitan area","55","525","    Funds, trusts, and other financial vehicles","(D)","(D)","(D)","(D)","(D)","(D)","(D)","(D)",1,3,10,20,22,24,"(NA)"
"10180","Abilene, TX (Metropolitan Statistical Area)"," ","900","Real GDP by metropolitan area","56","53","   Real estate and rental and leasing",176,225,238,226,230,261,291,322,350,313,287,331,282,271,287
"10180","Abilene, TX (Metropolitan Statistical Area)"," ","900","Real GDP by metropolitan area","57","531","    Real estate","(D)","(D)","(D)","(D)","(D)","(D)","(D)","(D)","(D)","(D)","(D)","(D)","(D)",155,"(NA)"
"10180","Abilene, TX (Metropolitan Statistical Area)"," ","900","Real GDP by metropolitan area","58","532-533","    Rental and leasing services and lessors of intangible assets","(D)","(D)","(D)","(D)","(D)","(D)","(D)","(D)","(D)","(D)","(D)","(D)","(D)",116,"(NA)"
"10180","Abilene, TX (Metropolitan Statistical Area)"," ","900","Real GDP by metropolitan area","59","54, 55, 56","  Professional and business services",234,232,248,251,260,"(D)",276,312,295,296,322,332,336,365,357
"10180","Abilene, TX (Metropolitan Statistical Area)"," ","900","Real GDP by metropolitan area","60","54","   Professional, scientific, and technical services","(D)","(D)",142,141,"(D)","(D)","(D)","(D)","(D)","(D)","(D)","(D)",197,212,206
"10180","Abilene, TX (Metropolitan Statistical Area)"," ","900","Real GDP by metropolitan area","64","55","   Management of companies and enterprises","(D)","(D)","(D)","(D)","(D)","(D)","(D)","(D)","(D)","(D)","(D)","(D)","(D)","(D)","(D)"
"10180","Abilene, TX (Metropolitan Statistical Area)"," ","900","Real GDP by metropolitan area","65","56","   Administrative and waste management services","(D)","(D)","(D)","(D)","(D)",114,"(D)","(D)","(D)","(D)","(D)","(D)","(D)","(D)","(D)"
"10180","Abilene, TX (Metropolitan Statistical Area)"," ","900","Real GDP by metropolitan area","66","561","    Administrative and support services","(D)","(D)",77,"(D)","(D)","(D)","(D)","(D)","(D)","(D)","(D)","(D)",116,127,"(NA)"
"10180","Abilene, TX (Metropolitan Statistical Area)"," ","900","Real GDP by metropolitan area","67","562","    Waste management and remediation services","(D)","(D)","(D)","(D)","(D)","(D)","(D)","(D)","(D)","(D)","(D)","(D)","(D)","(D)","(NA)"
"10180","Abilene, TX (Metropolitan Statistical Area)"," ","900","Real GDP by metropolitan area","68","61, 62","  Educational services, health care, and social assistance",566,579,609,644,"(D)",634,"(D)",647,675,668,655,660,652,666,701
"10180","Abilene, TX (Metropolitan Statistical Area)"," ","900","Real GDP by metropolitan area","69","61","   Educational services","(D)","(D)","(D)","(D)","(D)","(D)","(D)","(D)","(D)","(D)","(D)","(D)",109,112,115
"10180","Abilene, TX (Metropolitan Statistical Area)"," ","900","Real GDP by metropolitan area","70","62","   Health care and social assistance","(D)","(D)","(D)","(D)","(D)","(D)","(D)","(D)","(D)","(D)","(D)","(D)",543,555,587
"10180","Abilene, TX (Metropolitan Statistical Area)"," ","900","Real GDP by metropolitan area","71","621","    Ambulatory health care services",208,221,223,235,256,271,262,265,271,262,256,265,"(D)","(D)","(NA)"
"10180","Abilene, TX (Metropolitan Statistical Area)"," ","900","Real GDP by metropolitan area","72","622-623","    Hospitals and nursing and residential care facilities",228,232,"(D)",272,"(D)","(D)","(D)","(D)","(D)","(D)","(D)","(D)","(D)","(D)","(NA)"
"10180","Abilene, TX (Metropolitan Statistical Area)"," ","900","Real GDP by metropolitan area","73","624","    Social assistance","(D)","(D)",23,"(D)","(D)","(D)","(D)","(D)","(D)","(D)","(D)","(D)","(D)","(D)","(NA)"
"10180","Abilene, TX (Metropolitan Statistical Area)"," ","900","Real GDP by metropolitan area","74","71, 72","  Arts, entertainment, recreation, accommodation, and food services",178,178,179,187,195,200,199,201,193,197,209,220,"(D)","(D)","(D)"
"10180","Abilene, TX (Metropolitan Statistical Area)"," ","900","Real GDP by metropolitan area","75","71","   Arts, entertainment, and recreation","(D)","(D)","(D)","(D)","(D)","(D)","(D)","(D)","(D)","(D)","(D)","(D)","(D)","(D)","(D)"
"10180","Abilene, TX (Metropolitan Statistical Area)"," ","900","Real GDP by metropolitan area","76","711-712","    Performing arts, spectator sports, museums, and related activities",7,7,8,"(D)","(D)","(D)","(D)","(D)","(D)","(D)","(D)","(D)",8,8,"(NA)"
"10180","Abilene, TX (Metropolitan Statistical Area)"," ","900","Real GDP by metropolitan area","77","713","    Amusements, gambling, and recreation industries","(D)","(D)","(D)","(D)","(D)","(D)","(D)","(D)","(D)","(D)","(D)","(D)","(D)","(D)","(NA)"
"10180","Abilene, TX (Metropolitan Statistical Area)"," ","900","Real GDP by metropolitan area","78","72","   Accommodation and food services","(D)","(D)","(D)","(D)","(D)","(D)","(D)","(D)","(D)","(D)","(D)","(D)","(D)","(D)","(D)"
"10180","Abilene, TX (Metropolitan Statistical Area)"," ","900","Real GDP by metropolitan area","79","721","    Accommodation","(D)","(D)","(D)","(D)","(D)","(D)","(D)","(D)","(D)","(D)","(D)","(D)","(D)","(D)","(NA)"
"10180","Abilene, TX (Metropolitan Statistical Area)"," ","900","Real GDP by metropolitan area","80","722","    Food services and drinking places","(D)","(D)","(D)","(D)","(D)",154,146,148,145,"(D)",149,159,158,175,"(NA)"
"10180","Abilene, TX (Metropolitan Statistical Area)"," ","900","Real GDP by metropolitan area","81","81","  Other services, except government",188,186,182,184,168,164,159,162,155,154,153,163,176,183,184
"10180","Abilene, TX (Metropolitan Statistical Area)"," ","900","Real GDP by metropolitan area","82","92"," Government",1235,1289,1270,1261,1224,1217,1200,1176,1200,1232,1214,1220,1190,1186,1194
"10180","Abilene, TX (Metropolitan Statistical Area)"," ","900","Real GDP by metropolitan area","83","...","  Federal civilian",114,114,110,104,106,115,114,110,112,115,110,107,98,95,"(NA)"
"10180","Abilene, TX (Metropolitan Statistical Area)"," ","900","Real GDP by metropolitan area","84","...","  Federal military",437,500,496,513,487,478,458,447,460,472,468,463,444,444,"(NA)"
"10180","Abilene, TX (Metropolitan Statistical Area)"," ","900","Real GDP by metropolitan area","85","...","  State and local",681,673,664,642,630,622,631,619,628,644,637,650,648,647,"(NA)"
"10180","Abilene, TX (Metropolitan Statistical Area)"," ","900","Real GDP by metropolitan area","86","11, 21","Natural resources and mining","(D)","(D)","(D)","(D)",455,512,580,627,"(D)","(D)","(D)","(D)","(D)","(D)","(D)"
"10180","Abilene, TX (Metropolitan Statistical Area)"," ","900","Real GDP by metropolitan area","87","42, 44-45","Trade",686,731,766,806,775,809,828,774,715,738,766,830,877,939,884
"10180","Abilene, TX (Metropolitan Statistical Area)"," ","900","Real GDP by metropolitan area","88","...","Transportation and utilities",272,258,251,252,249,261,269,"(D)",248,253,239,260,285,292,277
"10180","Abilene, TX (Metropolitan Statistical Area)"," ","900","Real GDP by metropolitan area","89","...","Private goods-producing industries","(D)","(D)","(D)","(D)",959,1046,1164,1257,"(D)",1113,"(D)","(D)","(D)","(D)","(D)"
"10180","Abilene, TX (Metropolitan Statistical Area)"," ","900","Real GDP by metropolitan area","90","...","Private services-providing industries","(D)","(D)","(D)","(D)",2823,2938,3039,3068,"(D)",3004,"(D)","(D)","(D)","(D)","(D)"
"10180","Abilene, TX (Metropolitan Statistical Area)"," ","1000","Per capita real GDP by metropolitan area","1","...","All industry total",29359,30294,30953,31270,31033,32152,33351,33949,32442,32291,32648,35022,35926,36835,36296
"Note: See the included footnote file."
NAICS Industry detail is based on the 2007 North American Industry Classification System (NAICS).
"Source: U.S. Department of Commerce / Bureau of Economic Analysis / Regional Product Division"
