"GeoFIPS","GeoName","Region","ComponentId","ComponentName","IndustryId","IndustryClassification","Description","2001","2002","2003","2004","2005","2006","2007","2008","2009","2010","2011","2012","2013","2014","2015"
"12540","Bakersfield, CA (Metropolitan Statistical Area)"," ","200","Gross domestic product (GDP) by metropolitan area","1","...","All industry total",16978,18491,20069,22406,25326,28207,31117,33114,30592,32617,34016,36210,37089,38347,35829
"12540","Bakersfield, CA (Metropolitan Statistical Area)"," ","200","Gross domestic product (GDP) by metropolitan area","2","..."," Private industries",12844,14086,15595,17711,20347,23040,25550,27358,24791,26631,27830,29887,30761,31838,29048
"12540","Bakersfield, CA (Metropolitan Statistical Area)"," ","200","Gross domestic product (GDP) by metropolitan area","3","11","  Agriculture, forestry, fishing, and hunting",1399,1747,1628,2342,2511,2477,2937,2453,2340,3250,3636,3852,4511,4481,4231
"12540","Bakersfield, CA (Metropolitan Statistical Area)"," ","200","Gross domestic product (GDP) by metropolitan area","4","111-112","   Farms",812,1134,1018,1703,1819,1517,1970,1479,1484,2279,2482,2438,2917,2728,"(NA)"
"12540","Bakersfield, CA (Metropolitan Statistical Area)"," ","200","Gross domestic product (GDP) by metropolitan area","5","113-115","   Forestry, fishing, and related activities",588,612,609,640,692,960,967,974,856,972,1154,1414,1595,1754,"(NA)"
"12540","Bakersfield, CA (Metropolitan Statistical Area)"," ","200","Gross domestic product (GDP) by metropolitan area","6","21","  Mining",1688,1843,1996,2258,3057,4352,5437,6490,5118,5937,5784,6350,5745,5721,3333
"12540","Bakersfield, CA (Metropolitan Statistical Area)"," ","200","Gross domestic product (GDP) by metropolitan area","7","211","   Oil and gas extraction",981,1273,1427,1643,2350,3330,4223,5125,4070,4869,4515,"(D)",4493,4432,"(NA)"
"12540","Bakersfield, CA (Metropolitan Statistical Area)"," ","200","Gross domestic product (GDP) by metropolitan area","8","212","   Mining, except oil and gas",179,178,171,200,213,257,278,289,320,234,238,"(D)",265,284,"(NA)"
"12540","Bakersfield, CA (Metropolitan Statistical Area)"," ","200","Gross domestic product (GDP) by metropolitan area","9","213","   Support activities for mining",528,392,398,414,495,765,937,1076,727,835,1031,"(D)",987,1005,"(NA)"
"12540","Bakersfield, CA (Metropolitan Statistical Area)"," ","200","Gross domestic product (GDP) by metropolitan area","10","22","  Utilities",240,360,452,467,457,519,585,578,645,669,691,583,597,581,522
"12540","Bakersfield, CA (Metropolitan Statistical Area)"," ","200","Gross domestic product (GDP) by metropolitan area","11","23","  Construction",845,885,974,1180,1466,1670,1693,1521,1279,1189,1369,1699,1746,1809,1596
"12540","Bakersfield, CA (Metropolitan Statistical Area)"," ","200","Gross domestic product (GDP) by metropolitan area","12","31-33","  Manufacturing",1120,958,1578,1906,2306,2551,2812,3752,2978,2643,2540,2530,2835,3284,3224
"12540","Bakersfield, CA (Metropolitan Statistical Area)"," ","200","Gross domestic product (GDP) by metropolitan area","13","...","   Durable goods manufacturing",401,405,"(D)",545,"(D)","(D)",641,680,644,620,648,595,696,766,688
"12540","Bakersfield, CA (Metropolitan Statistical Area)"," ","200","Gross domestic product (GDP) by metropolitan area","14","321","    Wood products manufacturing",5,6,4,6,5,5,5,7,6,7,7,"(D)",7,7,"(NA)"
"12540","Bakersfield, CA (Metropolitan Statistical Area)"," ","200","Gross domestic product (GDP) by metropolitan area","15","327","    Nonmetallic mineral products manufacturing",84,92,81,83,108,110,106,97,80,79,73,"(D)",85,83,"(NA)"
"12540","Bakersfield, CA (Metropolitan Statistical Area)"," ","200","Gross domestic product (GDP) by metropolitan area","16","331","    Primary metals manufacturing",3,6,8,21,20,18,9,10,6,6,8,"(D)",9,8,"(NA)"
"12540","Bakersfield, CA (Metropolitan Statistical Area)"," ","200","Gross domestic product (GDP) by metropolitan area","17","332","    Fabricated metal products",61,55,57,59,67,74,97,97,90,89,97,"(D)",112,125,"(NA)"
"12540","Bakersfield, CA (Metropolitan Statistical Area)"," ","200","Gross domestic product (GDP) by metropolitan area","18","333","    Machinery manufacturing",49,37,39,74,71,87,95,125,102,99,128,"(D)",167,224,"(NA)"
"12540","Bakersfield, CA (Metropolitan Statistical Area)"," ","200","Gross domestic product (GDP) by metropolitan area","19","334","    Computer and electronic products manufacturing",19,39,63,"(D)",34,55,70,72,79,91,115,"(D)",163,172,"(NA)"
"12540","Bakersfield, CA (Metropolitan Statistical Area)"," ","200","Gross domestic product (GDP) by metropolitan area","20","335","    Electrical equipment, appliance, and components manufacturing","(L)","(D)","(D)","(D)","(D)","(D)","(L)","(L)","(D)","(D)","(L)","(L)","(L)","(D)","(NA)"
"12540","Bakersfield, CA (Metropolitan Statistical Area)"," ","200","Gross domestic product (GDP) by metropolitan area","21","3361-3363","    Motor vehicles, bodies and trailers, and parts manufacturing","(D)","(D)","(D)",18,16,17,"(D)","(D)","(D)","(D)","(D)","(D)","(D)","(D)","(NA)"
"12540","Bakersfield, CA (Metropolitan Statistical Area)"," ","200","Gross domestic product (GDP) by metropolitan area","22","3364-3366, 3369","    Other transportation equipment manufacturing","(D)","(D)","(D)",184,142,141,"(D)","(D)","(D)","(D)","(D)",64,"(D)","(D)","(NA)"
"12540","Bakersfield, CA (Metropolitan Statistical Area)"," ","200","Gross domestic product (GDP) by metropolitan area","23","337","    Furniture and related products manufacturing",11,12,21,14,11,14,13,11,6,6,5,"(D)",8,8,"(NA)"
"12540","Bakersfield, CA (Metropolitan Statistical Area)"," ","200","Gross domestic product (GDP) by metropolitan area","24","339","    Miscellaneous manufacturing",41,43,44,48,48,46,46,48,56,54,49,"(D)",48,40,"(NA)"
"12540","Bakersfield, CA (Metropolitan Statistical Area)"," ","200","Gross domestic product (GDP) by metropolitan area","25","...","   Nondurable goods manufacturing",719,553,"(D)",1360,"(D)","(D)",2171,3072,2333,2023,1892,1935,2139,2518,2536
"12540","Bakersfield, CA (Metropolitan Statistical Area)"," ","200","Gross domestic product (GDP) by metropolitan area","26","311-312","    Food and beverage and tobacco products manufacturing",237,251,354,321,345,412,434,467,610,536,501,580,621,652,"(NA)"
"12540","Bakersfield, CA (Metropolitan Statistical Area)"," ","200","Gross domestic product (GDP) by metropolitan area","27","313-314","    Textile mills and textile product mills",2,1,1,"(D)","(D)","(D)",3,2,2,2,"(D)",3,2,2,"(NA)"
"12540","Bakersfield, CA (Metropolitan Statistical Area)"," ","200","Gross domestic product (GDP) by metropolitan area","28","315-316","    Apparel and leather and allied products manufacturing","(D)","(L)","(D)","(D)","(D)","(D)","(L)",1,"(D)","(D)","(D)",15,"(D)",23,"(NA)"
"12540","Bakersfield, CA (Metropolitan Statistical Area)"," ","200","Gross domestic product (GDP) by metropolitan area","29","322","    Paper products manufacturing","(D)",10,7,"(D)","(D)","(D)",9,4,"(D)","(D)","(D)","(D)","(D)",4,"(NA)"
"12540","Bakersfield, CA (Metropolitan Statistical Area)"," ","200","Gross domestic product (GDP) by metropolitan area","30","323","    Printing and related support activities",6,6,6,6,6,6,7,7,7,7,10,"(D)",17,16,"(NA)"
"12540","Bakersfield, CA (Metropolitan Statistical Area)"," ","200","Gross domestic product (GDP) by metropolitan area","31","324","    Petroleum and coal products manufacturing",375,199,562,877,1289,1408,1562,2431,1530,1256,1151,"(D)",1207,1535,"(NA)"
"12540","Bakersfield, CA (Metropolitan Statistical Area)"," ","200","Gross domestic product (GDP) by metropolitan area","32","325","    Chemical products manufacturing",40,37,59,87,77,98,106,120,143,179,182,"(D)",222,236,"(NA)"
"12540","Bakersfield, CA (Metropolitan Statistical Area)"," ","200","Gross domestic product (GDP) by metropolitan area","33","326","    Plastics and rubber products manufacturing",47,48,56,60,58,48,51,41,40,40,39,"(D)",45,49,"(NA)"
"12540","Bakersfield, CA (Metropolitan Statistical Area)"," ","200","Gross domestic product (GDP) by metropolitan area","34","42","  Wholesale trade",684,725,754,830,942,1150,1234,1296,1204,1248,1465,1586,1801,1968,1845
"12540","Bakersfield, CA (Metropolitan Statistical Area)"," ","200","Gross domestic product (GDP) by metropolitan area","35","44-45","  Retail trade",1356,1417,1518,1649,1835,2004,1909,1801,1744,1808,1868,1999,2158,2240,2331
"12540","Bakersfield, CA (Metropolitan Statistical Area)"," ","200","Gross domestic product (GDP) by metropolitan area","36","48-49","  Transportation and warehousing",532,598,713,658,727,783,811,935,892,926,920,987,983,1033,1069
"12540","Bakersfield, CA (Metropolitan Statistical Area)"," ","200","Gross domestic product (GDP) by metropolitan area","37","481","   Air transportation",2,2,3,8,10,13,16,13,13,14,16,"(D)",7,"(D)","(NA)"
"12540","Bakersfield, CA (Metropolitan Statistical Area)"," ","200","Gross domestic product (GDP) by metropolitan area","38","482","   Rail transportation",53,46,50,55,60,62,59,62,48,44,51,59,62,68,"(NA)"
"12540","Bakersfield, CA (Metropolitan Statistical Area)"," ","200","Gross domestic product (GDP) by metropolitan area","39","483","   Water transportation",1,"(L)","(L)","(L)","(D)","(D)","(D)","(D)","(D)","(D)","(L)","(L)","(D)","(D)","(NA)"
"12540","Bakersfield, CA (Metropolitan Statistical Area)"," ","200","Gross domestic product (GDP) by metropolitan area","40","484","   Truck transportation",257,278,303,323,366,400,409,451,452,429,428,"(D)",484,484,"(NA)"
"12540","Bakersfield, CA (Metropolitan Statistical Area)"," ","200","Gross domestic product (GDP) by metropolitan area","41","485","   Transit and ground passenger transportation",13,12,12,11,14,14,15,16,14,14,13,"(D)",18,16,"(NA)"
"12540","Bakersfield, CA (Metropolitan Statistical Area)"," ","200","Gross domestic product (GDP) by metropolitan area","42","486","   Pipeline transportation",57,36,45,69,64,70,104,174,160,225,203,"(D)",167,191,"(NA)"
"12540","Bakersfield, CA (Metropolitan Statistical Area)"," ","200","Gross domestic product (GDP) by metropolitan area","43","487-488, 492","   Other transportation and support activities",101,122,135,95,"(D)","(D)","(D)","(D)","(D)","(D)",117,137,"(D)",167,"(NA)"
"12540","Bakersfield, CA (Metropolitan Statistical Area)"," ","200","Gross domestic product (GDP) by metropolitan area","44","493","   Warehousing and storage",48,100,165,97,109,107,100,103,97,93,93,"(D)",99,100,"(NA)"
"12540","Bakersfield, CA (Metropolitan Statistical Area)"," ","200","Gross domestic product (GDP) by metropolitan area","45","51","  Information",277,311,350,371,408,431,485,504,451,456,446,424,425,423,497
"12540","Bakersfield, CA (Metropolitan Statistical Area)"," ","200","Gross domestic product (GDP) by metropolitan area","46","511","   Publishing industries, except Internet (includes software)","(D)","(D)","(D)",59,62,64,81,76,68,68,74,"(D)",75,69,"(NA)"
"12540","Bakersfield, CA (Metropolitan Statistical Area)"," ","200","Gross domestic product (GDP) by metropolitan area","47","512","   Motion picture and sound recording industries",14,18,23,16,11,22,17,"(D)","(D)",15,17,"(D)","(D)",16,"(NA)"
"12540","Bakersfield, CA (Metropolitan Statistical Area)"," ","200","Gross domestic product (GDP) by metropolitan area","48","515, 517","   Broadcasting and telecommunications",216,229,256,276,313,317,368,367,325,334,318,"(D)",308,321,"(NA)"
"12540","Bakersfield, CA (Metropolitan Statistical Area)"," ","200","Gross domestic product (GDP) by metropolitan area","49","518, 519","   Data processing, internet publishing, and other information services","(D)","(D)","(D)",20,21,29,19,"(D)","(D)",40,38,"(D)","(D)",17,"(NA)"
"12540","Bakersfield, CA (Metropolitan Statistical Area)"," ","200","Gross domestic product (GDP) by metropolitan area","50","52, 53","  Finance, insurance, real estate, rental, and leasing",1499,1753,1943,2137,2392,2541,2786,2868,2885,3071,3375,3751,3738,3819,3842
"12540","Bakersfield, CA (Metropolitan Statistical Area)"," ","200","Gross domestic product (GDP) by metropolitan area","51","52","   Finance and insurance",407,464,519,545,566,615,605,564,603,608,673,720,785,796,820
"12540","Bakersfield, CA (Metropolitan Statistical Area)"," ","200","Gross domestic product (GDP) by metropolitan area","52","521-522","    Federal Reserve banks, credit intermediation, and related services",158,211,232,194,205,255,256,280,292,293,299,"(D)",310,322,"(NA)"
"12540","Bakersfield, CA (Metropolitan Statistical Area)"," ","200","Gross domestic product (GDP) by metropolitan area","53","523","    Securities, commodity contracts, and investments",48,42,43,42,56,49,32,13,34,39,40,"(D)","(D)","(D)","(NA)"
"12540","Bakersfield, CA (Metropolitan Statistical Area)"," ","200","Gross domestic product (GDP) by metropolitan area","54","524","    Insurance carriers and related activities",193,206,238,305,301,308,314,268,272,273,332,"(D)",422,417,"(NA)"
"12540","Bakersfield, CA (Metropolitan Statistical Area)"," ","200","Gross domestic product (GDP) by metropolitan area","55","525","    Funds, trusts, and other financial vehicles",7,5,5,5,5,4,3,2,5,3,2,"(D)","(D)","(D)","(NA)"
"12540","Bakersfield, CA (Metropolitan Statistical Area)"," ","200","Gross domestic product (GDP) by metropolitan area","56","53","   Real estate and rental and leasing",1093,1289,1424,1592,1825,1926,2181,2304,2282,2462,2702,3031,2953,3023,3022
"12540","Bakersfield, CA (Metropolitan Statistical Area)"," ","200","Gross domestic product (GDP) by metropolitan area","57","531","    Real estate",931,1118,1257,1397,1629,1678,1935,2056,2036,2201,2406,"(D)",2541,2637,"(NA)"
"12540","Bakersfield, CA (Metropolitan Statistical Area)"," ","200","Gross domestic product (GDP) by metropolitan area","58","532-533","    Rental and leasing services and lessors of intangible assets",161,171,168,195,197,248,247,248,246,261,296,"(D)",412,386,"(NA)"
"12540","Bakersfield, CA (Metropolitan Statistical Area)"," ","200","Gross domestic product (GDP) by metropolitan area","59","54, 55, 56","  Professional and business services",1174,1281,1387,1430,1610,1765,1932,2085,2081,2199,2312,2471,2456,2545,2533
"12540","Bakersfield, CA (Metropolitan Statistical Area)"," ","200","Gross domestic product (GDP) by metropolitan area","60","54","   Professional, scientific, and technical services",607,656,728,771,809,936,996,1122,1043,1117,1149,1260,1241,1252,1164
"12540","Bakersfield, CA (Metropolitan Statistical Area)"," ","200","Gross domestic product (GDP) by metropolitan area","64","55","   Management of companies and enterprises",168,189,186,165,173,176,194,203,307,326,345,356,373,385,396
"12540","Bakersfield, CA (Metropolitan Statistical Area)"," ","200","Gross domestic product (GDP) by metropolitan area","65","56","   Administrative and waste management services",400,436,474,494,628,653,742,760,731,756,819,854,842,909,973
"12540","Bakersfield, CA (Metropolitan Statistical Area)"," ","200","Gross domestic product (GDP) by metropolitan area","66","561","    Administrative and support services",335,366,393,414,533,562,627,627,598,583,667,"(D)",698,686,"(NA)"
"12540","Bakersfield, CA (Metropolitan Statistical Area)"," ","200","Gross domestic product (GDP) by metropolitan area","67","562","    Waste management and remediation services",64,70,80,80,94,91,116,133,133,173,151,"(D)",144,222,"(NA)"
"12540","Bakersfield, CA (Metropolitan Statistical Area)"," ","200","Gross domestic product (GDP) by metropolitan area","68","61, 62","  Educational services, health care, and social assistance",1069,1134,1184,1251,1298,1377,1496,1590,1689,1742,1869,1957,2023,2095,2202
"12540","Bakersfield, CA (Metropolitan Statistical Area)"," ","200","Gross domestic product (GDP) by metropolitan area","69","61","   Educational services",39,43,49,56,58,43,51,57,65,71,79,85,76,77,64
"12540","Bakersfield, CA (Metropolitan Statistical Area)"," ","200","Gross domestic product (GDP) by metropolitan area","70","62","   Health care and social assistance",1030,1091,1134,1195,1240,1334,1446,1532,1624,1671,1790,1872,1947,2018,2138
"12540","Bakersfield, CA (Metropolitan Statistical Area)"," ","200","Gross domestic product (GDP) by metropolitan area","71","621","    Ambulatory health care services",586,614,631,670,702,764,802,799,820,823,867,"(D)",936,987,"(NA)"
"12540","Bakersfield, CA (Metropolitan Statistical Area)"," ","200","Gross domestic product (GDP) by metropolitan area","72","622-623","    Hospitals and nursing and residential care facilities",321,351,370,392,400,408,464,553,605,640,701,757,777,792,"(NA)"
"12540","Bakersfield, CA (Metropolitan Statistical Area)"," ","200","Gross domestic product (GDP) by metropolitan area","73","624","    Social assistance",124,126,134,132,139,162,179,180,199,208,221,"(D)",234,239,"(NA)"
"12540","Bakersfield, CA (Metropolitan Statistical Area)"," ","200","Gross domestic product (GDP) by metropolitan area","74","71, 72","  Arts, entertainment, recreation, accommodation, and food services",427,465,505,560,598,624,663,674,658,661,681,712,742,791,837
"12540","Bakersfield, CA (Metropolitan Statistical Area)"," ","200","Gross domestic product (GDP) by metropolitan area","75","71","   Arts, entertainment, and recreation",59,63,70,77,90,99,110,112,117,118,120,126,130,134,123
"12540","Bakersfield, CA (Metropolitan Statistical Area)"," ","200","Gross domestic product (GDP) by metropolitan area","76","711-712","    Performing arts, spectator sports, museums, and related activities",21,24,29,31,33,38,39,41,44,38,38,"(D)",46,47,"(NA)"
"12540","Bakersfield, CA (Metropolitan Statistical Area)"," ","200","Gross domestic product (GDP) by metropolitan area","77","713","    Amusements, gambling, and recreation industries",38,39,40,46,57,62,72,71,73,81,81,"(D)",84,87,"(NA)"
"12540","Bakersfield, CA (Metropolitan Statistical Area)"," ","200","Gross domestic product (GDP) by metropolitan area","78","72","   Accommodation and food services",368,402,436,483,508,525,553,561,541,543,562,586,612,656,714
"12540","Bakersfield, CA (Metropolitan Statistical Area)"," ","200","Gross domestic product (GDP) by metropolitan area","79","721","    Accommodation",60,69,77,85,84,83,91,90,70,70,77,"(D)",86,89,"(NA)"
"12540","Bakersfield, CA (Metropolitan Statistical Area)"," ","200","Gross domestic product (GDP) by metropolitan area","80","722","    Food services and drinking places",308,333,359,399,424,442,461,471,472,473,484,"(D)",526,568,"(NA)"
"12540","Bakersfield, CA (Metropolitan Statistical Area)"," ","200","Gross domestic product (GDP) by metropolitan area","81","81","  Other services, except government",532,610,613,670,741,795,770,811,827,833,873,986,1001,1047,986
"12540","Bakersfield, CA (Metropolitan Statistical Area)"," ","200","Gross domestic product (GDP) by metropolitan area","82","92"," Government",4134,4404,4474,4696,4978,5167,5567,5756,5801,5986,6186,6324,6328,6509,6781
"12540","Bakersfield, CA (Metropolitan Statistical Area)"," ","200","Gross domestic product (GDP) by metropolitan area","83","...","  Federal civilian",1203,1298,1212,1240,1259,1304,1421,1462,1535,1615,1630,1609,1538,1567,"(NA)"
"12540","Bakersfield, CA (Metropolitan Statistical Area)"," ","200","Gross domestic product (GDP) by metropolitan area","84","...","  Federal military",489,528,550,578,587,555,498,460,475,517,558,599,575,570,"(NA)"
"12540","Bakersfield, CA (Metropolitan Statistical Area)"," ","200","Gross domestic product (GDP) by metropolitan area","85","...","  State and local",2442,2578,2712,2877,3132,3309,3649,3835,3792,3854,3998,4115,4215,4372,"(NA)"
"12540","Bakersfield, CA (Metropolitan Statistical Area)"," ","200","Gross domestic product (GDP) by metropolitan area","86","11, 21","Natural resources and mining",3088,3590,3624,4601,5569,6829,8374,8943,7458,9187,9420,10202,10257,10203,7564
"12540","Bakersfield, CA (Metropolitan Statistical Area)"," ","200","Gross domestic product (GDP) by metropolitan area","87","42, 44-45","Trade",2040,2142,2272,2478,2777,3155,3143,3097,2948,3056,3333,3585,3959,4207,4176
"12540","Bakersfield, CA (Metropolitan Statistical Area)"," ","200","Gross domestic product (GDP) by metropolitan area","88","...","Transportation and utilities",772,958,1165,1126,1184,1302,1395,1513,1537,1594,1611,1570,1580,1615,1591
"12540","Bakersfield, CA (Metropolitan Statistical Area)"," ","200","Gross domestic product (GDP) by metropolitan area","89","...","Private goods-producing industries",5053,5433,6176,7687,9340,11050,12879,14216,11715,13019,13329,14430,14837,15296,12384
"12540","Bakersfield, CA (Metropolitan Statistical Area)"," ","200","Gross domestic product (GDP) by metropolitan area","90","...","Private services-providing industries",7790,8654,9419,10024,11007,11990,12671,13142,13076,13612,14502,15457,15924,16542,16664
"12540","Bakersfield, CA (Metropolitan Statistical Area)"," ","800","Quantity indexes for real GDP by metropolitan area","1","...","All industry total",70.079,76.127,77.315,81.338,86.408,92.444,96.240,96.619,100.000,99.449,96.728,102.444,103.001,106.208,106.395
"12540","Bakersfield, CA (Metropolitan Statistical Area)"," ","800","Quantity indexes for real GDP by metropolitan area","2","..."," Private industries",64.204,71.123,73.234,78.125,83.944,91.293,95.255,95.600,100.000,99.277,95.686,102.429,103.553,107.348,107.191
"12540","Bakersfield, CA (Metropolitan Statistical Area)"," ","800","Quantity indexes for real GDP by metropolitan area","3","11","  Agriculture, forestry, fishing, and hunting",60.891,81.456,69.916,89.149,109.098,111.065,106.541,86.933,100.000,123.083,110.962,114.709,130.980,136.233,147.104
"12540","Bakersfield, CA (Metropolitan Statistical Area)"," ","800","Quantity indexes for real GDP by metropolitan area","4","111-112","   Farms",54.400,83.543,66.196,92.681,119.207,105.320,100.710,74.693,100.000,131.890,106.334,101.557,118.890,121.929,"(NA)"
"12540","Bakersfield, CA (Metropolitan Statistical Area)"," ","800","Quantity indexes for real GDP by metropolitan area","5","113-115","   Forestry, fishing, and related activities",73.772,79.155,78.202,81.902,87.898,119.345,115.634,111.115,100.000,107.084,123.900,149.169,162.950,173.558,"(NA)"
"12540","Bakersfield, CA (Metropolitan Statistical Area)"," ","800","Quantity indexes for real GDP by metropolitan area","6","21","  Mining",61.197,72.570,55.242,51.958,51.231,67.673,78.691,73.014,100.000,92.533,79.220,94.328,82.102,85.191,84.421
"12540","Bakersfield, CA (Metropolitan Statistical Area)"," ","800","Quantity indexes for real GDP by metropolitan area","7","211","   Oil and gas extraction",44.414,68.765,47.798,44.386,44.690,60.305,70.880,63.176,100.000,90.646,72.596,"(D)",76.938,79.834,"(NA)"
"12540","Bakersfield, CA (Metropolitan Statistical Area)"," ","800","Quantity indexes for real GDP by metropolitan area","8","212","   Mining, except oil and gas",146.306,136.388,124.864,123.723,105.930,108.568,107.012,98.380,100.000,66.002,60.948,"(D)",72.858,80.096,"(NA)"
"12540","Bakersfield, CA (Metropolitan Statistical Area)"," ","800","Quantity indexes for real GDP by metropolitan area","9","213","   Support activities for mining",129.973,88.613,84.494,81.429,78.215,103.291,120.668,135.042,100.000,117.029,137.487,"(D)",124.412,127.048,"(NA)"
"12540","Bakersfield, CA (Metropolitan Statistical Area)"," ","800","Quantity indexes for real GDP by metropolitan area","10","22","  Utilities",52.155,81.349,95.528,95.476,88.197,92.300,103.089,101.684,100.000,106.541,109.377,95.204,94.289,84.954,70.351
"12540","Bakersfield, CA (Metropolitan Statistical Area)"," ","800","Quantity indexes for real GDP by metropolitan area","11","23","  Construction",102.275,102.337,107.612,121.028,135.391,140.963,134.244,120.611,100.000,94.691,107.424,129.545,128.657,125.611,107.801
"12540","Bakersfield, CA (Metropolitan Statistical Area)"," ","800","Quantity indexes for real GDP by metropolitan area","12","31-33","  Manufacturing",46.027,40.984,64.567,74.215,75.740,77.148,81.410,111.052,100.000,78.122,61.951,58.323,68.905,80.546,85.717
"12540","Bakersfield, CA (Metropolitan Statistical Area)"," ","800","Quantity indexes for real GDP by metropolitan area","13","...","   Durable goods manufacturing",68.436,68.712,"(D)",92.945,"(D)","(D)",104.728,112.476,100.000,98.647,104.177,93.173,105.909,114.177,97.978
"12540","Bakersfield, CA (Metropolitan Statistical Area)"," ","800","Quantity indexes for real GDP by metropolitan area","14","321","    Wood products manufacturing",71.238,89.293,59.037,71.721,63.220,68.111,80.564,108.981,100.000,103.354,123.122,"(D)",99.447,91.901,"(NA)"
"12540","Bakersfield, CA (Metropolitan Statistical Area)"," ","800","Quantity indexes for real GDP by metropolitan area","15","327","    Nonmetallic mineral products manufacturing",127.128,136.023,122.171,124.552,153.123,139.603,136.354,130.315,100.000,102.236,97.930,"(D)",104.223,96.098,"(NA)"
"12540","Bakersfield, CA (Metropolitan Statistical Area)"," ","800","Quantity indexes for real GDP by metropolitan area","16","331","    Primary metals manufacturing",56.527,119.679,162.453,336.242,275.499,207.001,95.905,107.418,100.000,91.766,95.217,"(D)",144.504,119.102,"(NA)"
"12540","Bakersfield, CA (Metropolitan Statistical Area)"," ","800","Quantity indexes for real GDP by metropolitan area","17","332","    Fabricated metal products",87.761,79.213,82.763,84.959,92.270,101.847,130.624,124.810,100.000,105.766,115.756,"(D)",123.212,138.400,"(NA)"
"12540","Bakersfield, CA (Metropolitan Statistical Area)"," ","800","Quantity indexes for real GDP by metropolitan area","18","333","    Machinery manufacturing",54.032,40.603,42.839,84.685,78.862,96.898,103.881,137.735,100.000,101.710,133.342,"(D)",158.758,206.240,"(NA)"
"12540","Bakersfield, CA (Metropolitan Statistical Area)"," ","800","Quantity indexes for real GDP by metropolitan area","19","334","    Computer and electronic products manufacturing",12.231,26.910,48.738,"(D)",31.156,55.692,78.935,87.856,100.000,117.555,154.413,"(D)",219.284,230.864,"(NA)"
"12540","Bakersfield, CA (Metropolitan Statistical Area)"," ","800","Quantity indexes for real GDP by metropolitan area","20","335","    Electrical equipment, appliance, and components manufacturing","(D)","(D)","(D)","(D)","(D)","(D)","(D)","(D)","(D)","(D)","(D)","(D)","(D)","(D)","(NA)"
"12540","Bakersfield, CA (Metropolitan Statistical Area)"," ","800","Quantity indexes for real GDP by metropolitan area","21","3361-3363","    Motor vehicles, bodies and trailers, and parts manufacturing","(D)","(D)","(D)","(D)","(D)","(D)","(D)","(D)","(D)","(D)","(D)","(D)","(D)","(D)","(NA)"
"12540","Bakersfield, CA (Metropolitan Statistical Area)"," ","800","Quantity indexes for real GDP by metropolitan area","22","3364-3366, 3369","    Other transportation equipment manufacturing","(D)","(D)","(D)","(D)","(D)","(D)","(D)","(D)","(D)","(D)","(D)","(D)","(D)","(D)","(NA)"
"12540","Bakersfield, CA (Metropolitan Statistical Area)"," ","800","Quantity indexes for real GDP by metropolitan area","23","337","    Furniture and related products manufacturing",213.504,221.091,412.783,274.871,221.729,278.953,239.703,203.394,100.000,99.347,83.452,"(D)",132.627,136.977,"(NA)"
"12540","Bakersfield, CA (Metropolitan Statistical Area)"," ","800","Quantity indexes for real GDP by metropolitan area","24","339","    Miscellaneous manufacturing",73.944,75.355,77.758,87.185,87.214,84.946,82.980,87.648,100.000,95.829,88.157,"(D)",81.881,68.342,"(NA)"
"12540","Bakersfield, CA (Metropolitan Statistical Area)"," ","800","Quantity indexes for real GDP by metropolitan area","25","...","   Nondurable goods manufacturing",39.822,32.824,"(D)",69.788,"(D)","(D)",76.320,110.658,100.000,73.028,52.831,50.572,60.476,72.513,82.075
"12540","Bakersfield, CA (Metropolitan Statistical Area)"," ","800","Quantity indexes for real GDP by metropolitan area","26","311-312","    Food and beverage and tobacco products manufacturing",47.174,47.077,67.312,63.211,66.813,81.873,86.525,85.780,100.000,89.374,85.483,91.743,95.496,95.522,"(NA)"
"12540","Bakersfield, CA (Metropolitan Statistical Area)"," ","800","Quantity indexes for real GDP by metropolitan area","27","313-314","    Textile mills and textile product mills",136.645,84.819,78.231,"(D)","(D)","(D)",208.555,133.353,100.000,112.730,"(D)",169.383,122.081,130.620,"(NA)"
"12540","Bakersfield, CA (Metropolitan Statistical Area)"," ","800","Quantity indexes for real GDP by metropolitan area","28","315-316","    Apparel and leather and allied products manufacturing","(D)","(D)","(D)","(D)","(D)","(D)","(D)","(D)","(D)","(D)","(D)","(D)","(D)","(D)","(NA)"
"12540","Bakersfield, CA (Metropolitan Statistical Area)"," ","800","Quantity indexes for real GDP by metropolitan area","29","322","    Paper products manufacturing","(D)","(D)","(D)","(D)","(D)","(D)","(D)","(D)","(D)","(D)","(D)","(D)","(D)","(D)","(NA)"
"12540","Bakersfield, CA (Metropolitan Statistical Area)"," ","800","Quantity indexes for real GDP by metropolitan area","30","323","    Printing and related support activities",86.982,90.118,93.755,93.481,82.069,81.016,94.874,104.966,100.000,104.015,148.636,"(D)",267.372,245.726,"(NA)"
"12540","Bakersfield, CA (Metropolitan Statistical Area)"," ","800","Quantity indexes for real GDP by metropolitan area","31","324","    Petroleum and coal products manufacturing",33.313,21.885,51.572,69.879,75.249,71.350,72.881,120.205,100.000,62.239,37.597,"(D)",43.396,58.596,"(NA)"
"12540","Bakersfield, CA (Metropolitan Statistical Area)"," ","800","Quantity indexes for real GDP by metropolitan area","32","325","    Chemical products manufacturing",37.404,35.105,54.478,79.573,68.036,83.085,89.314,91.628,100.000,125.395,118.124,"(D)",131.532,135.277,"(NA)"
"12540","Bakersfield, CA (Metropolitan Statistical Area)"," ","800","Quantity indexes for real GDP by metropolitan area","33","326","    Plastics and rubber products manufacturing",136.266,136.774,164.704,184.465,172.722,131.627,142.648,111.800,100.000,102.316,96.921,"(D)",106.248,117.890,"(NA)"
"12540","Bakersfield, CA (Metropolitan Statistical Area)"," ","800","Quantity indexes for real GDP by metropolitan area","34","42","  Wholesale trade",69.341,73.855,77.598,82.862,91.646,108.174,113.672,115.726,100.000,101.241,116.139,121.939,137.222,148.674,138.709
"12540","Bakersfield, CA (Metropolitan Statistical Area)"," ","800","Quantity indexes for real GDP by metropolitan area","35","44-45","  Retail trade",87.659,91.856,99.023,105.441,114.656,121.680,112.738,104.490,100.000,102.874,104.186,108.583,116.053,118.908,121.839
"12540","Bakersfield, CA (Metropolitan Statistical Area)"," ","800","Quantity indexes for real GDP by metropolitan area","36","48-49","  Transportation and warehousing",71.247,78.918,93.465,85.571,92.592,97.332,98.174,111.055,100.000,104.429,103.241,107.252,103.263,104.871,102.155
"12540","Bakersfield, CA (Metropolitan Statistical Area)"," ","800","Quantity indexes for real GDP by metropolitan area","37","481","   Air transportation",19.370,18.439,22.455,65.401,88.193,114.947,138.316,110.369,100.000,112.235,117.294,"(D)",45.829,"(D)","(NA)"
"12540","Bakersfield, CA (Metropolitan Statistical Area)"," ","800","Quantity indexes for real GDP by metropolitan area","38","482","   Rail transportation",161.032,136.383,146.611,160.491,161.107,149.405,140.648,132.011,100.000,89.289,98.497,105.770,107.617,114.899,"(NA)"
"12540","Bakersfield, CA (Metropolitan Statistical Area)"," ","800","Quantity indexes for real GDP by metropolitan area","39","483","   Water transportation","(D)","(D)","(D)","(D)","(D)","(D)","(D)","(D)","(D)","(D)","(D)","(D)","(D)","(D)","(NA)"
"12540","Bakersfield, CA (Metropolitan Statistical Area)"," ","800","Quantity indexes for real GDP by metropolitan area","40","484","   Truck transportation",65.886,70.598,75.688,79.818,87.392,94.368,95.403,102.557,100.000,100.299,100.906,"(D)",106.874,102.359,"(NA)"
"12540","Bakersfield, CA (Metropolitan Statistical Area)"," ","800","Quantity indexes for real GDP by metropolitan area","41","485","   Transit and ground passenger transportation",133.191,117.552,112.166,99.257,121.691,115.580,124.038,126.434,100.000,93.543,84.227,"(D)",107.038,91.665,"(NA)"
"12540","Bakersfield, CA (Metropolitan Statistical Area)"," ","800","Quantity indexes for real GDP by metropolitan area","42","486","   Pipeline transportation",36.408,23.039,31.459,50.437,49.869,51.769,74.843,133.797,100.000,129.819,115.548,"(D)",84.752,93.860,"(NA)"
"12540","Bakersfield, CA (Metropolitan Statistical Area)"," ","800","Quantity indexes for real GDP by metropolitan area","43","487-488, 492","   Other transportation and support activities","(D)","(D)","(D)","(D)","(D)","(D)","(D)","(D)","(D)","(D)","(D)","(D)","(D)","(D)","(NA)"
"12540","Bakersfield, CA (Metropolitan Statistical Area)"," ","800","Quantity indexes for real GDP by metropolitan area","44","493","   Warehousing and storage",56.284,116.313,188.995,111.577,126.692,124.577,108.962,108.833,100.000,99.691,104.789,"(D)",120.288,122.697,"(NA)"
"12540","Bakersfield, CA (Metropolitan Statistical Area)"," ","800","Quantity indexes for real GDP by metropolitan area","45","51","  Information",54.851,62.220,69.942,74.925,85.168,92.333,105.444,111.621,100.000,101.897,100.271,95.248,94.592,94.363,112.694
"12540","Bakersfield, CA (Metropolitan Statistical Area)"," ","800","Quantity indexes for real GDP by metropolitan area","46","511","   Publishing industries, except Internet (includes software)","(D)","(D)","(D)",93.455,97.129,97.231,122.979,114.159,100.000,102.317,110.076,"(D)",110.162,100.541,"(NA)"
"12540","Bakersfield, CA (Metropolitan Statistical Area)"," ","800","Quantity indexes for real GDP by metropolitan area","47","512","   Motion picture and sound recording industries","(D)","(D)","(D)","(D)","(D)","(D)","(D)","(D)","(D)","(D)","(D)","(D)","(D)","(D)","(NA)"
"12540","Bakersfield, CA (Metropolitan Statistical Area)"," ","800","Quantity indexes for real GDP by metropolitan area","48","515, 517","   Broadcasting and telecommunications",56.361,60.778,67.641,73.697,87.923,92.450,109.796,112.391,100.000,103.339,99.155,"(D)",95.045,99.615,"(NA)"
"12540","Bakersfield, CA (Metropolitan Statistical Area)"," ","800","Quantity indexes for real GDP by metropolitan area","49","518, 519","   Data processing, internet publishing, and other information services","(D)","(D)","(D)","(D)","(D)","(D)","(D)","(D)","(D)","(D)","(D)","(D)","(D)","(D)","(NA)"
"12540","Bakersfield, CA (Metropolitan Statistical Area)"," ","800","Quantity indexes for real GDP by metropolitan area","50","52, 53","  Finance, insurance, real estate, rental, and leasing",60.492,68.641,74.110,79.648,87.251,90.600,97.764,99.345,100.000,106.146,115.450,125.346,121.955,121.617,119.229
"12540","Bakersfield, CA (Metropolitan Statistical Area)"," ","800","Quantity indexes for real GDP by metropolitan area","51","52","   Finance and insurance",70.431,78.825,85.178,86.876,88.411,94.963,93.341,86.961,100.000,97.256,105.638,108.596,114.371,112.303,113.089
"12540","Bakersfield, CA (Metropolitan Statistical Area)"," ","800","Quantity indexes for real GDP by metropolitan area","52","521-522","    Federal Reserve banks, credit intermediation, and related services",51.619,67.492,72.380,59.251,61.606,74.680,74.152,81.492,100.000,95.047,96.190,"(D)",89.008,88.922,"(NA)"
"12540","Bakersfield, CA (Metropolitan Statistical Area)"," ","800","Quantity indexes for real GDP by metropolitan area","53","523","    Securities, commodity contracts, and investments",172.558,148.392,151.301,138.073,178.868,152.782,91.399,35.485,100.000,109.685,108.015,"(D)","(D)","(D)","(NA)"
"12540","Bakersfield, CA (Metropolitan Statistical Area)"," ","800","Quantity indexes for real GDP by metropolitan area","54","524","    Insurance carriers and related activities",80.651,84.291,92.879,114.872,110.880,113.691,116.268,101.089,100.000,98.846,116.944,"(D)",143.572,138.670,"(NA)"
"12540","Bakersfield, CA (Metropolitan Statistical Area)"," ","800","Quantity indexes for real GDP by metropolitan area","55","525","    Funds, trusts, and other financial vehicles",110.327,73.677,76.724,70.923,72.018,54.484,50.076,42.577,100.000,54.966,40.768,"(D)","(D)","(D)","(NA)"
"12540","Bakersfield, CA (Metropolitan Statistical Area)"," ","800","Quantity indexes for real GDP by metropolitan area","56","53","   Real estate and rental and leasing",57.373,65.431,70.624,77.316,86.753,89.130,98.888,102.787,100.000,108.547,118.101,129.941,123.931,124.094,120.790
"12540","Bakersfield, CA (Metropolitan Statistical Area)"," ","800","Quantity indexes for real GDP by metropolitan area","57","531","    Real estate",54.685,63.129,69.447,75.632,86.362,86.602,97.842,102.522,100.000,108.782,117.885,"(D)",119.153,120.571,"(NA)"
"12540","Bakersfield, CA (Metropolitan Statistical Area)"," ","800","Quantity indexes for real GDP by metropolitan area","58","532-533","    Rental and leasing services and lessors of intangible assets",80.678,85.387,80.696,91.782,90.017,110.849,107.698,105.009,100.000,106.609,119.878,"(D)",163.839,153.238,"(NA)"
"12540","Bakersfield, CA (Metropolitan Statistical Area)"," ","800","Quantity indexes for real GDP by metropolitan area","59","54, 55, 56","  Professional and business services",68.833,74.111,79.115,78.288,85.793,90.789,95.252,101.597,100.000,105.026,109.571,115.588,113.259,115.834,112.934
"12540","Bakersfield, CA (Metropolitan Statistical Area)"," ","800","Quantity indexes for real GDP by metropolitan area","60","54","   Professional, scientific, and technical services",70.062,75.104,81.521,84.354,85.332,95.325,97.635,108.900,100.000,105.818,107.630,116.183,112.724,111.963,102.410
"12540","Bakersfield, CA (Metropolitan Statistical Area)"," ","800","Quantity indexes for real GDP by metropolitan area","64","55","   Management of companies and enterprises",88.075,97.339,93.101,71.318,70.956,66.808,66.145,68.239,100.000,105.300,111.023,113.851,118.343,124.394,126.117
"12540","Bakersfield, CA (Metropolitan Statistical Area)"," ","800","Quantity indexes for real GDP by metropolitan area","65","56","   Administrative and waste management services",62.177,66.645,72.583,73.563,92.980,94.374,103.952,105.035,100.000,103.770,111.788,115.447,111.903,117.911,122.771
"12540","Bakersfield, CA (Metropolitan Statistical Area)"," ","800","Quantity indexes for real GDP by metropolitan area","66","561","    Administrative and support services",63.083,67.883,73.669,75.069,96.109,98.558,106.644,105.725,100.000,98.524,112.560,"(D)",114.781,110.738,"(NA)"
"12540","Bakersfield, CA (Metropolitan Statistical Area)"," ","800","Quantity indexes for real GDP by metropolitan area","67","562","    Waste management and remediation services",57.975,60.874,67.506,66.581,78.530,75.022,91.672,101.908,100.000,126.956,109.092,"(D)",100.201,148.181,"(NA)"
"12540","Bakersfield, CA (Metropolitan Statistical Area)"," ","800","Quantity indexes for real GDP by metropolitan area","68","61, 62","  Educational services, health care, and social assistance",80.113,82.392,83.436,85.751,86.433,89.657,93.547,97.519,100.000,100.836,106.732,109.833,112.259,114.971,118.601
"12540","Bakersfield, CA (Metropolitan Statistical Area)"," ","800","Quantity indexes for real GDP by metropolitan area","69","61","   Educational services",84.601,89.101,97.463,106.915,106.028,74.969,84.391,92.573,100.000,106.709,115.974,119.888,104.162,103.488,82.767
"12540","Bakersfield, CA (Metropolitan Statistical Area)"," ","800","Quantity indexes for real GDP by metropolitan area","70","62","   Health care and social assistance",79.932,82.130,82.904,84.955,85.696,90.234,93.909,97.715,100.000,100.602,106.362,109.430,112.613,115.469,120.148
"12540","Bakersfield, CA (Metropolitan Statistical Area)"," ","800","Quantity indexes for real GDP by metropolitan area","71","621","    Ambulatory health care services",86.039,88.839,89.283,92.725,94.812,102.109,102.622,100.776,100.000,98.013,102.236,"(D)",108.399,113.544,"(NA)"
"12540","Bakersfield, CA (Metropolitan Statistical Area)"," ","800","Quantity indexes for real GDP by metropolitan area","72","622-623","    Hospitals and nursing and residential care facilities",71.747,74.584,75.353,76.862,75.706,74.581,81.891,95.098,100.000,103.764,112.260,118.790,120.198,121.038,"(NA)"
"12540","Bakersfield, CA (Metropolitan Statistical Area)"," ","800","Quantity indexes for real GDP by metropolitan area","73","624","    Social assistance",79.764,77.583,79.793,77.598,78.355,88.415,94.285,93.064,100.000,101.676,105.501,"(D)",107.143,106.964,"(NA)"
"12540","Bakersfield, CA (Metropolitan Statistical Area)"," ","800","Quantity indexes for real GDP by metropolitan area","74","71, 72","  Arts, entertainment, recreation, accommodation, and food services",85.291,89.321,95.735,104.050,107.114,108.041,110.274,108.404,100.000,100.514,103.967,104.478,105.936,110.318,111.078
"12540","Bakersfield, CA (Metropolitan Statistical Area)"," ","800","Quantity indexes for real GDP by metropolitan area","75","71","   Arts, entertainment, and recreation",62.444,65.543,69.957,75.998,86.640,92.329,98.758,98.583,100.000,102.130,103.267,105.467,106.957,108.479,96.850
"12540","Bakersfield, CA (Metropolitan Statistical Area)"," ","800","Quantity indexes for real GDP by metropolitan area","76","711-712","    Performing arts, spectator sports, museums, and related activities",63.371,71.014,83.897,86.543,87.609,95.238,93.868,96.530,100.000,85.842,86.859,"(D)",99.841,100.318,"(NA)"
"12540","Bakersfield, CA (Metropolitan Statistical Area)"," ","800","Quantity indexes for real GDP by metropolitan area","77","713","    Amusements, gambling, and recreation industries",61.660,62.318,62.164,70.050,86.116,90.685,101.678,99.810,100.000,111.960,113.169,"(D)",111.209,113.368,"(NA)"
"12540","Bakersfield, CA (Metropolitan Statistical Area)"," ","800","Quantity indexes for real GDP by metropolitan area","78","72","   Accommodation and food services",90.456,94.695,101.563,110.392,111.706,111.541,112.815,110.563,100.000,100.167,104.116,104.266,105.717,110.697,114.009
"12540","Bakersfield, CA (Metropolitan Statistical Area)"," ","800","Quantity indexes for real GDP by metropolitan area","79","721","    Accommodation",103.988,118.220,130.464,141.568,131.755,125.329,131.556,126.824,100.000,101.889,110.576,"(D)",116.508,114.938,"(NA)"
"12540","Bakersfield, CA (Metropolitan Statistical Area)"," ","800","Quantity indexes for real GDP by metropolitan area","80","722","    Food services and drinking places",88.376,90.988,97.001,105.472,108.569,109.424,109.898,108.037,100.000,99.915,103.163,"(D)",104.128,110.079,"(NA)"
"12540","Bakersfield, CA (Metropolitan Statistical Area)"," ","800","Quantity indexes for real GDP by metropolitan area","81","81","  Other services, except government",87.782,96.296,94.058,99.788,106.027,109.290,101.742,103.072,100.000,98.156,100.576,110.631,109.247,111.396,101.362
"12540","Bakersfield, CA (Metropolitan Statistical Area)"," ","800","Quantity indexes for real GDP by metropolitan area","82","92"," Government",97.639,99.705,96.706,96.729,98.271,98.027,101.022,101.574,100.000,100.213,101.560,102.385,100.269,100.734,102.393
"12540","Bakersfield, CA (Metropolitan Statistical Area)"," ","800","Quantity indexes for real GDP by metropolitan area","83","...","  Federal civilian",106.511,108.457,96.253,93.865,91.329,91.785,96.139,97.044,100.000,101.371,99.961,98.407,92.003,91.536,"(NA)"
"12540","Bakersfield, CA (Metropolitan Statistical Area)"," ","800","Quantity indexes for real GDP by metropolitan area","84","...","  Federal military",147.507,149.690,143.165,144.768,137.575,123.746,102.440,95.842,100.000,106.153,112.661,119.209,114.762,112.137,"(NA)"
"12540","Bakersfield, CA (Metropolitan Statistical Area)"," ","800","Quantity indexes for real GDP by metropolitan area","85","...","  State and local",87.271,89.357,90.660,91.494,95.875,97.119,102.669,104.150,100.000,98.999,100.831,101.914,101.818,103.030,"(NA)"
"12540","Bakersfield, CA (Metropolitan Statistical Area)"," ","800","Quantity indexes for real GDP by metropolitan area","86","11, 21","Natural resources and mining",55.547,69.690,56.088,61.017,66.765,79.343,86.135,76.777,100.000,101.755,88.792,100.175,97.416,101.187,104.681
"12540","Bakersfield, CA (Metropolitan Statistical Area)"," ","800","Quantity indexes for real GDP by metropolitan area","87","42, 44-45","Trade",80.558,84.880,90.718,96.689,105.742,116.499,113.195,108.996,100.000,102.204,109.121,114.098,124.800,131.208,128.833
"12540","Bakersfield, CA (Metropolitan Statistical Area)"," ","800","Quantity indexes for real GDP by metropolitan area","88","...","Transportation and utilities",64.049,79.788,94.190,89.324,90.720,95.198,100.111,107.201,100.000,105.311,105.791,102.398,99.638,96.819,89.206
"12540","Bakersfield, CA (Metropolitan Statistical Area)"," ","800","Quantity indexes for real GDP by metropolitan area","89","...","Private goods-producing industries",57.450,64.913,62.896,69.732,75.268,84.460,89.440,88.461,100.000,95.090,83.502,91.812,92.763,97.972,99.684
"12540","Bakersfield, CA (Metropolitan Statistical Area)"," ","800","Quantity indexes for real GDP by metropolitan area","90","...","Private services-providing industries",71.752,78.474,84.084,87.283,93.451,98.858,101.682,103.652,100.000,103.350,108.793,113.598,114.910,117.077,115.047
"12540","Bakersfield, CA (Metropolitan Statistical Area)"," ","900","Real GDP by metropolitan area","1","...","All industry total",21439,23289,23652,24883,26434,28281,29442,29558,30592,30424,29591,31340,31510,32491,32549
"12540","Bakersfield, CA (Metropolitan Statistical Area)"," ","900","Real GDP by metropolitan area","2","..."," Private industries",15917,17632,18155,19368,20810,22632,23615,23700,24791,24612,23721,25393,25672,26612,26573
"12540","Bakersfield, CA (Metropolitan Statistical Area)"," ","900","Real GDP by metropolitan area","3","11","  Agriculture, forestry, fishing, and hunting",1425,1906,1636,2086,2553,2599,2493,2034,2340,2880,2597,2684,3065,3188,3443
"12540","Bakersfield, CA (Metropolitan Statistical Area)"," ","900","Real GDP by metropolitan area","4","111-112","   Farms",807,1240,983,1376,1769,1563,1495,1109,1484,1958,1578,1507,1765,1810,"(NA)"
"12540","Bakersfield, CA (Metropolitan Statistical Area)"," ","900","Real GDP by metropolitan area","5","113-115","   Forestry, fishing, and related activities",631,677,669,701,752,1021,990,951,856,916,1060,1277,1395,1485,"(NA)"
"12540","Bakersfield, CA (Metropolitan Statistical Area)"," ","900","Real GDP by metropolitan area","6","21","  Mining",3132,3714,2827,2659,2622,3463,4027,3737,5118,4736,4054,4828,4202,4360,4321
"12540","Bakersfield, CA (Metropolitan Statistical Area)"," ","900","Real GDP by metropolitan area","7","211","   Oil and gas extraction",1808,2799,1945,1807,1819,2454,2885,2571,4070,3689,2955,"(D)",3131,3249,"(NA)"
"12540","Bakersfield, CA (Metropolitan Statistical Area)"," ","900","Real GDP by metropolitan area","8","212","   Mining, except oil and gas",469,437,400,396,339,348,343,315,320,211,195,"(D)",233,257,"(NA)"
"12540","Bakersfield, CA (Metropolitan Statistical Area)"," ","900","Real GDP by metropolitan area","9","213","   Support activities for mining",945,645,615,592,569,751,878,982,727,851,1000,"(D)",905,924,"(NA)"
"12540","Bakersfield, CA (Metropolitan Statistical Area)"," ","900","Real GDP by metropolitan area","10","22","  Utilities",337,525,616,616,569,596,665,656,645,687,706,614,608,548,454
"12540","Bakersfield, CA (Metropolitan Statistical Area)"," ","900","Real GDP by metropolitan area","11","23","  Construction",1308,1309,1376,1548,1731,1803,1717,1542,1279,1211,1374,1657,1645,1606,1379
"12540","Bakersfield, CA (Metropolitan Statistical Area)"," ","900","Real GDP by metropolitan area","12","31-33","  Manufacturing",1371,1220,1923,2210,2255,2297,2424,3307,2978,2326,1845,1737,2052,2398,2552
"12540","Bakersfield, CA (Metropolitan Statistical Area)"," ","900","Real GDP by metropolitan area","13","...","   Durable goods manufacturing",441,443,"(D)",599,"(D)","(D)",675,725,644,636,671,600,682,736,631
"12540","Bakersfield, CA (Metropolitan Statistical Area)"," ","900","Real GDP by metropolitan area","14","321","    Wood products manufacturing",4,5,4,4,4,4,5,7,6,6,7,"(D)",6,6,"(NA)"
"12540","Bakersfield, CA (Metropolitan Statistical Area)"," ","900","Real GDP by metropolitan area","15","327","    Nonmetallic mineral products manufacturing",101,108,97,99,122,111,108,104,80,81,78,"(D)",83,76,"(NA)"
"12540","Bakersfield, CA (Metropolitan Statistical Area)"," ","900","Real GDP by metropolitan area","16","331","    Primary metals manufacturing",3,7,9,19,15,11,5,6,6,5,5,"(D)",8,7,"(NA)"
"12540","Bakersfield, CA (Metropolitan Statistical Area)"," ","900","Real GDP by metropolitan area","17","332","    Fabricated metal products",79,71,74,76,83,92,117,112,90,95,104,"(D)",111,124,"(NA)"
"12540","Bakersfield, CA (Metropolitan Statistical Area)"," ","900","Real GDP by metropolitan area","18","333","    Machinery manufacturing",55,41,43,86,80,98,105,140,102,103,135,"(D)",161,209,"(NA)"
"12540","Bakersfield, CA (Metropolitan Statistical Area)"," ","900","Real GDP by metropolitan area","19","334","    Computer and electronic products manufacturing",10,21,39,"(D)",25,44,63,70,79,93,122,"(D)",174,183,"(NA)"
"12540","Bakersfield, CA (Metropolitan Statistical Area)"," ","900","Real GDP by metropolitan area","20","335","    Electrical equipment, appliance, and components manufacturing","(L)","(D)","(D)","(D)","(D)","(D)","(L)","(L)","(D)","(D)","(L)","(L)","(L)","(D)","(NA)"
"12540","Bakersfield, CA (Metropolitan Statistical Area)"," ","900","Real GDP by metropolitan area","21","3361-3363","    Motor vehicles, bodies and trailers, and parts manufacturing","(D)","(D)","(D)",16,15,18,"(D)","(D)","(D)","(D)","(D)","(D)","(D)","(D)","(NA)"
"12540","Bakersfield, CA (Metropolitan Statistical Area)"," ","900","Real GDP by metropolitan area","22","3364-3366, 3369","    Other transportation equipment manufacturing","(D)","(D)","(D)",207,156,150,"(D)","(D)","(D)","(D)","(D)",62,"(D)","(D)","(NA)"
"12540","Bakersfield, CA (Metropolitan Statistical Area)"," ","900","Real GDP by metropolitan area","23","337","    Furniture and related products manufacturing",13,13,25,16,13,17,14,12,6,6,5,"(D)",8,8,"(NA)"
"12540","Bakersfield, CA (Metropolitan Statistical Area)"," ","900","Real GDP by metropolitan area","24","339","    Miscellaneous manufacturing",42,43,44,49,49,48,47,49,56,54,50,"(D)",46,39,"(NA)"
"12540","Bakersfield, CA (Metropolitan Statistical Area)"," ","900","Real GDP by metropolitan area","25","...","   Nondurable goods manufacturing",929,766,"(D)",1628,"(D)","(D)",1781,2582,2333,1704,1233,1180,1411,1692,1915
"12540","Bakersfield, CA (Metropolitan Statistical Area)"," ","900","Real GDP by metropolitan area","26","311-312","    Food and beverage and tobacco products manufacturing",288,287,410,385,407,499,527,523,610,545,521,559,582,582,"(NA)"
"12540","Bakersfield, CA (Metropolitan Statistical Area)"," ","900","Real GDP by metropolitan area","27","313-314","    Textile mills and textile product mills",2,1,1,"(D)","(D)","(D)",4,2,2,2,"(D)",3,2,2,"(NA)"
"12540","Bakersfield, CA (Metropolitan Statistical Area)"," ","900","Real GDP by metropolitan area","28","315-316","    Apparel and leather and allied products manufacturing","(D)","(L)","(D)","(D)","(D)","(D)","(L)",1,"(D)","(D)","(D)",15,"(D)",23,"(NA)"
"12540","Bakersfield, CA (Metropolitan Statistical Area)"," ","900","Real GDP by metropolitan area","29","322","    Paper products manufacturing","(D)",12,9,"(D)","(D)","(D)",10,5,"(D)","(D)","(D)","(D)","(D)",3,"(NA)"
"12540","Bakersfield, CA (Metropolitan Statistical Area)"," ","900","Real GDP by metropolitan area","30","323","    Printing and related support activities",6,6,7,7,6,6,7,7,7,7,10,"(D)",19,17,"(NA)"
"12540","Bakersfield, CA (Metropolitan Statistical Area)"," ","900","Real GDP by metropolitan area","31","324","    Petroleum and coal products manufacturing",510,335,789,1069,1151,1092,1115,1839,1530,952,575,"(D)",664,896,"(NA)"
"12540","Bakersfield, CA (Metropolitan Statistical Area)"," ","900","Real GDP by metropolitan area","32","325","    Chemical products manufacturing",53,50,78,113,97,118,127,131,143,179,168,"(D)",188,193,"(NA)"
"12540","Bakersfield, CA (Metropolitan Statistical Area)"," ","900","Real GDP by metropolitan area","33","326","    Plastics and rubber products manufacturing",54,55,66,74,69,53,57,45,40,41,39,"(D)",42,47,"(NA)"
"12540","Bakersfield, CA (Metropolitan Statistical Area)"," ","900","Real GDP by metropolitan area","34","42","  Wholesale trade",835,889,934,998,1103,1302,1368,1393,1204,1219,1398,1468,1652,1790,1670
"12540","Bakersfield, CA (Metropolitan Statistical Area)"," ","900","Real GDP by metropolitan area","35","44-45","  Retail trade",1529,1602,1727,1839,2000,2123,1967,1823,1744,1794,1817,1894,2024,2074,2125
"12540","Bakersfield, CA (Metropolitan Statistical Area)"," ","900","Real GDP by metropolitan area","36","48-49","  Transportation and warehousing",636,704,834,763,826,868,876,991,892,932,921,957,921,936,911
"12540","Bakersfield, CA (Metropolitan Statistical Area)"," ","900","Real GDP by metropolitan area","37","481","   Air transportation",2,2,3,8,11,14,17,14,13,14,15,"(D)",6,"(D)","(NA)"
"12540","Bakersfield, CA (Metropolitan Statistical Area)"," ","900","Real GDP by metropolitan area","38","482","   Rail transportation",77,66,70,77,77,72,68,63,48,43,47,51,52,55,"(NA)"
"12540","Bakersfield, CA (Metropolitan Statistical Area)"," ","900","Real GDP by metropolitan area","39","483","   Water transportation","(L)","(L)","(L)","(L)","(D)","(D)","(D)","(D)","(D)","(D)","(L)","(L)","(D)","(D)","(NA)"
"12540","Bakersfield, CA (Metropolitan Statistical Area)"," ","900","Real GDP by metropolitan area","40","484","   Truck transportation",298,319,342,361,395,427,431,464,452,453,456,"(D)",483,463,"(NA)"
"12540","Bakersfield, CA (Metropolitan Statistical Area)"," ","900","Real GDP by metropolitan area","41","485","   Transit and ground passenger transportation",19,17,16,14,18,17,18,18,14,14,12,"(D)",15,13,"(NA)"
"12540","Bakersfield, CA (Metropolitan Statistical Area)"," ","900","Real GDP by metropolitan area","42","486","   Pipeline transportation",58,37,50,81,80,83,120,214,160,208,185,"(D)",136,150,"(NA)"
"12540","Bakersfield, CA (Metropolitan Statistical Area)"," ","900","Real GDP by metropolitan area","43","487-488, 492","   Other transportation and support activities",127,151,164,111,"(D)","(D)","(D)","(D)","(D)","(D)",105,118,"(D)",132,"(NA)"
"12540","Bakersfield, CA (Metropolitan Statistical Area)"," ","900","Real GDP by metropolitan area","44","493","   Warehousing and storage",54,112,182,108,122,120,105,105,97,96,101,"(D)",116,118,"(NA)"
"12540","Bakersfield, CA (Metropolitan Statistical Area)"," ","900","Real GDP by metropolitan area","45","51","  Information",247,280,315,338,384,416,475,503,451,459,452,429,426,425,508
"12540","Bakersfield, CA (Metropolitan Statistical Area)"," ","900","Real GDP by metropolitan area","46","511","   Publishing industries, except Internet (includes software)","(D)","(D)","(D)",63,66,66,83,77,68,69,74,"(D)",74,68,"(NA)"
"12540","Bakersfield, CA (Metropolitan Statistical Area)"," ","900","Real GDP by metropolitan area","47","512","   Motion picture and sound recording industries",16,19,25,17,12,22,17,"(D)","(D)",15,17,"(D)","(D)",16,"(NA)"
"12540","Bakersfield, CA (Metropolitan Statistical Area)"," ","900","Real GDP by metropolitan area","48","515, 517","   Broadcasting and telecommunications",183,197,220,239,285,300,356,365,325,335,322,"(D)",308,323,"(NA)"
"12540","Bakersfield, CA (Metropolitan Statistical Area)"," ","900","Real GDP by metropolitan area","49","518, 519","   Data processing, internet publishing, and other information services","(D)","(D)","(D)",20,21,28,19,"(D)","(D)",40,39,"(D)","(D)",18,"(NA)"
"12540","Bakersfield, CA (Metropolitan Statistical Area)"," ","900","Real GDP by metropolitan area","50","52, 53","  Finance, insurance, real estate, rental, and leasing",1745,1980,2138,2298,2517,2614,2821,2866,2885,3062,3331,3616,3518,3509,3440
"12540","Bakersfield, CA (Metropolitan Statistical Area)"," ","900","Real GDP by metropolitan area","51","52","   Finance and insurance",425,476,514,524,533,573,563,525,603,587,637,655,690,678,682
"12540","Bakersfield, CA (Metropolitan Statistical Area)"," ","900","Real GDP by metropolitan area","52","521-522","    Federal Reserve banks, credit intermediation, and related services",151,197,211,173,180,218,217,238,292,278,281,"(D)",260,260,"(NA)"
"12540","Bakersfield, CA (Metropolitan Statistical Area)"," ","900","Real GDP by metropolitan area","53","523","    Securities, commodity contracts, and investments",59,51,52,47,61,52,31,12,34,38,37,"(D)","(D)","(D)","(NA)"
"12540","Bakersfield, CA (Metropolitan Statistical Area)"," ","900","Real GDP by metropolitan area","54","524","    Insurance carriers and related activities",220,230,253,313,302,310,317,275,272,269,319,"(D)",391,378,"(NA)"
"12540","Bakersfield, CA (Metropolitan Statistical Area)"," ","900","Real GDP by metropolitan area","55","525","    Funds, trusts, and other financial vehicles",5,3,4,3,3,3,2,2,5,3,2,"(D)","(D)","(D)","(NA)"
"12540","Bakersfield, CA (Metropolitan Statistical Area)"," ","900","Real GDP by metropolitan area","56","53","   Real estate and rental and leasing",1309,1493,1611,1764,1979,2034,2256,2345,2282,2477,2695,2965,2828,2831,2756
"12540","Bakersfield, CA (Metropolitan Statistical Area)"," ","900","Real GDP by metropolitan area","57","531","    Real estate",1113,1285,1414,1540,1758,1763,1992,2087,2036,2215,2400,"(D)",2426,2455,"(NA)"
"12540","Bakersfield, CA (Metropolitan Statistical Area)"," ","900","Real GDP by metropolitan area","58","532-533","    Rental and leasing services and lessors of intangible assets",198,210,198,226,221,273,265,258,246,262,295,"(D)",403,377,"(NA)"
"12540","Bakersfield, CA (Metropolitan Statistical Area)"," ","900","Real GDP by metropolitan area","59","54, 55, 56","  Professional and business services",1433,1542,1647,1629,1786,1890,1982,2115,2081,2186,2280,2406,2357,2411,2350
"12540","Bakersfield, CA (Metropolitan Statistical Area)"," ","900","Real GDP by metropolitan area","60","54","   Professional, scientific, and technical services",731,783,850,880,890,994,1019,1136,1043,1104,1123,1212,1176,1168,1068
"12540","Bakersfield, CA (Metropolitan Statistical Area)"," ","900","Real GDP by metropolitan area","64","55","   Management of companies and enterprises",270,299,286,219,218,205,203,209,307,323,341,349,363,382,387
"12540","Bakersfield, CA (Metropolitan Statistical Area)"," ","900","Real GDP by metropolitan area","65","56","   Administrative and waste management services",455,487,531,538,680,690,760,768,731,759,817,844,818,862,898
"12540","Bakersfield, CA (Metropolitan Statistical Area)"," ","900","Real GDP by metropolitan area","66","561","    Administrative and support services",377,406,441,449,575,590,638,633,598,590,674,"(D)",687,663,"(NA)"
"12540","Bakersfield, CA (Metropolitan Statistical Area)"," ","900","Real GDP by metropolitan area","67","562","    Waste management and remediation services",77,81,90,88,104,100,122,135,133,169,145,"(D)",133,197,"(NA)"
"12540","Bakersfield, CA (Metropolitan Statistical Area)"," ","900","Real GDP by metropolitan area","68","61, 62","  Educational services, health care, and social assistance",1353,1391,1409,1448,1460,1514,1580,1647,1689,1703,1803,1855,1896,1942,2003
"12540","Bakersfield, CA (Metropolitan Statistical Area)"," ","900","Real GDP by metropolitan area","69","61","   Educational services",55,58,63,69,69,49,55,60,65,69,75,78,67,67,54
"12540","Bakersfield, CA (Metropolitan Statistical Area)"," ","900","Real GDP by metropolitan area","70","62","   Health care and social assistance",1298,1334,1346,1380,1392,1466,1525,1587,1624,1634,1727,1777,1829,1875,1951
"12540","Bakersfield, CA (Metropolitan Statistical Area)"," ","900","Real GDP by metropolitan area","71","621","    Ambulatory health care services",705,728,732,760,777,837,841,826,820,803,838,"(D)",888,931,"(NA)"
"12540","Bakersfield, CA (Metropolitan Statistical Area)"," ","900","Real GDP by metropolitan area","72","622-623","    Hospitals and nursing and residential care facilities",434,451,456,465,458,451,495,575,605,628,679,719,727,732,"(NA)"
"12540","Bakersfield, CA (Metropolitan Statistical Area)"," ","900","Real GDP by metropolitan area","73","624","    Social assistance",159,155,159,155,156,176,188,186,199,203,210,"(D)",214,213,"(NA)"
"12540","Bakersfield, CA (Metropolitan Statistical Area)"," ","900","Real GDP by metropolitan area","74","71, 72","  Arts, entertainment, recreation, accommodation, and food services",561,588,630,685,705,711,726,713,658,662,684,688,697,726,731
"12540","Bakersfield, CA (Metropolitan Statistical Area)"," ","900","Real GDP by metropolitan area","75","71","   Arts, entertainment, and recreation",73,76,82,89,101,108,115,115,117,119,121,123,125,127,113
"12540","Bakersfield, CA (Metropolitan Statistical Area)"," ","900","Real GDP by metropolitan area","76","711-712","    Performing arts, spectator sports, museums, and related activities",28,31,37,38,38,42,41,42,44,37,38,"(D)",44,44,"(NA)"
"12540","Bakersfield, CA (Metropolitan Statistical Area)"," ","900","Real GDP by metropolitan area","77","713","    Amusements, gambling, and recreation industries",45,46,45,51,63,66,74,73,73,82,83,"(D)",81,83,"(NA)"
"12540","Bakersfield, CA (Metropolitan Statistical Area)"," ","900","Real GDP by metropolitan area","78","72","   Accommodation and food services",490,513,550,598,605,604,611,599,541,542,564,565,572,599,617
"12540","Bakersfield, CA (Metropolitan Statistical Area)"," ","900","Real GDP by metropolitan area","79","721","    Accommodation",72,82,91,99,92,87,92,88,70,71,77,"(D)",81,80,"(NA)"
"12540","Bakersfield, CA (Metropolitan Statistical Area)"," ","900","Real GDP by metropolitan area","80","722","    Food services and drinking places",417,429,458,498,512,516,518,510,472,471,487,"(D)",491,519,"(NA)"
"12540","Bakersfield, CA (Metropolitan Statistical Area)"," ","900","Real GDP by metropolitan area","81","81","  Other services, except government",726,796,778,825,877,904,841,852,827,811,831,915,903,921,838
"12540","Bakersfield, CA (Metropolitan Statistical Area)"," ","900","Real GDP by metropolitan area","82","92"," Government",5664,5784,5610,5612,5701,5687,5861,5893,5801,5814,5892,5940,5817,5844,5940
"12540","Bakersfield, CA (Metropolitan Statistical Area)"," ","900","Real GDP by metropolitan area","83","...","  Federal civilian",1635,1665,1478,1441,1402,1409,1476,1490,1535,1556,1535,1511,1412,1405,"(NA)"
"12540","Bakersfield, CA (Metropolitan Statistical Area)"," ","900","Real GDP by metropolitan area","84","...","  Federal military",700,710,679,687,653,587,486,455,475,504,535,566,545,532,"(NA)"
"12540","Bakersfield, CA (Metropolitan Statistical Area)"," ","900","Real GDP by metropolitan area","85","...","  State and local",3309,3388,3438,3469,3635,3682,3893,3949,3792,3754,3823,3864,3861,3907,"(NA)"
"12540","Bakersfield, CA (Metropolitan Statistical Area)"," ","900","Real GDP by metropolitan area","86","11, 21","Natural resources and mining",4143,5198,4183,4551,4979,5917,6424,5726,7458,7589,6622,7471,7265,7547,7807
"12540","Bakersfield, CA (Metropolitan Statistical Area)"," ","900","Real GDP by metropolitan area","87","42, 44-45","Trade",2375,2502,2675,2851,3117,3435,3337,3213,2948,3013,3217,3364,3679,3868,3798
"12540","Bakersfield, CA (Metropolitan Statistical Area)"," ","900","Real GDP by metropolitan area","88","...","Transportation and utilities",985,1227,1448,1373,1395,1464,1539,1648,1537,1619,1626,1574,1532,1489,1371
"12540","Bakersfield, CA (Metropolitan Statistical Area)"," ","900","Real GDP by metropolitan area","89","...","Private goods-producing industries",6730,7604,7368,8169,8817,9894,10477,10363,11715,11139,9782,10755,10867,11477,11677
"12540","Bakersfield, CA (Metropolitan Statistical Area)"," ","900","Real GDP by metropolitan area","90","...","Private services-providing industries",9382,10262,10995,11413,12220,12927,13296,13554,13076,13514,14226,14854,15026,15309,15044
"12540","Bakersfield, CA (Metropolitan Statistical Area)"," ","1000","Per capita real GDP by metropolitan area","1","...","All industry total",31687,33555,33114,33795,34749,36049,36652,36120,36852,36143,34819,36591,36389,37150,36896
"Note: See the included footnote file."
NAICS Industry detail is based on the 2007 North American Industry Classification System (NAICS).
"Source: U.S. Department of Commerce / Bureau of Economic Analysis / Regional Product Division"
