"GeoFIPS","GeoName","Region","ComponentId","ComponentName","IndustryId","IndustryClassification","Description","2001","2002","2003","2004","2005","2006","2007","2008","2009","2010","2011","2012","2013","2014","2015"
"11540","Appleton, WI (Metropolitan Statistical Area)"," ","200","Gross domestic product (GDP) by metropolitan area","1","...","All industry total",7591,7634,8114,8689,9095,9410,9887,9786,10045,10099,10477,10926,11141,11803,12318
"11540","Appleton, WI (Metropolitan Statistical Area)"," ","200","Gross domestic product (GDP) by metropolitan area","2","..."," Private industries",7009,7013,7438,7967,8319,8599,9018,8853,9069,9088,9456,9870,10121,10757,11252
"11540","Appleton, WI (Metropolitan Statistical Area)"," ","200","Gross domestic product (GDP) by metropolitan area","3","11","  Agriculture, forestry, fishing, and hunting","(D)","(D)","(D)","(D)","(D)","(D)","(D)","(D)","(D)","(D)","(D)","(D)","(D)","(D)",208
"11540","Appleton, WI (Metropolitan Statistical Area)"," ","200","Gross domestic product (GDP) by metropolitan area","4","111-112","   Farms",103,94,128,135,135,119,169,160,67,124,199,193,205,240,"(NA)"
"11540","Appleton, WI (Metropolitan Statistical Area)"," ","200","Gross domestic product (GDP) by metropolitan area","5","113-115","   Forestry, fishing, and related activities","(D)","(D)","(D)","(D)","(D)","(D)","(D)","(D)","(D)","(D)","(D)","(D)","(D)","(D)","(NA)"
"11540","Appleton, WI (Metropolitan Statistical Area)"," ","200","Gross domestic product (GDP) by metropolitan area","6","21","  Mining","(D)","(D)","(D)","(D)","(D)","(D)","(D)","(D)","(D)","(D)","(D)","(D)","(D)","(D)",85
"11540","Appleton, WI (Metropolitan Statistical Area)"," ","200","Gross domestic product (GDP) by metropolitan area","7","211","   Oil and gas extraction","(L)","(L)","(L)","(L)","(L)","(L)","(L)","(L)","(L)","(L)","(L)","(L)","(L)","(L)","(NA)"
"11540","Appleton, WI (Metropolitan Statistical Area)"," ","200","Gross domestic product (GDP) by metropolitan area","8","212","   Mining, except oil and gas","(D)","(D)","(D)","(D)","(D)","(D)","(D)","(D)","(D)","(D)","(D)","(D)","(D)","(D)","(NA)"
"11540","Appleton, WI (Metropolitan Statistical Area)"," ","200","Gross domestic product (GDP) by metropolitan area","9","213","   Support activities for mining","(L)","(L)","(L)","(L)","(L)","(L)","(L)","(L)","(L)","(L)","(D)","(D)","(D)","(D)","(NA)"
"11540","Appleton, WI (Metropolitan Statistical Area)"," ","200","Gross domestic product (GDP) by metropolitan area","10","22","  Utilities","(D)","(D)","(D)","(D)","(D)","(D)","(D)","(D)","(D)","(D)","(D)","(D)","(D)","(D)","(D)"
"11540","Appleton, WI (Metropolitan Statistical Area)"," ","200","Gross domestic product (GDP) by metropolitan area","11","23","  Construction",548,534,649,698,753,727,748,682,611,610,645,714,649,688,756
"11540","Appleton, WI (Metropolitan Statistical Area)"," ","200","Gross domestic product (GDP) by metropolitan area","12","31-33","  Manufacturing",2074,2048,2052,2122,2140,2313,2329,2179,2413,2194,2299,2501,2645,2790,2872
"11540","Appleton, WI (Metropolitan Statistical Area)"," ","200","Gross domestic product (GDP) by metropolitan area","13","...","   Durable goods manufacturing",697,"(D)","(D)","(D)",766,815,814,830,"(D)",796,937,1015,1117,1170,1241
"11540","Appleton, WI (Metropolitan Statistical Area)"," ","200","Gross domestic product (GDP) by metropolitan area","14","321","    Wood products manufacturing","(D)","(D)",20,23,33,32,36,29,27,27,27,34,35,"(D)","(NA)"
"11540","Appleton, WI (Metropolitan Statistical Area)"," ","200","Gross domestic product (GDP) by metropolitan area","15","327","    Nonmetallic mineral products manufacturing","(D)",20,"(D)",26,30,32,26,25,"(D)","(D)","(D)","(D)","(D)",27,"(NA)"
"11540","Appleton, WI (Metropolitan Statistical Area)"," ","200","Gross domestic product (GDP) by metropolitan area","16","331","    Primary metals manufacturing","(D)","(D)","(D)","(D)","(D)","(D)","(D)","(D)","(D)","(D)","(D)","(D)",76,85,"(NA)"
"11540","Appleton, WI (Metropolitan Statistical Area)"," ","200","Gross domestic product (GDP) by metropolitan area","17","332","    Fabricated metal products",124,123,131,144,140,158,167,175,164,175,175,199,198,211,"(NA)"
"11540","Appleton, WI (Metropolitan Statistical Area)"," ","200","Gross domestic product (GDP) by metropolitan area","18","333","    Machinery manufacturing",391,300,296,299,310,334,315,312,293,330,408,436,435,467,"(NA)"
"11540","Appleton, WI (Metropolitan Statistical Area)"," ","200","Gross domestic product (GDP) by metropolitan area","19","334","    Computer and electronic products manufacturing",30,21,14,"(D)","(D)","(D)","(D)",31,31,34,24,"(D)","(D)","(D)","(NA)"
"11540","Appleton, WI (Metropolitan Statistical Area)"," ","200","Gross domestic product (GDP) by metropolitan area","20","335","    Electrical equipment, appliance, and components manufacturing",9,"(D)",14,12,11,14,17,20,18,16,15,16,17,17,"(NA)"
"11540","Appleton, WI (Metropolitan Statistical Area)"," ","200","Gross domestic product (GDP) by metropolitan area","21","3361-3363","    Motor vehicles, bodies and trailers, and parts manufacturing","(D)","(D)","(D)","(D)","(D)","(D)","(D)","(D)","(D)","(D)","(D)","(D)","(D)","(D)","(NA)"
"11540","Appleton, WI (Metropolitan Statistical Area)"," ","200","Gross domestic product (GDP) by metropolitan area","22","3364-3366, 3369","    Other transportation equipment manufacturing","(D)","(D)","(D)","(D)","(D)","(D)","(D)","(D)","(D)","(D)","(D)","(D)","(D)",179,"(NA)"
"11540","Appleton, WI (Metropolitan Statistical Area)"," ","200","Gross domestic product (GDP) by metropolitan area","23","337","    Furniture and related products manufacturing",23,26,27,27,23,"(D)","(D)","(D)","(D)","(D)","(D)","(D)","(D)","(D)","(NA)"
"11540","Appleton, WI (Metropolitan Statistical Area)"," ","200","Gross domestic product (GDP) by metropolitan area","24","339","    Miscellaneous manufacturing",16,"(D)","(D)","(D)",9,"(D)","(D)","(D)","(D)","(D)","(D)","(D)","(D)","(D)","(NA)"
"11540","Appleton, WI (Metropolitan Statistical Area)"," ","200","Gross domestic product (GDP) by metropolitan area","25","...","   Nondurable goods manufacturing",1377,"(D)","(D)","(D)",1374,1498,1515,1349,"(D)",1399,1362,1486,1528,1620,1631
"11540","Appleton, WI (Metropolitan Statistical Area)"," ","200","Gross domestic product (GDP) by metropolitan area","26","311-312","    Food and beverage and tobacco products manufacturing","(D)","(D)","(D)","(D)","(D)","(D)","(D)","(D)","(D)","(D)","(D)","(D)","(D)","(D)","(NA)"
"11540","Appleton, WI (Metropolitan Statistical Area)"," ","200","Gross domestic product (GDP) by metropolitan area","27","313-314","    Textile mills and textile product mills","(D)","(D)","(D)",41,34,58,47,43,54,59,52,55,55,57,"(NA)"
"11540","Appleton, WI (Metropolitan Statistical Area)"," ","200","Gross domestic product (GDP) by metropolitan area","28","315-316","    Apparel and leather and allied products manufacturing","(D)","(D)","(D)","(D)","(D)","(D)","(D)","(D)","(D)","(D)","(D)","(D)","(D)","(D)","(NA)"
"11540","Appleton, WI (Metropolitan Statistical Area)"," ","200","Gross domestic product (GDP) by metropolitan area","29","322","    Paper products manufacturing","(D)","(D)","(D)","(D)","(D)","(D)","(D)","(D)","(D)","(D)","(D)","(D)","(D)","(D)","(NA)"
"11540","Appleton, WI (Metropolitan Statistical Area)"," ","200","Gross domestic product (GDP) by metropolitan area","30","323","    Printing and related support activities",61,73,85,89,87,99,111,115,118,122,142,164,165,"(D)","(NA)"
"11540","Appleton, WI (Metropolitan Statistical Area)"," ","200","Gross domestic product (GDP) by metropolitan area","31","324","    Petroleum and coal products manufacturing","(L)","(L)","(L)","(L)","(L)","(L)","(L)","(L)","(L)","(L)","(D)","(D)","(D)","(D)","(NA)"
"11540","Appleton, WI (Metropolitan Statistical Area)"," ","200","Gross domestic product (GDP) by metropolitan area","32","325","    Chemical products manufacturing",20,23,28,43,"(D)","(D)","(D)","(D)",70,62,69,73,75,81,"(NA)"
"11540","Appleton, WI (Metropolitan Statistical Area)"," ","200","Gross domestic product (GDP) by metropolitan area","33","326","    Plastics and rubber products manufacturing",67,64,57,127,131,133,"(D)",129,143,"(D)","(D)","(D)","(D)",183,"(NA)"
"11540","Appleton, WI (Metropolitan Statistical Area)"," ","200","Gross domestic product (GDP) by metropolitan area","34","42","  Wholesale trade","(D)",465,490,512,520,544,564,687,649,690,700,735,804,857,873
"11540","Appleton, WI (Metropolitan Statistical Area)"," ","200","Gross domestic product (GDP) by metropolitan area","35","44-45","  Retail trade",593,625,661,674,683,697,704,670,663,678,691,683,710,739,801
"11540","Appleton, WI (Metropolitan Statistical Area)"," ","200","Gross domestic product (GDP) by metropolitan area","36","48-49","  Transportation and warehousing","(D)","(D)","(D)","(D)","(D)","(D)","(D)","(D)","(D)","(D)","(D)","(D)","(D)","(D)","(D)"
"11540","Appleton, WI (Metropolitan Statistical Area)"," ","200","Gross domestic product (GDP) by metropolitan area","37","481","   Air transportation","(D)",48,52,"(D)",60,46,40,40,41,"(D)","(D)","(D)","(D)","(D)","(NA)"
"11540","Appleton, WI (Metropolitan Statistical Area)"," ","200","Gross domestic product (GDP) by metropolitan area","38","482","   Rail transportation",3,3,3,3,4,4,5,5,5,5,6,6,9,10,"(NA)"
"11540","Appleton, WI (Metropolitan Statistical Area)"," ","200","Gross domestic product (GDP) by metropolitan area","39","483","   Water transportation","(L)","(L)","(L)","(L)","(L)","(L)","(L)","(L)","(L)","(L)","(L)","(L)","(L)","(L)","(NA)"
"11540","Appleton, WI (Metropolitan Statistical Area)"," ","200","Gross domestic product (GDP) by metropolitan area","40","484","   Truck transportation",85,90,96,97,101,106,99,93,92,98,110,118,126,132,"(NA)"
"11540","Appleton, WI (Metropolitan Statistical Area)"," ","200","Gross domestic product (GDP) by metropolitan area","41","485","   Transit and ground passenger transportation","(D)","(D)","(D)","(D)","(D)",18,20,"(D)","(D)",32,39,18,20,21,"(NA)"
"11540","Appleton, WI (Metropolitan Statistical Area)"," ","200","Gross domestic product (GDP) by metropolitan area","42","486","   Pipeline transportation","(L)","(L)","(L)","(L)","(D)","(D)","(D)","(D)","(D)","(L)","(L)","(L)","(L)","(L)","(NA)"
"11540","Appleton, WI (Metropolitan Statistical Area)"," ","200","Gross domestic product (GDP) by metropolitan area","43","487-488, 492","   Other transportation and support activities","(D)","(D)","(D)","(D)","(D)","(D)","(D)","(D)","(D)","(D)","(D)","(D)","(D)","(D)","(NA)"
"11540","Appleton, WI (Metropolitan Statistical Area)"," ","200","Gross domestic product (GDP) by metropolitan area","44","493","   Warehousing and storage",25,27,30,36,37,38,38,29,59,53,52,68,45,45,"(NA)"
"11540","Appleton, WI (Metropolitan Statistical Area)"," ","200","Gross domestic product (GDP) by metropolitan area","45","51","  Information",321,327,306,333,344,334,359,399,389,428,423,428,477,488,494
"11540","Appleton, WI (Metropolitan Statistical Area)"," ","200","Gross domestic product (GDP) by metropolitan area","46","511","   Publishing industries, except Internet (includes software)",36,48,47,53,55,"(D)","(D)","(D)","(D)","(D)","(D)","(D)","(D)","(D)","(NA)"
"11540","Appleton, WI (Metropolitan Statistical Area)"," ","200","Gross domestic product (GDP) by metropolitan area","47","512","   Motion picture and sound recording industries","(D)",7,6,6,"(D)","(D)","(D)","(D)","(D)","(D)","(D)","(D)","(D)",2,"(NA)"
"11540","Appleton, WI (Metropolitan Statistical Area)"," ","200","Gross domestic product (GDP) by metropolitan area","48","515, 517","   Broadcasting and telecommunications",269,263,246,266,"(D)",273,290,330,"(D)","(D)","(D)","(D)",399,"(D)","(NA)"
"11540","Appleton, WI (Metropolitan Statistical Area)"," ","200","Gross domestic product (GDP) by metropolitan area","49","518, 519","   Data processing, internet publishing, and other information services","(D)",8,8,9,8,"(D)",7,"(D)","(D)","(D)","(D)","(D)",22,21,"(NA)"
"11540","Appleton, WI (Metropolitan Statistical Area)"," ","200","Gross domestic product (GDP) by metropolitan area","50","52, 53","  Finance, insurance, real estate, rental, and leasing",1194,1134,1236,1388,1539,1540,1726,1586,1759,1749,1810,1797,1731,1902,2018
"11540","Appleton, WI (Metropolitan Statistical Area)"," ","200","Gross domestic product (GDP) by metropolitan area","51","52","   Finance and insurance",614,676,771,910,1005,973,1021,806,871,843,891,919,899,1044,1112
"11540","Appleton, WI (Metropolitan Statistical Area)"," ","200","Gross domestic product (GDP) by metropolitan area","52","521-522","    Federal Reserve banks, credit intermediation, and related services",119,173,199,192,223,202,218,245,240,191,211,228,207,207,"(NA)"
"11540","Appleton, WI (Metropolitan Statistical Area)"," ","200","Gross domestic product (GDP) by metropolitan area","53","523","    Securities, commodity contracts, and investments","(D)","(D)","(D)","(D)","(D)","(D)","(D)","(D)","(D)","(D)","(D)","(D)",72,82,"(NA)"
"11540","Appleton, WI (Metropolitan Statistical Area)"," ","200","Gross domestic product (GDP) by metropolitan area","54","524","    Insurance carriers and related activities",411,"(D)",500,635,673,642,671,517,559,"(D)",621,627,617,751,"(NA)"
"11540","Appleton, WI (Metropolitan Statistical Area)"," ","200","Gross domestic product (GDP) by metropolitan area","55","525","    Funds, trusts, and other financial vehicles","(D)","(D)","(D)","(D)","(D)","(D)","(D)","(D)","(D)","(D)","(D)","(D)",4,5,"(NA)"
"11540","Appleton, WI (Metropolitan Statistical Area)"," ","200","Gross domestic product (GDP) by metropolitan area","56","53","   Real estate and rental and leasing",580,459,465,478,534,567,705,780,888,906,919,877,831,858,905
"11540","Appleton, WI (Metropolitan Statistical Area)"," ","200","Gross domestic product (GDP) by metropolitan area","57","531","    Real estate","(D)","(D)",412,425,488,517,651,716,"(D)","(D)","(D)","(D)","(D)","(D)","(NA)"
"11540","Appleton, WI (Metropolitan Statistical Area)"," ","200","Gross domestic product (GDP) by metropolitan area","58","532-533","    Rental and leasing services and lessors of intangible assets","(D)","(D)",53,52,45,49,54,64,"(D)","(D)","(D)","(D)","(D)","(D)","(NA)"
"11540","Appleton, WI (Metropolitan Statistical Area)"," ","200","Gross domestic product (GDP) by metropolitan area","59","54, 55, 56","  Professional and business services",449,487,543,604,678,723,783,823,776,815,856,875,923,976,1041
"11540","Appleton, WI (Metropolitan Statistical Area)"," ","200","Gross domestic product (GDP) by metropolitan area","60","54","   Professional, scientific, and technical services","(D)","(D)","(D)","(D)","(D)","(D)",364,388,363,378,379,404,"(D)","(D)","(D)"
"11540","Appleton, WI (Metropolitan Statistical Area)"," ","200","Gross domestic product (GDP) by metropolitan area","64","55","   Management of companies and enterprises","(D)","(D)","(D)","(D)","(D)","(D)",116,113,"(D)","(D)","(D)","(D)","(D)","(D)","(D)"
"11540","Appleton, WI (Metropolitan Statistical Area)"," ","200","Gross domestic product (GDP) by metropolitan area","65","56","   Administrative and waste management services",163,178,196,218,251,266,304,322,"(D)","(D)","(D)","(D)",405,436,459
"11540","Appleton, WI (Metropolitan Statistical Area)"," ","200","Gross domestic product (GDP) by metropolitan area","66","561","    Administrative and support services",156,"(D)","(D)","(D)","(D)","(D)",292,310,301,323,357,359,396,426,"(NA)"
"11540","Appleton, WI (Metropolitan Statistical Area)"," ","200","Gross domestic product (GDP) by metropolitan area","67","562","    Waste management and remediation services",7,"(D)","(D)","(D)","(D)","(D)",12,12,"(D)","(D)","(D)","(D)",9,10,"(NA)"
"11540","Appleton, WI (Metropolitan Statistical Area)"," ","200","Gross domestic product (GDP) by metropolitan area","68","61, 62","  Educational services, health care, and social assistance",493,530,572,643,648,681,737,804,849,846,885,966,968,1013,1045
"11540","Appleton, WI (Metropolitan Statistical Area)"," ","200","Gross domestic product (GDP) by metropolitan area","69","61","   Educational services",47,49,"(D)",56,"(D)","(D)","(D)","(D)","(D)","(D)","(D)",72,"(D)","(D)",79
"11540","Appleton, WI (Metropolitan Statistical Area)"," ","200","Gross domestic product (GDP) by metropolitan area","70","62","   Health care and social assistance",446,481,"(D)",587,"(D)","(D)","(D)","(D)","(D)","(D)","(D)",893,"(D)","(D)",966
"11540","Appleton, WI (Metropolitan Statistical Area)"," ","200","Gross domestic product (GDP) by metropolitan area","71","621","    Ambulatory health care services",237,270,300,339,345,363,399,435,435,422,455,498,504,527,"(NA)"
"11540","Appleton, WI (Metropolitan Statistical Area)"," ","200","Gross domestic product (GDP) by metropolitan area","72","622-623","    Hospitals and nursing and residential care facilities","(D)","(D)","(D)","(D)","(D)","(D)","(D)","(D)","(D)","(D)","(D)","(D)",339,350,"(NA)"
"11540","Appleton, WI (Metropolitan Statistical Area)"," ","200","Gross domestic product (GDP) by metropolitan area","73","624","    Social assistance","(D)","(D)",29,"(D)","(D)","(D)","(D)","(D)","(D)","(D)","(D)","(D)","(D)","(D)","(NA)"
"11540","Appleton, WI (Metropolitan Statistical Area)"," ","200","Gross domestic product (GDP) by metropolitan area","74","71, 72","  Arts, entertainment, recreation, accommodation, and food services",186,195,217,236,239,252,260,258,262,269,289,310,322,335,358
"11540","Appleton, WI (Metropolitan Statistical Area)"," ","200","Gross domestic product (GDP) by metropolitan area","75","71","   Arts, entertainment, and recreation",28,31,39,39,40,40,42,42,40,42,47,54,57,59,65
"11540","Appleton, WI (Metropolitan Statistical Area)"," ","200","Gross domestic product (GDP) by metropolitan area","76","711-712","    Performing arts, spectator sports, museums, and related activities","(D)","(D)","(D)","(D)","(D)",15,16,17,18,18,18,20,20,22,"(NA)"
"11540","Appleton, WI (Metropolitan Statistical Area)"," ","200","Gross domestic product (GDP) by metropolitan area","77","713","    Amusements, gambling, and recreation industries","(D)","(D)","(D)","(D)","(D)",25,25,25,22,25,28,34,37,37,"(NA)"
"11540","Appleton, WI (Metropolitan Statistical Area)"," ","200","Gross domestic product (GDP) by metropolitan area","78","72","   Accommodation and food services",158,164,179,197,199,212,218,216,222,227,242,256,264,276,293
"11540","Appleton, WI (Metropolitan Statistical Area)"," ","200","Gross domestic product (GDP) by metropolitan area","79","721","    Accommodation",28,31,33,37,38,41,40,40,35,"(D)",40,40,44,47,"(NA)"
"11540","Appleton, WI (Metropolitan Statistical Area)"," ","200","Gross domestic product (GDP) by metropolitan area","80","722","    Food services and drinking places",130,133,146,160,161,171,178,176,187,"(D)",202,216,220,229,"(NA)"
"11540","Appleton, WI (Metropolitan Statistical Area)"," ","200","Gross domestic product (GDP) by metropolitan area","81","81","  Other services, except government",206,227,208,216,227,241,235,245,244,246,250,261,274,285,317
"11540","Appleton, WI (Metropolitan Statistical Area)"," ","200","Gross domestic product (GDP) by metropolitan area","82","92"," Government",582,622,676,721,776,811,869,934,976,1011,1021,1056,1020,1047,1065
"11540","Appleton, WI (Metropolitan Statistical Area)"," ","200","Gross domestic product (GDP) by metropolitan area","83","...","  Federal civilian",38,39,46,48,51,53,55,75,74,79,81,84,83,86,"(NA)"
"11540","Appleton, WI (Metropolitan Statistical Area)"," ","200","Gross domestic product (GDP) by metropolitan area","84","...","  Federal military",15,19,25,26,29,29,29,30,33,32,31,32,31,29,"(NA)"
"11540","Appleton, WI (Metropolitan Statistical Area)"," ","200","Gross domestic product (GDP) by metropolitan area","85","...","  State and local",529,563,605,647,696,729,785,828,869,900,909,940,907,931,"(NA)"
"11540","Appleton, WI (Metropolitan Statistical Area)"," ","200","Gross domestic product (GDP) by metropolitan area","86","11, 21","Natural resources and mining","(D)",158,197,219,222,219,262,233,134,217,250,248,265,312,292
"11540","Appleton, WI (Metropolitan Statistical Area)"," ","200","Gross domestic product (GDP) by metropolitan area","87","42, 44-45","Trade","(D)",1091,1150,1185,1203,1241,1268,1356,1312,1368,1391,1418,1514,1596,1674
"11540","Appleton, WI (Metropolitan Statistical Area)"," ","200","Gross domestic product (GDP) by metropolitan area","88","...","Transportation and utilities",312,283,307,324,326,329,312,286,320,346,360,353,352,371,386
"11540","Appleton, WI (Metropolitan Statistical Area)"," ","200","Gross domestic product (GDP) by metropolitan area","89","...","Private goods-producing industries",2783,2740,2898,3039,3114,3258,3339,3094,3158,3022,3194,3463,3560,3790,3920
"11540","Appleton, WI (Metropolitan Statistical Area)"," ","200","Gross domestic product (GDP) by metropolitan area","90","...","Private services-providing industries",4226,4273,4540,4928,5205,5340,5680,5758,5911,6067,6262,6407,6561,6966,7332
"11540","Appleton, WI (Metropolitan Statistical Area)"," ","800","Quantity indexes for real GDP by metropolitan area","1","...","All industry total",91.706,90.848,95.432,99.633,101.309,101.496,103.541,100.502,100.000,99.691,101.816,103.692,103.518,107.535,109.741
"11540","Appleton, WI (Metropolitan Statistical Area)"," ","800","Quantity indexes for real GDP by metropolitan area","2","..."," Private industries",92.833,91.637,96.296,100.785,102.322,102.504,104.525,100.741,100.000,99.569,102.029,103.927,104.362,108.808,111.338
"11540","Appleton, WI (Metropolitan Statistical Area)"," ","800","Quantity indexes for real GDP by metropolitan area","3","11","  Agriculture, forestry, fishing, and hunting","(D)","(D)","(D)","(D)","(D)","(D)","(D)","(D)","(D)","(D)","(D)","(D)","(D)","(D)","(D)"
"11540","Appleton, WI (Metropolitan Statistical Area)"," ","800","Quantity indexes for real GDP by metropolitan area","4","111-112","   Farms",153.395,154.014,185.122,162.674,196.242,182.804,192.254,179.985,100.000,159.888,189.698,178.064,185.593,238.169,"(NA)"
"11540","Appleton, WI (Metropolitan Statistical Area)"," ","800","Quantity indexes for real GDP by metropolitan area","5","113-115","   Forestry, fishing, and related activities","(D)","(D)","(D)","(D)","(D)","(D)","(D)","(D)","(D)","(D)","(D)","(D)","(D)","(D)","(NA)"
"11540","Appleton, WI (Metropolitan Statistical Area)"," ","800","Quantity indexes for real GDP by metropolitan area","6","21","  Mining","(D)","(D)","(D)","(D)","(D)","(D)","(D)","(D)","(D)","(D)","(D)","(D)","(D)","(D)","(D)"
"11540","Appleton, WI (Metropolitan Statistical Area)"," ","800","Quantity indexes for real GDP by metropolitan area","7","211","   Oil and gas extraction",380.516,12.064,21.865,14.674,39.059,71.712,62.492,61.017,100.000,65.663,53.733,237.945,368.307,376.020,"(NA)"
"11540","Appleton, WI (Metropolitan Statistical Area)"," ","800","Quantity indexes for real GDP by metropolitan area","8","212","   Mining, except oil and gas","(D)","(D)","(D)","(D)","(D)","(D)","(D)","(D)","(D)","(D)","(D)","(D)","(D)","(D)","(NA)"
"11540","Appleton, WI (Metropolitan Statistical Area)"," ","800","Quantity indexes for real GDP by metropolitan area","9","213","   Support activities for mining",0.000,0.000,0.000,0.000,0.000,0.000,0.000,0.000,0.000,0.000,"(D)","(D)","(D)","(D)","(NA)"
"11540","Appleton, WI (Metropolitan Statistical Area)"," ","800","Quantity indexes for real GDP by metropolitan area","10","22","  Utilities","(D)","(D)","(D)","(D)","(D)","(D)","(D)","(D)","(D)","(D)","(D)","(D)","(D)","(D)","(D)"
"11540","Appleton, WI (Metropolitan Statistical Area)"," ","800","Quantity indexes for real GDP by metropolitan area","11","23","  Construction",138.858,129.315,150.112,149.872,145.534,128.428,124.122,113.179,100.000,101.743,105.991,113.986,100.159,100.014,106.813
"11540","Appleton, WI (Metropolitan Statistical Area)"," ","800","Quantity indexes for real GDP by metropolitan area","12","31-33","  Manufacturing",98.976,97.253,99.666,104.436,102.787,107.608,107.515,97.587,100.000,91.368,95.741,101.054,103.854,106.794,105.002
"11540","Appleton, WI (Metropolitan Statistical Area)"," ","800","Quantity indexes for real GDP by metropolitan area","13","...","   Durable goods manufacturing","(D)","(D)","(D)","(D)","(D)","(D)","(D)","(D)","(D)","(D)","(D)","(D)","(D)","(D)","(D)"
"11540","Appleton, WI (Metropolitan Statistical Area)"," ","800","Quantity indexes for real GDP by metropolitan area","14","321","    Wood products manufacturing","(D)","(D)",64.881,62.331,92.999,97.812,126.102,107.550,100.000,96.552,107.959,128.778,113.291,"(D)","(NA)"
"11540","Appleton, WI (Metropolitan Statistical Area)"," ","800","Quantity indexes for real GDP by metropolitan area","15","327","    Nonmetallic mineral products manufacturing","(D)","(D)","(D)","(D)","(D)","(D)","(D)","(D)","(D)","(D)","(D)","(D)","(D)","(D)","(NA)"
"11540","Appleton, WI (Metropolitan Statistical Area)"," ","800","Quantity indexes for real GDP by metropolitan area","16","331","    Primary metals manufacturing","(D)","(D)","(D)","(D)","(D)","(D)","(D)","(D)","(D)","(D)","(D)","(D)","(D)","(D)","(NA)"
"11540","Appleton, WI (Metropolitan Statistical Area)"," ","800","Quantity indexes for real GDP by metropolitan area","17","332","    Fabricated metal products",97.625,97.177,105.245,113.523,105.188,119.542,123.074,124.167,100.000,114.413,114.647,123.846,119.529,127.861,"(NA)"
"11540","Appleton, WI (Metropolitan Statistical Area)"," ","800","Quantity indexes for real GDP by metropolitan area","18","333","    Machinery manufacturing",148.843,113.553,112.690,117.667,119.729,129.312,119.776,118.958,100.000,117.985,147.216,150.059,142.996,148.796,"(NA)"
"11540","Appleton, WI (Metropolitan Statistical Area)"," ","800","Quantity indexes for real GDP by metropolitan area","19","334","    Computer and electronic products manufacturing",48.288,37.447,27.042,"(D)","(D)","(D)","(D)",96.680,100.000,112.693,80.940,"(D)","(D)","(D)","(NA)"
"11540","Appleton, WI (Metropolitan Statistical Area)"," ","800","Quantity indexes for real GDP by metropolitan area","20","335","    Electrical equipment, appliance, and components manufacturing",58.824,"(D)",94.195,82.690,76.116,93.933,105.605,121.777,100.000,89.650,88.774,87.058,89.488,88.854,"(NA)"
"11540","Appleton, WI (Metropolitan Statistical Area)"," ","800","Quantity indexes for real GDP by metropolitan area","21","3361-3363","    Motor vehicles, bodies and trailers, and parts manufacturing","(D)","(D)","(D)","(D)","(D)","(D)","(D)","(D)","(D)","(D)","(D)","(D)","(D)","(D)","(NA)"
"11540","Appleton, WI (Metropolitan Statistical Area)"," ","800","Quantity indexes for real GDP by metropolitan area","22","3364-3366, 3369","    Other transportation equipment manufacturing","(D)","(D)","(D)","(D)","(D)","(D)","(D)","(D)","(D)","(D)","(D)","(D)","(D)","(D)","(NA)"
"11540","Appleton, WI (Metropolitan Statistical Area)"," ","800","Quantity indexes for real GDP by metropolitan area","23","337","    Furniture and related products manufacturing","(D)","(D)","(D)","(D)","(D)","(D)","(D)","(D)","(D)","(D)","(D)","(D)","(D)","(D)","(NA)"
"11540","Appleton, WI (Metropolitan Statistical Area)"," ","800","Quantity indexes for real GDP by metropolitan area","24","339","    Miscellaneous manufacturing","(D)","(D)","(D)","(D)","(D)","(D)","(D)","(D)","(D)","(D)","(D)","(D)","(D)","(D)","(NA)"
"11540","Appleton, WI (Metropolitan Statistical Area)"," ","800","Quantity indexes for real GDP by metropolitan area","25","...","   Nondurable goods manufacturing","(D)","(D)","(D)","(D)","(D)","(D)","(D)","(D)","(D)","(D)","(D)","(D)","(D)","(D)","(D)"
"11540","Appleton, WI (Metropolitan Statistical Area)"," ","800","Quantity indexes for real GDP by metropolitan area","26","311-312","    Food and beverage and tobacco products manufacturing","(D)","(D)","(D)","(D)","(D)","(D)","(D)","(D)","(D)","(D)","(D)","(D)","(D)","(D)","(NA)"
"11540","Appleton, WI (Metropolitan Statistical Area)"," ","800","Quantity indexes for real GDP by metropolitan area","27","313-314","    Textile mills and textile product mills","(D)","(D)","(D)",85.208,68.024,112.131,91.138,84.690,100.000,109.268,86.154,95.080,95.415,97.646,"(NA)"
"11540","Appleton, WI (Metropolitan Statistical Area)"," ","800","Quantity indexes for real GDP by metropolitan area","28","315-316","    Apparel and leather and allied products manufacturing","(D)","(D)","(D)","(D)","(D)","(D)","(D)","(D)","(D)","(D)","(D)","(D)","(D)","(D)","(NA)"
"11540","Appleton, WI (Metropolitan Statistical Area)"," ","800","Quantity indexes for real GDP by metropolitan area","29","322","    Paper products manufacturing","(D)","(D)","(D)","(D)","(D)","(D)","(D)","(D)","(D)","(D)","(D)","(D)","(D)","(D)","(NA)"
"11540","Appleton, WI (Metropolitan Statistical Area)"," ","800","Quantity indexes for real GDP by metropolitan area","30","323","    Printing and related support activities",49.663,62.223,72.825,77.177,74.022,80.697,92.221,98.312,100.000,105.830,128.520,149.920,151.101,"(D)","(NA)"
"11540","Appleton, WI (Metropolitan Statistical Area)"," ","800","Quantity indexes for real GDP by metropolitan area","31","324","    Petroleum and coal products manufacturing",0.000,0.000,0.000,0.000,0.000,0.000,0.000,0.000,0.000,0.000,"(D)","(D)","(D)","(D)","(NA)"
"11540","Appleton, WI (Metropolitan Statistical Area)"," ","800","Quantity indexes for real GDP by metropolitan area","32","325","    Chemical products manufacturing",38.562,44.644,52.289,80.597,"(D)","(D)","(D)","(D)",100.000,88.819,91.400,91.024,91.018,95.021,"(NA)"
"11540","Appleton, WI (Metropolitan Statistical Area)"," ","800","Quantity indexes for real GDP by metropolitan area","33","326","    Plastics and rubber products manufacturing",54.061,51.606,46.871,108.338,109.305,100.655,"(D)",99.041,100.000,"(D)","(D)","(D)","(D)",121.855,"(NA)"
"11540","Appleton, WI (Metropolitan Statistical Area)"," ","800","Quantity indexes for real GDP by metropolitan area","34","42","  Wholesale trade","(D)",87.894,93.445,94.756,93.827,94.811,96.285,113.673,100.000,103.740,102.909,104.855,113.610,120.041,121.600
"11540","Appleton, WI (Metropolitan Statistical Area)"," ","800","Quantity indexes for real GDP by metropolitan area","35","44-45","  Retail trade",100.903,106.740,113.431,113.409,112.350,111.335,109.399,102.275,100.000,101.599,101.396,97.647,100.472,103.241,110.263
"11540","Appleton, WI (Metropolitan Statistical Area)"," ","800","Quantity indexes for real GDP by metropolitan area","36","48-49","  Transportation and warehousing","(D)","(D)","(D)","(D)","(D)","(D)","(D)","(D)","(D)","(D)","(D)","(D)","(D)","(D)","(D)"
"11540","Appleton, WI (Metropolitan Statistical Area)"," ","800","Quantity indexes for real GDP by metropolitan area","37","481","   Air transportation","(D)",112.408,123.627,"(D)",162.993,122.201,105.948,103.547,100.000,"(D)","(D)","(D)","(D)","(D)","(NA)"
"11540","Appleton, WI (Metropolitan Statistical Area)"," ","800","Quantity indexes for real GDP by metropolitan area","38","482","   Rail transportation",79.262,73.146,79.621,84.428,97.069,95.697,110.007,101.832,100.000,105.655,110.270,101.151,156.516,161.365,"(NA)"
"11540","Appleton, WI (Metropolitan Statistical Area)"," ","800","Quantity indexes for real GDP by metropolitan area","39","483","   Water transportation",0.000,0.000,0.000,0.000,0.000,0.000,0.000,0.000,0.000,0.000,0.000,0.000,0.000,0.000,"(NA)"
"11540","Appleton, WI (Metropolitan Statistical Area)"," ","800","Quantity indexes for real GDP by metropolitan area","40","484","   Truck transportation",106.975,111.711,117.932,117.338,118.227,122.578,113.010,103.883,100.000,113.312,127.892,132.079,137.148,137.049,"(NA)"
"11540","Appleton, WI (Metropolitan Statistical Area)"," ","800","Quantity indexes for real GDP by metropolitan area","41","485","   Transit and ground passenger transportation","(D)","(D)","(D)","(D)","(D)","(D)","(D)","(D)","(D)","(D)","(D)","(D)","(D)","(D)","(NA)"
"11540","Appleton, WI (Metropolitan Statistical Area)"," ","800","Quantity indexes for real GDP by metropolitan area","42","486","   Pipeline transportation","(D)","(D)","(D)","(D)","(D)","(D)","(D)","(D)","(D)","(D)","(D)","(D)","(D)","(D)","(NA)"
"11540","Appleton, WI (Metropolitan Statistical Area)"," ","800","Quantity indexes for real GDP by metropolitan area","43","487-488, 492","   Other transportation and support activities","(D)","(D)","(D)","(D)","(D)","(D)","(D)","(D)","(D)","(D)","(D)","(D)","(D)","(D)","(NA)"
"11540","Appleton, WI (Metropolitan Statistical Area)"," ","800","Quantity indexes for real GDP by metropolitan area","44","493","   Warehousing and storage",48.313,51.495,56.628,68.432,69.707,72.658,67.689,49.490,100.000,92.852,94.838,129.584,88.541,89.697,"(NA)"
"11540","Appleton, WI (Metropolitan Statistical Area)"," ","800","Quantity indexes for real GDP by metropolitan area","45","51","  Information",72.939,74.919,70.190,77.076,82.780,82.657,90.318,102.356,100.000,110.773,110.093,111.411,123.198,126.301,130.226
"11540","Appleton, WI (Metropolitan Statistical Area)"," ","800","Quantity indexes for real GDP by metropolitan area","46","511","   Publishing industries, except Internet (includes software)","(D)","(D)","(D)","(D)","(D)","(D)","(D)","(D)","(D)","(D)","(D)","(D)","(D)","(D)","(NA)"
"11540","Appleton, WI (Metropolitan Statistical Area)"," ","800","Quantity indexes for real GDP by metropolitan area","47","512","   Motion picture and sound recording industries","(D)","(D)","(D)","(D)","(D)","(D)","(D)","(D)","(D)","(D)","(D)","(D)","(D)","(D)","(NA)"
"11540","Appleton, WI (Metropolitan Statistical Area)"," ","800","Quantity indexes for real GDP by metropolitan area","48","515, 517","   Broadcasting and telecommunications","(D)","(D)","(D)","(D)","(D)","(D)","(D)","(D)","(D)","(D)","(D)","(D)","(D)","(D)","(NA)"
"11540","Appleton, WI (Metropolitan Statistical Area)"," ","800","Quantity indexes for real GDP by metropolitan area","49","518, 519","   Data processing, internet publishing, and other information services","(D)","(D)","(D)","(D)","(D)","(D)","(D)","(D)","(D)","(D)","(D)","(D)","(D)","(D)","(NA)"
"11540","Appleton, WI (Metropolitan Statistical Area)"," ","800","Quantity indexes for real GDP by metropolitan area","50","52, 53","  Finance, insurance, real estate, rental, and leasing",77.224,71.481,75.462,82.361,89.332,88.185,97.588,89.228,100.000,98.396,100.262,96.968,91.113,97.551,101.324
"11540","Appleton, WI (Metropolitan Statistical Area)"," ","800","Quantity indexes for real GDP by metropolitan area","51","52","   Finance and insurance",76.620,82.799,90.997,103.980,112.312,108.081,112.480,89.158,100.000,94.211,97.285,97.171,92.410,104.126,108.957
"11540","Appleton, WI (Metropolitan Statistical Area)"," ","800","Quantity indexes for real GDP by metropolitan area","52","521-522","    Federal Reserve banks, credit intermediation, and related services",47.411,67.492,75.390,71.670,81.731,72.185,77.129,87.010,100.000,75.412,82.987,84.425,72.376,69.723,"(NA)"
"11540","Appleton, WI (Metropolitan Statistical Area)"," ","800","Quantity indexes for real GDP by metropolitan area","53","523","    Securities, commodity contracts, and investments","(D)","(D)","(D)","(D)","(D)","(D)","(D)","(D)","(D)","(D)","(D)","(D)","(D)","(D)","(NA)"
"11540","Appleton, WI (Metropolitan Statistical Area)"," ","800","Quantity indexes for real GDP by metropolitan area","54","524","    Insurance carriers and related activities",83.688,"(D)",95.138,116.747,120.994,115.637,120.938,94.832,100.000,"(D)",106.703,105.426,102.220,121.774,"(NA)"
"11540","Appleton, WI (Metropolitan Statistical Area)"," ","800","Quantity indexes for real GDP by metropolitan area","55","525","    Funds, trusts, and other financial vehicles","(D)","(D)","(D)","(D)","(D)","(D)","(D)","(D)","(D)","(D)","(D)","(D)","(D)","(D)","(NA)"
"11540","Appleton, WI (Metropolitan Statistical Area)"," ","800","Quantity indexes for real GDP by metropolitan area","56","53","   Real estate and rental and leasing",78.233,59.688,59.174,59.528,65.078,67.256,81.999,89.300,100.000,102.572,103.202,96.622,89.632,90.498,93.151
"11540","Appleton, WI (Metropolitan Statistical Area)"," ","800","Quantity indexes for real GDP by metropolitan area","57","531","    Real estate","(D)","(D)","(D)","(D)","(D)","(D)","(D)","(D)","(D)","(D)","(D)","(D)","(D)","(D)","(NA)"
"11540","Appleton, WI (Metropolitan Statistical Area)"," ","800","Quantity indexes for real GDP by metropolitan area","58","532-533","    Rental and leasing services and lessors of intangible assets","(D)","(D)","(D)","(D)","(D)","(D)","(D)","(D)","(D)","(D)","(D)","(D)","(D)","(D)","(NA)"
"11540","Appleton, WI (Metropolitan Statistical Area)"," ","800","Quantity indexes for real GDP by metropolitan area","59","54, 55, 56","  Professional and business services",71.717,76.608,84.315,89.089,97.232,99.797,103.473,107.459,100.000,104.753,109.256,110.377,114.792,120.192,125.757
"11540","Appleton, WI (Metropolitan Statistical Area)"," ","800","Quantity indexes for real GDP by metropolitan area","60","54","   Professional, scientific, and technical services","(D)","(D)","(D)","(D)","(D)","(D)",102.464,108.234,100.000,102.866,102.056,107.233,"(D)","(D)","(D)"
"11540","Appleton, WI (Metropolitan Statistical Area)"," ","800","Quantity indexes for real GDP by metropolitan area","64","55","   Management of companies and enterprises","(D)","(D)","(D)","(D)","(D)","(D)","(D)","(D)","(D)","(D)","(D)","(D)","(D)","(D)","(D)"
"11540","Appleton, WI (Metropolitan Statistical Area)"," ","800","Quantity indexes for real GDP by metropolitan area","65","56","   Administrative and waste management services","(D)","(D)","(D)","(D)","(D)","(D)","(D)","(D)","(D)","(D)","(D)","(D)","(D)","(D)","(D)"
"11540","Appleton, WI (Metropolitan Statistical Area)"," ","800","Quantity indexes for real GDP by metropolitan area","66","561","    Administrative and support services",58.271,"(D)","(D)","(D)","(D)","(D)",98.679,103.637,100.000,108.393,119.529,118.783,129.339,136.498,"(NA)"
"11540","Appleton, WI (Metropolitan Statistical Area)"," ","800","Quantity indexes for real GDP by metropolitan area","67","562","    Waste management and remediation services","(D)","(D)","(D)","(D)","(D)","(D)","(D)","(D)","(D)","(D)","(D)","(D)","(D)","(D)","(NA)"
"11540","Appleton, WI (Metropolitan Statistical Area)"," ","800","Quantity indexes for real GDP by metropolitan area","68","61, 62","  Educational services, health care, and social assistance",74.026,77.013,80.511,87.838,86.029,88.364,91.886,98.209,100.000,97.398,100.548,107.797,106.965,110.712,112.253
"11540","Appleton, WI (Metropolitan Statistical Area)"," ","800","Quantity indexes for real GDP by metropolitan area","69","61","   Educational services","(D)","(D)","(D)","(D)","(D)","(D)","(D)","(D)","(D)","(D)","(D)","(D)","(D)","(D)","(D)"
"11540","Appleton, WI (Metropolitan Statistical Area)"," ","800","Quantity indexes for real GDP by metropolitan area","70","62","   Health care and social assistance","(D)","(D)","(D)","(D)","(D)","(D)","(D)","(D)","(D)","(D)","(D)","(D)","(D)","(D)","(D)"
"11540","Appleton, WI (Metropolitan Statistical Area)"," ","800","Quantity indexes for real GDP by metropolitan area","71","621","    Ambulatory health care services",65.463,73.637,80.130,88.417,87.767,91.574,96.247,103.394,100.000,94.647,100.964,108.978,109.906,114.329,"(NA)"
"11540","Appleton, WI (Metropolitan Statistical Area)"," ","800","Quantity indexes for real GDP by metropolitan area","72","622-623","    Hospitals and nursing and residential care facilities","(D)","(D)","(D)","(D)","(D)","(D)","(D)","(D)","(D)","(D)","(D)","(D)","(D)","(D)","(NA)"
"11540","Appleton, WI (Metropolitan Statistical Area)"," ","800","Quantity indexes for real GDP by metropolitan area","73","624","    Social assistance","(D)","(D)","(D)","(D)","(D)","(D)","(D)","(D)","(D)","(D)","(D)","(D)","(D)","(D)","(NA)"
"11540","Appleton, WI (Metropolitan Statistical Area)"," ","800","Quantity indexes for real GDP by metropolitan area","74","71, 72","  Arts, entertainment, recreation, accommodation, and food services",93.482,93.899,103.406,110.092,107.647,109.523,108.551,104.224,100.000,102.959,110.757,114.253,115.399,117.586,119.461
"11540","Appleton, WI (Metropolitan Statistical Area)"," ","800","Quantity indexes for real GDP by metropolitan area","75","71","   Arts, entertainment, and recreation",87.323,93.295,113.246,110.847,112.588,108.915,108.844,108.033,100.000,106.457,117.248,131.034,137.474,138.251,147.414
"11540","Appleton, WI (Metropolitan Statistical Area)"," ","800","Quantity indexes for real GDP by metropolitan area","76","711-712","    Performing arts, spectator sports, museums, and related activities","(D)","(D)","(D)","(D)","(D)",94.625,98.063,100.397,100.000,98.107,102.558,110.089,109.305,113.405,"(NA)"
"11540","Appleton, WI (Metropolitan Statistical Area)"," ","800","Quantity indexes for real GDP by metropolitan area","77","713","    Amusements, gambling, and recreation industries","(D)","(D)","(D)","(D)","(D)",120.210,117.096,114.117,100.000,113.172,129.119,147.984,160.268,158.347,"(NA)"
"11540","Appleton, WI (Metropolitan Statistical Area)"," ","800","Quantity indexes for real GDP by metropolitan area","78","72","   Accommodation and food services",94.677,94.024,101.520,109.973,106.720,109.659,108.514,103.522,100.000,102.329,109.588,111.235,111.441,113.874,114.485
"11540","Appleton, WI (Metropolitan Statistical Area)"," ","800","Quantity indexes for real GDP by metropolitan area","79","721","    Accommodation",98.617,106.354,111.888,125.297,121.524,123.721,115.082,112.754,100.000,"(D)",115.533,111.103,119.143,122.955,"(NA)"
"11540","Appleton, WI (Metropolitan Statistical Area)"," ","800","Quantity indexes for real GDP by metropolitan area","80","722","    Food services and drinking places",93.943,91.568,99.457,106.925,103.776,106.869,107.092,101.722,100.000,"(D)",108.487,111.269,110.025,112.202,"(NA)"
"11540","Appleton, WI (Metropolitan Statistical Area)"," ","800","Quantity indexes for real GDP by metropolitan area","81","81","  Other services, except government",114.866,121.340,108.126,108.610,109.853,111.881,104.957,105.415,100.000,98.104,97.327,99.005,101.248,102.758,110.347
"11540","Appleton, WI (Metropolitan Statistical Area)"," ","800","Quantity indexes for real GDP by metropolitan area","82","92"," Government",80.956,83.609,87.464,88.854,91.872,92.112,94.392,98.293,100.000,100.807,99.891,101.567,95.838,95.952,95.237
"11540","Appleton, WI (Metropolitan Statistical Area)"," ","800","Quantity indexes for real GDP by metropolitan area","83","...","  Federal civilian",70.459,68.427,75.414,76.162,76.347,76.765,77.222,103.637,100.000,103.178,102.651,105.996,102.844,104.379,"(NA)"
"11540","Appleton, WI (Metropolitan Statistical Area)"," ","800","Quantity indexes for real GDP by metropolitan area","84","...","  Federal military",66.101,76.208,93.578,94.554,97.609,93.093,85.647,91.044,100.000,93.460,90.074,91.780,88.407,82.823,"(NA)"
"11540","Appleton, WI (Metropolitan Statistical Area)"," ","800","Quantity indexes for real GDP by metropolitan area","85","...","  State and local",82.397,85.181,88.246,89.708,92.974,93.387,96.358,98.116,100.000,100.882,100.027,101.558,95.523,95.723,"(NA)"
"11540","Appleton, WI (Metropolitan Statistical Area)"," ","800","Quantity indexes for real GDP by metropolitan area","86","11, 21","Natural resources and mining","(D)",170.217,193.568,182.151,191.893,183.869,177.170,150.793,100.000,142.596,130.144,126.341,133.927,169.520,185.694
"11540","Appleton, WI (Metropolitan Statistical Area)"," ","800","Quantity indexes for real GDP by metropolitan area","87","42, 44-45","Trade","(D)",97.833,103.985,104.596,103.599,103.538,103.325,107.830,100.000,102.663,102.146,101.246,107.039,111.638,115.942
"11540","Appleton, WI (Metropolitan Statistical Area)"," ","800","Quantity indexes for real GDP by metropolitan area","88","...","Transportation and utilities",117.858,105.961,112.186,118.091,116.481,113.488,105.583,94.763,100.000,109.835,113.428,109.441,106.552,107.459,104.145
"11540","Appleton, WI (Metropolitan Statistical Area)"," ","800","Quantity indexes for real GDP by metropolitan area","89","...","Private goods-producing industries",110.244,107.425,113.740,116.996,115.354,115.359,114.110,103.166,100.000,95.675,99.121,104.367,104.282,108.420,109.174
"11540","Appleton, WI (Metropolitan Statistical Area)"," ","800","Quantity indexes for real GDP by metropolitan area","90","...","Private services-providing industries",83.983,83.602,87.430,92.507,95.605,95.876,99.563,99.473,100.000,101.641,103.576,103.683,104.399,109.013,112.517
"11540","Appleton, WI (Metropolitan Statistical Area)"," ","900","Real GDP by metropolitan area","1","...","All industry total",9212,9126,9586,10008,10176,10195,10401,10095,10045,10014,10227,10416,10398,10802,11023
"11540","Appleton, WI (Metropolitan Statistical Area)"," ","900","Real GDP by metropolitan area","2","..."," Private industries",8419,8310,8733,9140,9279,9296,9479,9136,9069,9030,9253,9425,9464,9868,10097
"11540","Appleton, WI (Metropolitan Statistical Area)"," ","900","Real GDP by metropolitan area","3","11","  Agriculture, forestry, fishing, and hunting","(D)","(D)","(D)","(D)","(D)","(D)","(D)","(D)","(D)","(D)","(D)","(D)","(D)","(D)",171
"11540","Appleton, WI (Metropolitan Statistical Area)"," ","900","Real GDP by metropolitan area","4","111-112","   Farms",103,103,124,109,131,122,129,120,67,107,127,119,124,159,"(NA)"
"11540","Appleton, WI (Metropolitan Statistical Area)"," ","900","Real GDP by metropolitan area","5","113-115","   Forestry, fishing, and related activities","(D)","(D)","(D)","(D)","(D)","(D)","(D)","(D)","(D)","(D)","(D)","(D)","(D)","(D)","(NA)"
"11540","Appleton, WI (Metropolitan Statistical Area)"," ","900","Real GDP by metropolitan area","6","21","  Mining","(D)","(D)","(D)","(D)","(D)","(D)","(D)","(D)","(D)","(D)","(D)","(D)","(D)","(D)",78
"11540","Appleton, WI (Metropolitan Statistical Area)"," ","900","Real GDP by metropolitan area","7","211","   Oil and gas extraction","(L)","(L)","(L)","(L)","(L)","(L)","(L)","(L)","(L)","(L)","(L)","(L)","(L)","(L)","(NA)"
"11540","Appleton, WI (Metropolitan Statistical Area)"," ","900","Real GDP by metropolitan area","8","212","   Mining, except oil and gas","(D)","(D)","(D)","(D)","(D)","(D)","(D)","(D)","(D)","(D)","(D)","(D)","(D)","(D)","(NA)"
"11540","Appleton, WI (Metropolitan Statistical Area)"," ","900","Real GDP by metropolitan area","9","213","   Support activities for mining","(L)","(L)","(L)","(L)","(L)","(L)","(L)","(L)","(L)","(L)","(D)","(D)","(D)","(D)","(NA)"
"11540","Appleton, WI (Metropolitan Statistical Area)"," ","900","Real GDP by metropolitan area","10","22","  Utilities","(D)","(D)","(D)","(D)","(D)","(D)","(D)","(D)","(D)","(D)","(D)","(D)","(D)","(D)","(D)"
"11540","Appleton, WI (Metropolitan Statistical Area)"," ","900","Real GDP by metropolitan area","11","23","  Construction",848,790,917,916,889,785,758,691,611,622,648,696,612,611,653
"11540","Appleton, WI (Metropolitan Statistical Area)"," ","900","Real GDP by metropolitan area","12","31-33","  Manufacturing",2388,2346,2405,2520,2480,2596,2594,2354,2413,2204,2310,2438,2506,2577,2533
"11540","Appleton, WI (Metropolitan Statistical Area)"," ","900","Real GDP by metropolitan area","13","...","   Durable goods manufacturing",795,"(D)","(D)","(D)",832,866,856,872,"(D)",814,958,1010,1083,1102,1126
"11540","Appleton, WI (Metropolitan Statistical Area)"," ","900","Real GDP by metropolitan area","14","321","    Wood products manufacturing","(D)","(D)",17,17,25,26,33,29,27,26,29,34,30,"(D)","(NA)"
"11540","Appleton, WI (Metropolitan Statistical Area)"," ","900","Real GDP by metropolitan area","15","327","    Nonmetallic mineral products manufacturing","(D)",24,"(D)",31,34,32,26,27,"(D)","(D)","(D)","(D)","(D)",25,"(NA)"
"11540","Appleton, WI (Metropolitan Statistical Area)"," ","900","Real GDP by metropolitan area","16","331","    Primary metals manufacturing","(D)","(D)","(D)","(D)","(D)","(D)","(D)","(D)","(D)","(D)","(D)","(D)",67,70,"(NA)"
"11540","Appleton, WI (Metropolitan Statistical Area)"," ","900","Real GDP by metropolitan area","17","332","    Fabricated metal products",160,160,173,186,173,196,202,204,164,188,188,203,196,210,"(NA)"
"11540","Appleton, WI (Metropolitan Statistical Area)"," ","900","Real GDP by metropolitan area","18","333","    Machinery manufacturing",436,333,330,345,351,379,351,349,293,346,431,440,419,436,"(NA)"
"11540","Appleton, WI (Metropolitan Statistical Area)"," ","900","Real GDP by metropolitan area","19","334","    Computer and electronic products manufacturing",15,12,8,"(D)","(D)","(D)","(D)",30,31,35,25,"(D)","(D)","(D)","(NA)"
"11540","Appleton, WI (Metropolitan Statistical Area)"," ","900","Real GDP by metropolitan area","20","335","    Electrical equipment, appliance, and components manufacturing",11,"(D)",17,15,14,17,19,22,18,16,16,16,16,16,"(NA)"
"11540","Appleton, WI (Metropolitan Statistical Area)"," ","900","Real GDP by metropolitan area","21","3361-3363","    Motor vehicles, bodies and trailers, and parts manufacturing","(D)","(D)","(D)","(D)","(D)","(D)","(D)","(D)","(D)","(D)","(D)","(D)","(D)","(D)","(NA)"
"11540","Appleton, WI (Metropolitan Statistical Area)"," ","900","Real GDP by metropolitan area","22","3364-3366, 3369","    Other transportation equipment manufacturing","(D)","(D)","(D)","(D)","(D)","(D)","(D)","(D)","(D)","(D)","(D)","(D)","(D)",164,"(NA)"
"11540","Appleton, WI (Metropolitan Statistical Area)"," ","900","Real GDP by metropolitan area","23","337","    Furniture and related products manufacturing",26,30,31,33,27,"(D)","(D)","(D)","(D)","(D)","(D)","(D)","(D)","(D)","(NA)"
"11540","Appleton, WI (Metropolitan Statistical Area)"," ","900","Real GDP by metropolitan area","24","339","    Miscellaneous manufacturing",17,"(D)","(D)","(D)",9,"(D)","(D)","(D)","(D)","(D)","(D)","(D)","(D)","(D)","(NA)"
"11540","Appleton, WI (Metropolitan Statistical Area)"," ","900","Real GDP by metropolitan area","25","...","   Nondurable goods manufacturing",1598,"(D)","(D)","(D)",1650,1733,1741,1479,"(D)",1393,1357,1433,1429,1481,1415
"11540","Appleton, WI (Metropolitan Statistical Area)"," ","900","Real GDP by metropolitan area","26","311-312","    Food and beverage and tobacco products manufacturing","(D)","(D)","(D)","(D)","(D)","(D)","(D)","(D)","(D)","(D)","(D)","(D)","(D)","(D)","(NA)"
"11540","Appleton, WI (Metropolitan Statistical Area)"," ","900","Real GDP by metropolitan area","27","313-314","    Textile mills and textile product mills","(D)","(D)","(D)",46,37,61,49,46,54,59,47,51,52,53,"(NA)"
"11540","Appleton, WI (Metropolitan Statistical Area)"," ","900","Real GDP by metropolitan area","28","315-316","    Apparel and leather and allied products manufacturing","(D)","(D)","(D)","(D)","(D)","(D)","(D)","(D)","(D)","(D)","(D)","(D)","(D)","(D)","(NA)"
"11540","Appleton, WI (Metropolitan Statistical Area)"," ","900","Real GDP by metropolitan area","29","322","    Paper products manufacturing","(D)","(D)","(D)","(D)","(D)","(D)","(D)","(D)","(D)","(D)","(D)","(D)","(D)","(D)","(NA)"
"11540","Appleton, WI (Metropolitan Statistical Area)"," ","900","Real GDP by metropolitan area","30","323","    Printing and related support activities",59,73,86,91,87,95,109,116,118,125,152,177,178,"(D)","(NA)"
"11540","Appleton, WI (Metropolitan Statistical Area)"," ","900","Real GDP by metropolitan area","31","324","    Petroleum and coal products manufacturing","(L)","(L)","(L)","(L)","(L)","(L)","(L)","(L)","(L)","(L)","(D)","(D)","(D)","(D)","(NA)"
"11540","Appleton, WI (Metropolitan Statistical Area)"," ","900","Real GDP by metropolitan area","32","325","    Chemical products manufacturing",27,31,36,56,"(D)","(D)","(D)","(D)",70,62,64,63,63,66,"(NA)"
"11540","Appleton, WI (Metropolitan Statistical Area)"," ","900","Real GDP by metropolitan area","33","326","    Plastics and rubber products manufacturing",78,74,67,155,157,144,"(D)",142,143,"(D)","(D)","(D)","(D)",175,"(NA)"
"11540","Appleton, WI (Metropolitan Statistical Area)"," ","900","Real GDP by metropolitan area","34","42","  Wholesale trade","(D)",571,607,615,609,616,625,738,649,674,668,681,738,779,790
"11540","Appleton, WI (Metropolitan Statistical Area)"," ","900","Real GDP by metropolitan area","35","44-45","  Retail trade",669,707,752,752,745,738,725,678,663,673,672,647,666,684,731
"11540","Appleton, WI (Metropolitan Statistical Area)"," ","900","Real GDP by metropolitan area","36","48-49","  Transportation and warehousing","(D)","(D)","(D)","(D)","(D)","(D)","(D)","(D)","(D)","(D)","(D)","(D)","(D)","(D)","(D)"
"11540","Appleton, WI (Metropolitan Statistical Area)"," ","900","Real GDP by metropolitan area","37","481","   Air transportation","(D)",46,50,"(D)",67,50,43,42,41,"(D)","(D)","(D)","(D)","(D)","(NA)"
"11540","Appleton, WI (Metropolitan Statistical Area)"," ","900","Real GDP by metropolitan area","38","482","   Rail transportation",4,4,4,4,5,5,5,5,5,5,5,5,8,8,"(NA)"
"11540","Appleton, WI (Metropolitan Statistical Area)"," ","900","Real GDP by metropolitan area","39","483","   Water transportation","(L)","(L)","(L)","(L)","(L)","(L)","(L)","(L)","(L)","(L)","(L)","(L)","(L)","(L)","(NA)"
"11540","Appleton, WI (Metropolitan Statistical Area)"," ","900","Real GDP by metropolitan area","40","484","   Truck transportation",98,103,108,108,109,113,104,95,92,104,118,121,126,126,"(NA)"
"11540","Appleton, WI (Metropolitan Statistical Area)"," ","900","Real GDP by metropolitan area","41","485","   Transit and ground passenger transportation","(D)","(D)","(D)","(D)","(D)",21,23,"(D)","(D)",32,37,17,17,18,"(NA)"
"11540","Appleton, WI (Metropolitan Statistical Area)"," ","900","Real GDP by metropolitan area","42","486","   Pipeline transportation","(L)","(L)","(L)","(L)","(D)","(D)","(D)","(D)","(D)","(L)","(L)","(L)","(L)","(L)","(NA)"
"11540","Appleton, WI (Metropolitan Statistical Area)"," ","900","Real GDP by metropolitan area","43","487-488, 492","   Other transportation and support activities","(D)","(D)","(D)","(D)","(D)","(D)","(D)","(D)","(D)","(D)","(D)","(D)","(D)","(D)","(NA)"
"11540","Appleton, WI (Metropolitan Statistical Area)"," ","900","Real GDP by metropolitan area","44","493","   Warehousing and storage",28,30,33,40,41,43,40,29,59,55,56,76,52,53,"(NA)"
"11540","Appleton, WI (Metropolitan Statistical Area)"," ","900","Real GDP by metropolitan area","45","51","  Information",284,291,273,300,322,321,351,398,389,431,428,433,479,491,506
"11540","Appleton, WI (Metropolitan Statistical Area)"," ","900","Real GDP by metropolitan area","46","511","   Publishing industries, except Internet (includes software)",39,51,49,56,58,"(D)","(D)","(D)","(D)","(D)","(D)","(D)","(D)","(D)","(NA)"
"11540","Appleton, WI (Metropolitan Statistical Area)"," ","900","Real GDP by metropolitan area","47","512","   Motion picture and sound recording industries","(D)",7,6,6,"(D)","(D)","(D)","(D)","(D)","(D)","(D)","(D)","(D)",2,"(NA)"
"11540","Appleton, WI (Metropolitan Statistical Area)"," ","900","Real GDP by metropolitan area","48","515, 517","   Broadcasting and telecommunications",228,227,211,231,"(D)",258,281,327,"(D)","(D)","(D)","(D)",400,"(D)","(NA)"
"11540","Appleton, WI (Metropolitan Statistical Area)"," ","900","Real GDP by metropolitan area","49","518, 519","   Data processing, internet publishing, and other information services","(D)",8,8,9,8,"(D)",7,"(D)","(D)","(D)","(D)","(D)",23,22,"(NA)"
"11540","Appleton, WI (Metropolitan Statistical Area)"," ","900","Real GDP by metropolitan area","50","52, 53","  Finance, insurance, real estate, rental, and leasing",1358,1257,1327,1449,1571,1551,1716,1569,1759,1731,1764,1706,1603,1716,1782
"11540","Appleton, WI (Metropolitan Statistical Area)"," ","900","Real GDP by metropolitan area","51","52","   Finance and insurance",667,721,792,905,978,941,979,776,871,820,847,846,805,907,949
"11540","Appleton, WI (Metropolitan Statistical Area)"," ","900","Real GDP by metropolitan area","52","521-522","    Federal Reserve banks, credit intermediation, and related services",114,162,181,172,196,173,185,208,240,181,199,202,173,167,"(NA)"
"11540","Appleton, WI (Metropolitan Statistical Area)"," ","900","Real GDP by metropolitan area","53","523","    Securities, commodity contracts, and investments","(D)","(D)","(D)","(D)","(D)","(D)","(D)","(D)","(D)","(D)","(D)","(D)",57,59,"(NA)"
"11540","Appleton, WI (Metropolitan Statistical Area)"," ","900","Real GDP by metropolitan area","54","524","    Insurance carriers and related activities",468,"(D)",532,652,676,646,676,530,559,"(D)",596,589,571,681,"(NA)"
"11540","Appleton, WI (Metropolitan Statistical Area)"," ","900","Real GDP by metropolitan area","55","525","    Funds, trusts, and other financial vehicles","(D)","(D)","(D)","(D)","(D)","(D)","(D)","(D)","(D)","(D)","(D)","(D)",4,5,"(NA)"
"11540","Appleton, WI (Metropolitan Statistical Area)"," ","900","Real GDP by metropolitan area","56","53","   Real estate and rental and leasing",695,530,526,529,578,597,728,793,888,911,917,858,796,804,827
"11540","Appleton, WI (Metropolitan Statistical Area)"," ","900","Real GDP by metropolitan area","57","531","    Real estate","(D)","(D)",464,469,527,543,671,727,"(D)","(D)","(D)","(D)","(D)","(D)","(NA)"
"11540","Appleton, WI (Metropolitan Statistical Area)"," ","900","Real GDP by metropolitan area","58","532-533","    Rental and leasing services and lessors of intangible assets","(D)","(D)",62,60,51,54,58,67,"(D)","(D)","(D)","(D)","(D)","(D)","(NA)"
"11540","Appleton, WI (Metropolitan Statistical Area)"," ","900","Real GDP by metropolitan area","59","54, 55, 56","  Professional and business services",557,595,655,692,755,775,803,834,776,813,848,857,891,933,976
"11540","Appleton, WI (Metropolitan Statistical Area)"," ","900","Real GDP by metropolitan area","60","54","   Professional, scientific, and technical services","(D)","(D)","(D)","(D)","(D)","(D)",372,393,363,373,370,389,"(D)","(D)","(D)"
"11540","Appleton, WI (Metropolitan Statistical Area)"," ","900","Real GDP by metropolitan area","64","55","   Management of companies and enterprises","(D)","(D)","(D)","(D)","(D)","(D)",121,117,"(D)","(D)","(D)","(D)","(D)","(D)","(D)"
"11540","Appleton, WI (Metropolitan Statistical Area)"," ","900","Real GDP by metropolitan area","65","56","   Administrative and waste management services",184,198,220,237,271,279,310,325,"(D)","(D)","(D)","(D)",397,420,430
"11540","Appleton, WI (Metropolitan Statistical Area)"," ","900","Real GDP by metropolitan area","66","561","    Administrative and support services",176,"(D)","(D)","(D)","(D)","(D)",298,312,301,327,360,358,390,412,"(NA)"
"11540","Appleton, WI (Metropolitan Statistical Area)"," ","900","Real GDP by metropolitan area","67","562","    Waste management and remediation services",8,"(D)","(D)","(D)","(D)","(D)",12,12,"(D)","(D)","(D)","(D)",8,9,"(NA)"
"11540","Appleton, WI (Metropolitan Statistical Area)"," ","900","Real GDP by metropolitan area","68","61, 62","  Educational services, health care, and social assistance",628,654,683,746,730,750,780,834,849,827,854,915,908,940,953
"11540","Appleton, WI (Metropolitan Statistical Area)"," ","900","Real GDP by metropolitan area","69","61","   Educational services",67,65,"(D)",68,"(D)","(D)","(D)","(D)","(D)","(D)","(D)",66,"(D)","(D)",66
"11540","Appleton, WI (Metropolitan Statistical Area)"," ","900","Real GDP by metropolitan area","70","62","   Health care and social assistance",563,589,"(D)",678,"(D)","(D)","(D)","(D)","(D)","(D)","(D)",849,"(D)","(D)",888
"11540","Appleton, WI (Metropolitan Statistical Area)"," ","900","Real GDP by metropolitan area","71","621","    Ambulatory health care services",285,320,349,385,382,398,419,450,435,412,439,474,478,497,"(NA)"
"11540","Appleton, WI (Metropolitan Statistical Area)"," ","900","Real GDP by metropolitan area","72","622-623","    Hospitals and nursing and residential care facilities","(D)","(D)","(D)","(D)","(D)","(D)","(D)","(D)","(D)","(D)","(D)","(D)",318,324,"(NA)"
"11540","Appleton, WI (Metropolitan Statistical Area)"," ","900","Real GDP by metropolitan area","73","624","    Social assistance","(D)","(D)",34,"(D)","(D)","(D)","(D)","(D)","(D)","(D)","(D)","(D)","(D)","(D)","(NA)"
"11540","Appleton, WI (Metropolitan Statistical Area)"," ","900","Real GDP by metropolitan area","74","71, 72","  Arts, entertainment, recreation, accommodation, and food services",245,246,271,288,282,287,284,273,262,269,290,299,302,308,313
"11540","Appleton, WI (Metropolitan Statistical Area)"," ","900","Real GDP by metropolitan area","75","71","   Arts, entertainment, and recreation",35,37,45,44,45,44,44,43,40,43,47,53,55,55,59
"11540","Appleton, WI (Metropolitan Statistical Area)"," ","900","Real GDP by metropolitan area","76","711-712","    Performing arts, spectator sports, museums, and related activities","(D)","(D)","(D)","(D)","(D)",17,17,18,18,17,18,20,19,20,"(NA)"
"11540","Appleton, WI (Metropolitan Statistical Area)"," ","900","Real GDP by metropolitan area","77","713","    Amusements, gambling, and recreation industries","(D)","(D)","(D)","(D)","(D)",27,26,25,22,25,29,33,36,35,"(NA)"
"11540","Appleton, WI (Metropolitan Statistical Area)"," ","900","Real GDP by metropolitan area","78","72","   Accommodation and food services",210,208,225,244,236,243,240,229,222,227,243,246,247,252,254
"11540","Appleton, WI (Metropolitan Statistical Area)"," ","900","Real GDP by metropolitan area","79","721","    Accommodation",34,37,39,43,42,43,40,39,35,"(D)",40,39,41,43,"(NA)"
"11540","Appleton, WI (Metropolitan Statistical Area)"," ","900","Real GDP by metropolitan area","80","722","    Food services and drinking places",176,171,186,200,194,200,200,190,187,"(D)",203,208,206,210,"(NA)"
"11540","Appleton, WI (Metropolitan Statistical Area)"," ","900","Real GDP by metropolitan area","81","81","  Other services, except government",281,296,264,265,268,273,256,258,244,240,238,242,247,251,270
"11540","Appleton, WI (Metropolitan Statistical Area)"," ","900","Real GDP by metropolitan area","82","92"," Government",790,816,854,867,897,899,921,959,976,984,975,991,936,937,930
"11540","Appleton, WI (Metropolitan Statistical Area)"," ","900","Real GDP by metropolitan area","83","...","  Federal civilian",52,51,56,56,56,57,57,77,74,76,76,78,76,77,"(NA)"
"11540","Appleton, WI (Metropolitan Statistical Area)"," ","900","Real GDP by metropolitan area","84","...","  Federal military",22,25,31,31,32,31,28,30,33,31,30,30,29,27,"(NA)"
"11540","Appleton, WI (Metropolitan Statistical Area)"," ","900","Real GDP by metropolitan area","85","...","  State and local",716,740,767,780,808,812,838,853,869,877,869,883,830,832,"(NA)"
"11540","Appleton, WI (Metropolitan Statistical Area)"," ","900","Real GDP by metropolitan area","86","11, 21","Natural resources and mining","(D)",228,260,244,257,247,238,202,134,191,175,170,180,227,249
"11540","Appleton, WI (Metropolitan Statistical Area)"," ","900","Real GDP by metropolitan area","87","42, 44-45","Trade","(D)",1284,1364,1372,1359,1358,1356,1415,1312,1347,1340,1328,1404,1465,1521
"11540","Appleton, WI (Metropolitan Statistical Area)"," ","900","Real GDP by metropolitan area","88","...","Transportation and utilities",377,339,359,378,373,363,338,303,320,352,363,350,341,344,333
"11540","Appleton, WI (Metropolitan Statistical Area)"," ","900","Real GDP by metropolitan area","89","...","Private goods-producing industries",3481,3392,3592,3694,3643,3643,3603,3258,3158,3021,3130,3296,3293,3424,3447
"11540","Appleton, WI (Metropolitan Statistical Area)"," ","900","Real GDP by metropolitan area","90","...","Private services-providing industries",4964,4942,5168,5468,5651,5667,5885,5880,5911,6008,6122,6129,6171,6444,6651
"11540","Appleton, WI (Metropolitan Statistical Area)"," ","1000","Per capita real GDP by metropolitan area","1","...","All industry total",44788,43716,45356,46856,47129,46673,47197,45393,44717,44339,44973,45567,45236,46661,47310
"Note: See the included footnote file."
NAICS Industry detail is based on the 2007 North American Industry Classification System (NAICS).
"Source: U.S. Department of Commerce / Bureau of Economic Analysis / Regional Product Division"
