"GeoFIPS","GeoName","Region","ComponentId","ComponentName","IndustryId","IndustryClassification","Description","2001","2002","2003","2004","2005","2006","2007","2008","2009","2010","2011","2012","2013","2014","2015"
"16740","Charlotte-Concord-Gastonia, NC-SC (Metropolitan Statistical Area)"," ","200","Gross domestic product (GDP) by metropolitan area","1","...","All industry total",78675,85470,88912,95670,105470,113804,112853,116926,111664,114500,123701,127251,134216,142243,152447
"16740","Charlotte-Concord-Gastonia, NC-SC (Metropolitan Statistical Area)"," ","200","Gross domestic product (GDP) by metropolitan area","2","..."," Private industries",72509,78918,81956,88230,97445,105137,103465,106734,100981,103662,112694,116067,122697,130365,140304
"16740","Charlotte-Concord-Gastonia, NC-SC (Metropolitan Statistical Area)"," ","200","Gross domestic product (GDP) by metropolitan area","3","11","  Agriculture, forestry, fishing, and hunting","(D)","(D)","(D)","(D)","(D)","(D)","(D)","(D)","(D)","(D)","(D)","(D)",544,567,592
"16740","Charlotte-Concord-Gastonia, NC-SC (Metropolitan Statistical Area)"," ","200","Gross domestic product (GDP) by metropolitan area","4","111-112","   Farms",382,307,367,431,357,380,342,245,226,255,278,342,477,491,"(NA)"
"16740","Charlotte-Concord-Gastonia, NC-SC (Metropolitan Statistical Area)"," ","200","Gross domestic product (GDP) by metropolitan area","5","113-115","   Forestry, fishing, and related activities","(D)","(D)","(D)","(D)","(D)","(D)","(D)","(D)","(D)","(D)","(D)","(D)",67,75,"(NA)"
"16740","Charlotte-Concord-Gastonia, NC-SC (Metropolitan Statistical Area)"," ","200","Gross domestic product (GDP) by metropolitan area","6","21","  Mining","(D)","(D)","(D)","(D)","(D)","(D)","(D)","(D)","(D)","(D)","(D)","(D)",110,146,90
"16740","Charlotte-Concord-Gastonia, NC-SC (Metropolitan Statistical Area)"," ","200","Gross domestic product (GDP) by metropolitan area","7","211","   Oil and gas extraction",5,"(L)","(L)","(L)","(L)","(L)","(L)","(L)","(L)","(L)","(L)",1,1,1,"(NA)"
"16740","Charlotte-Concord-Gastonia, NC-SC (Metropolitan Statistical Area)"," ","200","Gross domestic product (GDP) by metropolitan area","8","212","   Mining, except oil and gas","(D)","(D)","(D)","(D)","(D)","(D)","(D)","(D)","(D)","(D)","(D)","(D)",101,136,"(NA)"
"16740","Charlotte-Concord-Gastonia, NC-SC (Metropolitan Statistical Area)"," ","200","Gross domestic product (GDP) by metropolitan area","9","213","   Support activities for mining","(D)","(D)","(D)","(D)","(D)","(D)","(D)","(D)","(D)","(D)","(D)","(D)",9,9,"(NA)"
"16740","Charlotte-Concord-Gastonia, NC-SC (Metropolitan Statistical Area)"," ","200","Gross domestic product (GDP) by metropolitan area","10","22","  Utilities","(D)","(D)","(D)","(D)","(D)","(D)","(D)","(D)","(D)","(D)","(D)","(D)",2857,"(D)","(D)"
"16740","Charlotte-Concord-Gastonia, NC-SC (Metropolitan Statistical Area)"," ","200","Gross domestic product (GDP) by metropolitan area","11","23","  Construction",4050,4199,4419,4842,5460,6059,6414,5689,4645,4099,4025,4375,4703,5131,5710
"16740","Charlotte-Concord-Gastonia, NC-SC (Metropolitan Statistical Area)"," ","200","Gross domestic product (GDP) by metropolitan area","12","31-33","  Manufacturing",15483,15301,15108,15286,15971,18290,17564,16940,16810,16702,18403,18474,19337,19305,20662
"16740","Charlotte-Concord-Gastonia, NC-SC (Metropolitan Statistical Area)"," ","200","Gross domestic product (GDP) by metropolitan area","13","...","   Durable goods manufacturing","(D)","(D)","(D)","(D)","(D)",8673,8085,7696,"(D)",7509,8142,8885,9397,9414,10187
"16740","Charlotte-Concord-Gastonia, NC-SC (Metropolitan Statistical Area)"," ","200","Gross domestic product (GDP) by metropolitan area","14","321","    Wood products manufacturing",205,"(D)","(D)","(D)","(D)","(D)","(D)","(D)","(D)","(D)","(D)","(D)","(D)",278,"(NA)"
"16740","Charlotte-Concord-Gastonia, NC-SC (Metropolitan Statistical Area)"," ","200","Gross domestic product (GDP) by metropolitan area","15","327","    Nonmetallic mineral products manufacturing",539,472,454,474,450,494,523,444,375,347,382,465,512,523,"(NA)"
"16740","Charlotte-Concord-Gastonia, NC-SC (Metropolitan Statistical Area)"," ","200","Gross domestic product (GDP) by metropolitan area","16","331","    Primary metals manufacturing","(D)","(D)","(D)","(D)","(D)","(D)","(D)","(D)","(D)","(D)","(D)","(D)",508,510,"(NA)"
"16740","Charlotte-Concord-Gastonia, NC-SC (Metropolitan Statistical Area)"," ","200","Gross domestic product (GDP) by metropolitan area","17","332","    Fabricated metal products",983,985,"(D)","(D)",1264,1433,1549,1409,1116,1102,1091,1173,1248,1255,"(NA)"
"16740","Charlotte-Concord-Gastonia, NC-SC (Metropolitan Statistical Area)"," ","200","Gross domestic product (GDP) by metropolitan area","18","333","    Machinery manufacturing","(D)","(D)","(D)","(D)","(D)","(D)","(D)","(D)","(D)","(D)","(D)","(D)",2045,2136,"(NA)"
"16740","Charlotte-Concord-Gastonia, NC-SC (Metropolitan Statistical Area)"," ","200","Gross domestic product (GDP) by metropolitan area","19","334","    Computer and electronic products manufacturing","(D)","(D)","(D)","(D)","(D)","(D)","(D)","(D)","(D)","(D)","(D)","(D)",1277,"(D)","(NA)"
"16740","Charlotte-Concord-Gastonia, NC-SC (Metropolitan Statistical Area)"," ","200","Gross domestic product (GDP) by metropolitan area","20","335","    Electrical equipment, appliance, and components manufacturing","(D)","(D)","(D)","(D)","(D)","(D)","(D)","(D)","(D)","(D)","(D)","(D)",728,726,"(NA)"
"16740","Charlotte-Concord-Gastonia, NC-SC (Metropolitan Statistical Area)"," ","200","Gross domestic product (GDP) by metropolitan area","21","3361-3363","    Motor vehicles, bodies and trailers, and parts manufacturing","(D)","(D)","(D)","(D)","(D)","(D)","(D)","(D)","(D)","(D)","(D)","(D)","(D)","(D)","(NA)"
"16740","Charlotte-Concord-Gastonia, NC-SC (Metropolitan Statistical Area)"," ","200","Gross domestic product (GDP) by metropolitan area","22","3364-3366, 3369","    Other transportation equipment manufacturing","(D)","(D)","(D)","(D)","(D)","(D)","(D)","(D)","(D)","(D)","(D)","(D)","(D)","(D)","(NA)"
"16740","Charlotte-Concord-Gastonia, NC-SC (Metropolitan Statistical Area)"," ","200","Gross domestic product (GDP) by metropolitan area","23","337","    Furniture and related products manufacturing",220,211,227,232,233,263,264,"(D)","(D)","(D)","(D)","(D)",196,"(D)","(NA)"
"16740","Charlotte-Concord-Gastonia, NC-SC (Metropolitan Statistical Area)"," ","200","Gross domestic product (GDP) by metropolitan area","24","339","    Miscellaneous manufacturing","(D)","(D)","(D)","(D)","(D)","(D)","(D)","(D)","(D)","(D)","(D)","(D)",655,678,"(NA)"
"16740","Charlotte-Concord-Gastonia, NC-SC (Metropolitan Statistical Area)"," ","200","Gross domestic product (GDP) by metropolitan area","25","...","   Nondurable goods manufacturing","(D)","(D)","(D)","(D)","(D)",9617,9479,9244,"(D)",9192,10260,9590,9940,9891,10475
"16740","Charlotte-Concord-Gastonia, NC-SC (Metropolitan Statistical Area)"," ","200","Gross domestic product (GDP) by metropolitan area","26","311-312","    Food and beverage and tobacco products manufacturing","(D)","(D)","(D)","(D)","(D)","(D)","(D)","(D)","(D)","(D)","(D)","(D)",3495,3428,"(NA)"
"16740","Charlotte-Concord-Gastonia, NC-SC (Metropolitan Statistical Area)"," ","200","Gross domestic product (GDP) by metropolitan area","27","313-314","    Textile mills and textile product mills","(D)","(D)",826,"(D)","(D)","(D)","(D)","(D)","(D)","(D)","(D)","(D)","(D)","(D)","(NA)"
"16740","Charlotte-Concord-Gastonia, NC-SC (Metropolitan Statistical Area)"," ","200","Gross domestic product (GDP) by metropolitan area","28","315-316","    Apparel and leather and allied products manufacturing","(D)","(D)","(D)","(D)","(D)","(D)","(D)","(D)","(D)","(D)","(D)","(D)",41,46,"(NA)"
"16740","Charlotte-Concord-Gastonia, NC-SC (Metropolitan Statistical Area)"," ","200","Gross domestic product (GDP) by metropolitan area","29","322","    Paper products manufacturing","(D)","(D)","(D)","(D)","(D)","(D)","(D)","(D)","(D)","(D)","(D)","(D)",564,591,"(NA)"
"16740","Charlotte-Concord-Gastonia, NC-SC (Metropolitan Statistical Area)"," ","200","Gross domestic product (GDP) by metropolitan area","30","323","    Printing and related support activities","(D)","(D)","(D)","(D)","(D)","(D)","(D)","(D)","(D)","(D)","(D)","(D)","(D)",294,"(NA)"
"16740","Charlotte-Concord-Gastonia, NC-SC (Metropolitan Statistical Area)"," ","200","Gross domestic product (GDP) by metropolitan area","31","324","    Petroleum and coal products manufacturing","(D)","(D)","(D)","(D)","(D)","(D)","(D)","(D)","(D)","(D)","(D)","(D)",71,89,"(NA)"
"16740","Charlotte-Concord-Gastonia, NC-SC (Metropolitan Statistical Area)"," ","200","Gross domestic product (GDP) by metropolitan area","32","325","    Chemical products manufacturing","(D)","(D)","(D)","(D)","(D)","(D)","(D)",2777,3126,2927,"(D)","(D)","(D)","(D)","(NA)"
"16740","Charlotte-Concord-Gastonia, NC-SC (Metropolitan Statistical Area)"," ","200","Gross domestic product (GDP) by metropolitan area","33","326","    Plastics and rubber products manufacturing","(D)","(D)","(D)","(D)","(D)","(D)","(D)","(D)","(D)","(D)","(D)","(D)",901,904,"(NA)"
"16740","Charlotte-Concord-Gastonia, NC-SC (Metropolitan Statistical Area)"," ","200","Gross domestic product (GDP) by metropolitan area","34","42","  Wholesale trade","(D)","(D)","(D)","(D)",7250,7834,8301,8371,7714,8048,8389,8908,9360,"(D)","(D)"
"16740","Charlotte-Concord-Gastonia, NC-SC (Metropolitan Statistical Area)"," ","200","Gross domestic product (GDP) by metropolitan area","35","44-45","  Retail trade",4542,4558,4779,4998,5420,5693,5987,5992,5918,6242,6285,6692,7149,7428,7612
"16740","Charlotte-Concord-Gastonia, NC-SC (Metropolitan Statistical Area)"," ","200","Gross domestic product (GDP) by metropolitan area","36","48-49","  Transportation and warehousing","(D)","(D)","(D)","(D)","(D)","(D)","(D)","(D)","(D)","(D)","(D)","(D)",4240,4591,4882
"16740","Charlotte-Concord-Gastonia, NC-SC (Metropolitan Statistical Area)"," ","200","Gross domestic product (GDP) by metropolitan area","37","481","   Air transportation","(D)","(D)","(D)","(D)","(D)","(D)","(D)","(D)","(D)","(D)","(D)","(D)",1624,1820,"(NA)"
"16740","Charlotte-Concord-Gastonia, NC-SC (Metropolitan Statistical Area)"," ","200","Gross domestic product (GDP) by metropolitan area","38","482","   Rail transportation",51,50,56,59,65,68,70,74,71,72,78,88,87,93,"(NA)"
"16740","Charlotte-Concord-Gastonia, NC-SC (Metropolitan Statistical Area)"," ","200","Gross domestic product (GDP) by metropolitan area","39","483","   Water transportation","(D)","(D)","(D)","(D)","(D)","(D)",137,"(D)","(D)","(D)","(D)","(D)","(D)","(D)","(NA)"
"16740","Charlotte-Concord-Gastonia, NC-SC (Metropolitan Statistical Area)"," ","200","Gross domestic product (GDP) by metropolitan area","40","484","   Truck transportation",1004,1004,992,1073,1135,1208,1180,1155,1017,1024,1077,1050,1082,1145,"(NA)"
"16740","Charlotte-Concord-Gastonia, NC-SC (Metropolitan Statistical Area)"," ","200","Gross domestic product (GDP) by metropolitan area","41","485","   Transit and ground passenger transportation","(D)","(D)","(D)","(D)","(D)","(D)","(D)","(D)","(D)","(D)","(D)","(D)",159,168,"(NA)"
"16740","Charlotte-Concord-Gastonia, NC-SC (Metropolitan Statistical Area)"," ","200","Gross domestic product (GDP) by metropolitan area","42","486","   Pipeline transportation","(D)","(D)","(D)","(D)","(D)","(D)","(D)","(D)","(D)","(D)","(D)","(D)",10,"(D)","(NA)"
"16740","Charlotte-Concord-Gastonia, NC-SC (Metropolitan Statistical Area)"," ","200","Gross domestic product (GDP) by metropolitan area","43","487-488, 492","   Other transportation and support activities","(D)","(D)","(D)","(D)","(D)","(D)","(D)","(D)","(D)","(D)","(D)","(D)","(D)",768,"(NA)"
"16740","Charlotte-Concord-Gastonia, NC-SC (Metropolitan Statistical Area)"," ","200","Gross domestic product (GDP) by metropolitan area","44","493","   Warehousing and storage","(D)","(D)","(D)","(D)","(D)","(D)","(D)","(D)","(D)","(D)","(D)","(D)",375,397,"(NA)"
"16740","Charlotte-Concord-Gastonia, NC-SC (Metropolitan Statistical Area)"," ","200","Gross domestic product (GDP) by metropolitan area","45","51","  Information","(D)",3622,3920,4537,4777,4891,4983,5593,5172,5045,4903,4873,5224,5882,"(D)"
"16740","Charlotte-Concord-Gastonia, NC-SC (Metropolitan Statistical Area)"," ","200","Gross domestic product (GDP) by metropolitan area","46","511","   Publishing industries, except Internet (includes software)","(D)","(D)","(D)","(D)","(D)","(D)","(D)","(D)","(D)","(D)","(D)","(D)",675,1180,"(NA)"
"16740","Charlotte-Concord-Gastonia, NC-SC (Metropolitan Statistical Area)"," ","200","Gross domestic product (GDP) by metropolitan area","47","512","   Motion picture and sound recording industries","(D)","(D)","(D)","(D)","(D)","(D)","(D)","(D)","(D)","(D)","(D)","(D)",165,172,"(NA)"
"16740","Charlotte-Concord-Gastonia, NC-SC (Metropolitan Statistical Area)"," ","200","Gross domestic product (GDP) by metropolitan area","48","515, 517","   Broadcasting and telecommunications","(D)","(D)","(D)","(D)","(D)","(D)","(D)","(D)","(D)","(D)","(D)","(D)",3162,3256,"(NA)"
"16740","Charlotte-Concord-Gastonia, NC-SC (Metropolitan Statistical Area)"," ","200","Gross domestic product (GDP) by metropolitan area","49","518, 519","   Data processing, internet publishing, and other information services","(D)","(D)","(D)","(D)","(D)","(D)","(D)","(D)","(D)","(D)","(D)","(D)",1221,1274,"(NA)"
"16740","Charlotte-Concord-Gastonia, NC-SC (Metropolitan Statistical Area)"," ","200","Gross domestic product (GDP) by metropolitan area","50","52, 53","  Finance, insurance, real estate, rental, and leasing",18529,22925,24079,26212,31111,32884,28590,30822,27897,28752,34546,34240,36994,39441,"(D)"
"16740","Charlotte-Concord-Gastonia, NC-SC (Metropolitan Statistical Area)"," ","200","Gross domestic product (GDP) by metropolitan area","51","52","   Finance and insurance",9761,12172,14056,15727,19956,20957,15341,15830,12844,12907,16729,16432,18032,19497,21218
"16740","Charlotte-Concord-Gastonia, NC-SC (Metropolitan Statistical Area)"," ","200","Gross domestic product (GDP) by metropolitan area","52","521-522","    Federal Reserve banks, credit intermediation, and related services","(D)","(D)","(D)","(D)","(D)",17041,11477,"(D)","(D)","(D)","(D)","(D)","(D)","(D)","(NA)"
"16740","Charlotte-Concord-Gastonia, NC-SC (Metropolitan Statistical Area)"," ","200","Gross domestic product (GDP) by metropolitan area","53","523","    Securities, commodity contracts, and investments","(D)","(D)","(D)","(D)","(D)","(D)","(D)","(D)","(D)","(D)","(D)","(D)",1999,2291,"(NA)"
"16740","Charlotte-Concord-Gastonia, NC-SC (Metropolitan Statistical Area)"," ","200","Gross domestic product (GDP) by metropolitan area","54","524","    Insurance carriers and related activities","(D)","(D)","(D)","(D)","(D)","(D)","(D)","(D)","(D)","(D)","(D)","(D)","(D)","(D)","(NA)"
"16740","Charlotte-Concord-Gastonia, NC-SC (Metropolitan Statistical Area)"," ","200","Gross domestic product (GDP) by metropolitan area","55","525","    Funds, trusts, and other financial vehicles","(D)","(D)","(D)","(D)","(D)","(D)","(D)","(D)","(D)","(D)","(D)","(D)","(D)","(D)","(NA)"
"16740","Charlotte-Concord-Gastonia, NC-SC (Metropolitan Statistical Area)"," ","200","Gross domestic product (GDP) by metropolitan area","56","53","   Real estate and rental and leasing",8769,10753,10023,10484,11155,11927,13248,14992,15053,15845,17817,17808,18962,19944,"(D)"
"16740","Charlotte-Concord-Gastonia, NC-SC (Metropolitan Statistical Area)"," ","200","Gross domestic product (GDP) by metropolitan area","57","531","    Real estate",8016,9895,9216,"(D)","(D)",10912,12349,14125,14202,14998,"(D)","(D)","(D)","(D)","(NA)"
"16740","Charlotte-Concord-Gastonia, NC-SC (Metropolitan Statistical Area)"," ","200","Gross domestic product (GDP) by metropolitan area","58","532-533","    Rental and leasing services and lessors of intangible assets",753,858,807,"(D)","(D)",1015,899,867,850,847,"(D)","(D)","(D)","(D)","(NA)"
"16740","Charlotte-Concord-Gastonia, NC-SC (Metropolitan Statistical Area)"," ","200","Gross domestic product (GDP) by metropolitan area","59","54, 55, 56","  Professional and business services",8698,9592,10020,10901,12121,12828,14228,15382,14268,15472,16507,17708,17730,19736,22049
"16740","Charlotte-Concord-Gastonia, NC-SC (Metropolitan Statistical Area)"," ","200","Gross domestic product (GDP) by metropolitan area","60","54","   Professional, scientific, and technical services","(D)","(D)","(D)","(D)","(D)","(D)","(D)","(D)","(D)","(D)","(D)","(D)","(D)","(D)","(D)"
"16740","Charlotte-Concord-Gastonia, NC-SC (Metropolitan Statistical Area)"," ","200","Gross domestic product (GDP) by metropolitan area","64","55","   Management of companies and enterprises","(D)","(D)","(D)","(D)","(D)","(D)","(D)","(D)","(D)","(D)","(D)","(D)","(D)","(D)","(D)"
"16740","Charlotte-Concord-Gastonia, NC-SC (Metropolitan Statistical Area)"," ","200","Gross domestic product (GDP) by metropolitan area","65","56","   Administrative and waste management services",2191,2334,2540,2732,3043,3267,3609,3878,"(D)","(D)","(D)","(D)",4886,5377,5805
"16740","Charlotte-Concord-Gastonia, NC-SC (Metropolitan Statistical Area)"," ","200","Gross domestic product (GDP) by metropolitan area","66","561","    Administrative and support services","(D)","(D)","(D)","(D)","(D)","(D)","(D)","(D)","(D)","(D)",4205,"(D)","(D)","(D)","(NA)"
"16740","Charlotte-Concord-Gastonia, NC-SC (Metropolitan Statistical Area)"," ","200","Gross domestic product (GDP) by metropolitan area","67","562","    Waste management and remediation services","(D)","(D)","(D)","(D)","(D)","(D)","(D)","(D)","(D)","(D)","(D)","(D)","(D)","(D)","(NA)"
"16740","Charlotte-Concord-Gastonia, NC-SC (Metropolitan Statistical Area)"," ","200","Gross domestic product (GDP) by metropolitan area","68","61, 62","  Educational services, health care, and social assistance",3529,3875,4207,4608,4867,5296,5667,6072,6574,6663,6737,7006,7109,7457,7988
"16740","Charlotte-Concord-Gastonia, NC-SC (Metropolitan Statistical Area)"," ","200","Gross domestic product (GDP) by metropolitan area","69","61","   Educational services","(D)","(D)","(D)","(D)","(D)","(D)","(D)","(D)",708,734,"(D)","(D)",820,"(D)","(D)"
"16740","Charlotte-Concord-Gastonia, NC-SC (Metropolitan Statistical Area)"," ","200","Gross domestic product (GDP) by metropolitan area","70","62","   Health care and social assistance","(D)","(D)","(D)","(D)","(D)","(D)","(D)","(D)",5866,5929,"(D)","(D)",6288,"(D)","(D)"
"16740","Charlotte-Concord-Gastonia, NC-SC (Metropolitan Statistical Area)"," ","200","Gross domestic product (GDP) by metropolitan area","71","621","    Ambulatory health care services",1936,2089,2227,2393,2529,2746,2911,3115,3386,3455,3564,3666,3828,4046,"(NA)"
"16740","Charlotte-Concord-Gastonia, NC-SC (Metropolitan Statistical Area)"," ","200","Gross domestic product (GDP) by metropolitan area","72","622-623","    Hospitals and nursing and residential care facilities","(D)","(D)","(D)","(D)","(D)","(D)","(D)","(D)","(D)","(D)","(D)","(D)",1831,"(D)","(NA)"
"16740","Charlotte-Concord-Gastonia, NC-SC (Metropolitan Statistical Area)"," ","200","Gross domestic product (GDP) by metropolitan area","73","624","    Social assistance","(D)","(D)","(D)","(D)","(D)","(D)","(D)","(D)","(D)","(D)","(D)","(D)",629,652,"(NA)"
"16740","Charlotte-Concord-Gastonia, NC-SC (Metropolitan Statistical Area)"," ","200","Gross domestic product (GDP) by metropolitan area","74","71, 72","  Arts, entertainment, recreation, accommodation, and food services",2546,2671,2788,3063,3310,3685,3950,4074,4144,4247,4344,4721,4940,5264,5700
"16740","Charlotte-Concord-Gastonia, NC-SC (Metropolitan Statistical Area)"," ","200","Gross domestic product (GDP) by metropolitan area","75","71","   Arts, entertainment, and recreation",933,946,1070,1179,1283,1492,1610,1703,1774,1740,1791,1920,1990,2110,2284
"16740","Charlotte-Concord-Gastonia, NC-SC (Metropolitan Statistical Area)"," ","200","Gross domestic product (GDP) by metropolitan area","76","711-712","    Performing arts, spectator sports, museums, and related activities","(D)","(D)","(D)","(D)","(D)","(D)","(D)","(D)","(D)","(D)","(D)","(D)",1506,1595,"(NA)"
"16740","Charlotte-Concord-Gastonia, NC-SC (Metropolitan Statistical Area)"," ","200","Gross domestic product (GDP) by metropolitan area","77","713","    Amusements, gambling, and recreation industries","(D)","(D)","(D)","(D)","(D)","(D)","(D)","(D)","(D)","(D)","(D)","(D)",484,515,"(NA)"
"16740","Charlotte-Concord-Gastonia, NC-SC (Metropolitan Statistical Area)"," ","200","Gross domestic product (GDP) by metropolitan area","78","72","   Accommodation and food services",1614,1725,1718,1883,2026,2194,2340,2372,2370,2507,2553,2801,2949,3154,3416
"16740","Charlotte-Concord-Gastonia, NC-SC (Metropolitan Statistical Area)"," ","200","Gross domestic product (GDP) by metropolitan area","79","721","    Accommodation","(D)","(D)",351,"(D)","(D)","(D)",469,"(D)","(D)","(D)","(D)","(D)","(D)","(D)","(NA)"
"16740","Charlotte-Concord-Gastonia, NC-SC (Metropolitan Statistical Area)"," ","200","Gross domestic product (GDP) by metropolitan area","80","722","    Food services and drinking places","(D)","(D)",1367,"(D)","(D)","(D)",1870,"(D)","(D)","(D)","(D)","(D)","(D)","(D)","(NA)"
"16740","Charlotte-Concord-Gastonia, NC-SC (Metropolitan Statistical Area)"," ","200","Gross domestic product (GDP) by metropolitan area","81","81","  Other services, except government","(D)",1735,1725,1790,1841,1935,2012,2010,1934,1988,2062,2300,2400,2498,2675
"16740","Charlotte-Concord-Gastonia, NC-SC (Metropolitan Statistical Area)"," ","200","Gross domestic product (GDP) by metropolitan area","82","92"," Government",6166,6553,6956,7440,8025,8667,9388,10192,10682,10838,11006,11184,11519,11878,12143
"16740","Charlotte-Concord-Gastonia, NC-SC (Metropolitan Statistical Area)"," ","200","Gross domestic product (GDP) by metropolitan area","83","...","  Federal civilian",765,817,876,934,999,1064,1125,1205,1231,1258,1223,1249,1294,1368,"(NA)"
"16740","Charlotte-Concord-Gastonia, NC-SC (Metropolitan Statistical Area)"," ","200","Gross domestic product (GDP) by metropolitan area","84","...","  Federal military",95,128,187,188,217,214,227,246,272,267,263,242,233,223,"(NA)"
"16740","Charlotte-Concord-Gastonia, NC-SC (Metropolitan Statistical Area)"," ","200","Gross domestic product (GDP) by metropolitan area","85","...","  State and local",5306,5607,5893,6318,6808,7389,8036,8741,9179,9313,9521,9693,9992,10287,"(NA)"
"16740","Charlotte-Concord-Gastonia, NC-SC (Metropolitan Statistical Area)"," ","200","Gross domestic product (GDP) by metropolitan area","86","11, 21","Natural resources and mining",515,"(D)","(D)","(D)",519,568,557,430,405,433,436,500,655,712,683
"16740","Charlotte-Concord-Gastonia, NC-SC (Metropolitan Statistical Area)"," ","200","Gross domestic product (GDP) by metropolitan area","87","42, 44-45","Trade","(D)","(D)","(D)","(D)",12670,13528,14289,14363,13632,14291,14675,15600,16509,"(D)","(D)"
"16740","Charlotte-Concord-Gastonia, NC-SC (Metropolitan Statistical Area)"," ","200","Gross domestic product (GDP) by metropolitan area","88","...","Transportation and utilities",4156,4184,4291,4676,4798,5175,5214,5357,5501,5970,6057,6269,7096,"(D)","(D)"
"16740","Charlotte-Concord-Gastonia, NC-SC (Metropolitan Statistical Area)"," ","200","Gross domestic product (GDP) by metropolitan area","89","...","Private goods-producing industries",20048,19923,20029,20722,21950,24916,24535,23060,21859,21234,22864,23350,24695,25148,27054
"16740","Charlotte-Concord-Gastonia, NC-SC (Metropolitan Statistical Area)"," ","200","Gross domestic product (GDP) by metropolitan area","90","...","Private services-providing industries",52460,58994,61926,67508,75494,80221,78931,83674,79122,82428,89830,92717,98002,105217,113250
"16740","Charlotte-Concord-Gastonia, NC-SC (Metropolitan Statistical Area)"," ","800","Quantity indexes for real GDP by metropolitan area","1","...","All industry total",83.558,89.148,91.356,95.782,102.806,107.826,104.227,106.189,100.000,101.635,108.428,108.585,111.941,115.847,120.836
"16740","Charlotte-Concord-Gastonia, NC-SC (Metropolitan Statistical Area)"," ","800","Quantity indexes for real GDP by metropolitan area","2","..."," Private industries",84.163,90.084,92.345,97.060,104.479,109.684,105.372,107.046,100.000,101.948,109.515,109.693,113.352,117.611,123.172
"16740","Charlotte-Concord-Gastonia, NC-SC (Metropolitan Statistical Area)"," ","800","Quantity indexes for real GDP by metropolitan area","3","11","  Agriculture, forestry, fishing, and hunting","(D)","(D)","(D)","(D)","(D)","(D)","(D)","(D)","(D)","(D)","(D)","(D)","(D)","(D)","(D)"
"16740","Charlotte-Concord-Gastonia, NC-SC (Metropolitan Statistical Area)"," ","800","Quantity indexes for real GDP by metropolitan area","4","111-112","   Farms",167.916,148.440,156.704,154.045,153.527,173.026,114.560,81.155,100.000,96.784,78.073,93.447,127.556,144.055,"(NA)"
"16740","Charlotte-Concord-Gastonia, NC-SC (Metropolitan Statistical Area)"," ","800","Quantity indexes for real GDP by metropolitan area","5","113-115","   Forestry, fishing, and related activities","(D)","(D)","(D)","(D)","(D)","(D)","(D)","(D)","(D)","(D)","(D)","(D)","(D)","(D)","(NA)"
"16740","Charlotte-Concord-Gastonia, NC-SC (Metropolitan Statistical Area)"," ","800","Quantity indexes for real GDP by metropolitan area","6","21","  Mining","(D)","(D)","(D)","(D)","(D)","(D)","(D)","(D)","(D)","(D)","(D)","(D)","(D)","(D)","(D)"
"16740","Charlotte-Concord-Gastonia, NC-SC (Metropolitan Statistical Area)"," ","800","Quantity indexes for real GDP by metropolitan area","7","211","   Oil and gas extraction",6255.159,159.962,2.302,6.550,2.080,46.258,81.674,47.178,100.000,179.977,173.001,371.001,330.372,318.614,"(NA)"
"16740","Charlotte-Concord-Gastonia, NC-SC (Metropolitan Statistical Area)"," ","800","Quantity indexes for real GDP by metropolitan area","8","212","   Mining, except oil and gas","(D)","(D)","(D)","(D)","(D)","(D)","(D)","(D)","(D)","(D)","(D)","(D)","(D)","(D)","(NA)"
"16740","Charlotte-Concord-Gastonia, NC-SC (Metropolitan Statistical Area)"," ","800","Quantity indexes for real GDP by metropolitan area","9","213","   Support activities for mining","(D)","(D)","(D)","(D)","(D)","(D)","(D)","(D)","(D)","(D)","(D)","(D)","(D)","(D)","(NA)"
"16740","Charlotte-Concord-Gastonia, NC-SC (Metropolitan Statistical Area)"," ","800","Quantity indexes for real GDP by metropolitan area","10","22","  Utilities","(D)","(D)","(D)","(D)","(D)","(D)","(D)","(D)","(D)","(D)","(D)","(D)","(D)","(D)","(D)"
"16740","Charlotte-Concord-Gastonia, NC-SC (Metropolitan Statistical Area)"," ","800","Quantity indexes for real GDP by metropolitan area","11","23","  Construction",134.977,133.619,134.351,136.716,138.877,140.763,140.045,124.205,100.000,89.890,86.981,91.865,95.408,98.087,106.163
"16740","Charlotte-Concord-Gastonia, NC-SC (Metropolitan Statistical Area)"," ","800","Quantity indexes for real GDP by metropolitan area","12","31-33","  Manufacturing",101.174,98.816,99.091,101.726,104.386,119.327,115.234,108.029,100.000,100.789,109.669,105.610,108.198,104.874,107.378
"16740","Charlotte-Concord-Gastonia, NC-SC (Metropolitan Statistical Area)"," ","800","Quantity indexes for real GDP by metropolitan area","13","...","   Durable goods manufacturing","(D)","(D)","(D)","(D)","(D)","(D)","(D)","(D)","(D)","(D)","(D)","(D)","(D)","(D)","(D)"
"16740","Charlotte-Concord-Gastonia, NC-SC (Metropolitan Statistical Area)"," ","800","Quantity indexes for real GDP by metropolitan area","14","321","    Wood products manufacturing","(D)","(D)","(D)","(D)","(D)","(D)","(D)","(D)","(D)","(D)","(D)","(D)","(D)","(D)","(NA)"
"16740","Charlotte-Concord-Gastonia, NC-SC (Metropolitan Statistical Area)"," ","800","Quantity indexes for real GDP by metropolitan area","15","327","    Nonmetallic mineral products manufacturing",173.804,148.677,146.091,151.253,134.815,133.769,142.163,126.814,100.000,95.604,109.046,127.289,133.486,129.137,"(NA)"
"16740","Charlotte-Concord-Gastonia, NC-SC (Metropolitan Statistical Area)"," ","800","Quantity indexes for real GDP by metropolitan area","16","331","    Primary metals manufacturing","(D)","(D)","(D)","(D)","(D)","(D)","(D)","(D)","(D)","(D)","(D)","(D)","(D)","(D)","(NA)"
"16740","Charlotte-Concord-Gastonia, NC-SC (Metropolitan Statistical Area)"," ","800","Quantity indexes for real GDP by metropolitan area","17","332","    Fabricated metal products",114.216,114.243,"(D)","(D)",140.022,159.416,168.363,146.626,100.000,106.105,105.398,107.596,110.995,111.679,"(NA)"
"16740","Charlotte-Concord-Gastonia, NC-SC (Metropolitan Statistical Area)"," ","800","Quantity indexes for real GDP by metropolitan area","18","333","    Machinery manufacturing","(D)","(D)","(D)","(D)","(D)","(D)","(D)","(D)","(D)","(D)","(D)","(D)","(D)","(D)","(NA)"
"16740","Charlotte-Concord-Gastonia, NC-SC (Metropolitan Statistical Area)"," ","800","Quantity indexes for real GDP by metropolitan area","19","334","    Computer and electronic products manufacturing","(D)","(D)","(D)","(D)","(D)","(D)","(D)","(D)","(D)","(D)","(D)","(D)","(D)","(D)","(NA)"
"16740","Charlotte-Concord-Gastonia, NC-SC (Metropolitan Statistical Area)"," ","800","Quantity indexes for real GDP by metropolitan area","20","335","    Electrical equipment, appliance, and components manufacturing","(D)","(D)","(D)","(D)","(D)","(D)","(D)","(D)","(D)","(D)","(D)","(D)","(D)","(D)","(NA)"
"16740","Charlotte-Concord-Gastonia, NC-SC (Metropolitan Statistical Area)"," ","800","Quantity indexes for real GDP by metropolitan area","21","3361-3363","    Motor vehicles, bodies and trailers, and parts manufacturing","(D)","(D)","(D)","(D)","(D)","(D)","(D)","(D)","(D)","(D)","(D)","(D)","(D)","(D)","(NA)"
"16740","Charlotte-Concord-Gastonia, NC-SC (Metropolitan Statistical Area)"," ","800","Quantity indexes for real GDP by metropolitan area","22","3364-3366, 3369","    Other transportation equipment manufacturing","(D)","(D)","(D)","(D)","(D)","(D)","(D)","(D)","(D)","(D)","(D)","(D)","(D)","(D)","(NA)"
"16740","Charlotte-Concord-Gastonia, NC-SC (Metropolitan Statistical Area)"," ","800","Quantity indexes for real GDP by metropolitan area","23","337","    Furniture and related products manufacturing","(D)","(D)","(D)","(D)","(D)","(D)","(D)","(D)","(D)","(D)","(D)","(D)","(D)","(D)","(NA)"
"16740","Charlotte-Concord-Gastonia, NC-SC (Metropolitan Statistical Area)"," ","800","Quantity indexes for real GDP by metropolitan area","24","339","    Miscellaneous manufacturing","(D)","(D)","(D)","(D)","(D)","(D)","(D)","(D)","(D)","(D)","(D)","(D)","(D)","(D)","(NA)"
"16740","Charlotte-Concord-Gastonia, NC-SC (Metropolitan Statistical Area)"," ","800","Quantity indexes for real GDP by metropolitan area","25","...","   Nondurable goods manufacturing","(D)","(D)","(D)","(D)","(D)","(D)","(D)","(D)","(D)","(D)","(D)","(D)","(D)","(D)","(D)"
"16740","Charlotte-Concord-Gastonia, NC-SC (Metropolitan Statistical Area)"," ","800","Quantity indexes for real GDP by metropolitan area","26","311-312","    Food and beverage and tobacco products manufacturing","(D)","(D)","(D)","(D)","(D)","(D)","(D)","(D)","(D)","(D)","(D)","(D)","(D)","(D)","(NA)"
"16740","Charlotte-Concord-Gastonia, NC-SC (Metropolitan Statistical Area)"," ","800","Quantity indexes for real GDP by metropolitan area","27","313-314","    Textile mills and textile product mills","(D)","(D)","(D)","(D)","(D)","(D)","(D)","(D)","(D)","(D)","(D)","(D)","(D)","(D)","(NA)"
"16740","Charlotte-Concord-Gastonia, NC-SC (Metropolitan Statistical Area)"," ","800","Quantity indexes for real GDP by metropolitan area","28","315-316","    Apparel and leather and allied products manufacturing","(D)","(D)","(D)","(D)","(D)","(D)","(D)","(D)","(D)","(D)","(D)","(D)","(D)","(D)","(NA)"
"16740","Charlotte-Concord-Gastonia, NC-SC (Metropolitan Statistical Area)"," ","800","Quantity indexes for real GDP by metropolitan area","29","322","    Paper products manufacturing","(D)","(D)","(D)","(D)","(D)","(D)","(D)","(D)","(D)","(D)","(D)","(D)","(D)","(D)","(NA)"
"16740","Charlotte-Concord-Gastonia, NC-SC (Metropolitan Statistical Area)"," ","800","Quantity indexes for real GDP by metropolitan area","30","323","    Printing and related support activities","(D)","(D)","(D)","(D)","(D)","(D)","(D)","(D)","(D)","(D)","(D)","(D)","(D)","(D)","(NA)"
"16740","Charlotte-Concord-Gastonia, NC-SC (Metropolitan Statistical Area)"," ","800","Quantity indexes for real GDP by metropolitan area","31","324","    Petroleum and coal products manufacturing","(D)","(D)","(D)","(D)","(D)","(D)","(D)","(D)","(D)","(D)","(D)","(D)","(D)","(D)","(NA)"
"16740","Charlotte-Concord-Gastonia, NC-SC (Metropolitan Statistical Area)"," ","800","Quantity indexes for real GDP by metropolitan area","32","325","    Chemical products manufacturing","(D)","(D)","(D)","(D)","(D)","(D)","(D)",96.757,100.000,93.528,"(D)","(D)","(D)","(D)","(NA)"
"16740","Charlotte-Concord-Gastonia, NC-SC (Metropolitan Statistical Area)"," ","800","Quantity indexes for real GDP by metropolitan area","33","326","    Plastics and rubber products manufacturing","(D)","(D)","(D)","(D)","(D)","(D)","(D)","(D)","(D)","(D)","(D)","(D)","(D)","(D)","(NA)"
"16740","Charlotte-Concord-Gastonia, NC-SC (Metropolitan Statistical Area)"," ","800","Quantity indexes for real GDP by metropolitan area","34","42","  Wholesale trade","(D)","(D)","(D)","(D)",110.114,114.973,119.327,116.638,100.000,101.920,103.816,106.916,111.315,"(D)","(D)"
"16740","Charlotte-Concord-Gastonia, NC-SC (Metropolitan Statistical Area)"," ","800","Quantity indexes for real GDP by metropolitan area","35","44-45","  Retail trade",86.575,87.119,91.874,94.212,99.818,101.876,104.234,102.477,100.000,104.676,103.329,107.130,113.331,116.248,117.277
"16740","Charlotte-Concord-Gastonia, NC-SC (Metropolitan Statistical Area)"," ","800","Quantity indexes for real GDP by metropolitan area","36","48-49","  Transportation and warehousing","(D)","(D)","(D)","(D)","(D)","(D)","(D)","(D)","(D)","(D)","(D)","(D)","(D)","(D)","(D)"
"16740","Charlotte-Concord-Gastonia, NC-SC (Metropolitan Statistical Area)"," ","800","Quantity indexes for real GDP by metropolitan area","37","481","   Air transportation","(D)","(D)","(D)","(D)","(D)","(D)","(D)","(D)","(D)","(D)","(D)","(D)","(D)","(D)","(NA)"
"16740","Charlotte-Concord-Gastonia, NC-SC (Metropolitan Statistical Area)"," ","800","Quantity indexes for real GDP by metropolitan area","38","482","   Rail transportation",103.579,99.381,111.345,115.288,118.211,111.657,111.705,106.496,100.000,99.615,102.593,107.511,101.710,105.257,"(NA)"
"16740","Charlotte-Concord-Gastonia, NC-SC (Metropolitan Statistical Area)"," ","800","Quantity indexes for real GDP by metropolitan area","39","483","   Water transportation","(D)","(D)","(D)","(D)","(D)","(D)","(D)","(D)","(D)","(D)","(D)","(D)","(D)","(D)","(NA)"
"16740","Charlotte-Concord-Gastonia, NC-SC (Metropolitan Statistical Area)"," ","800","Quantity indexes for real GDP by metropolitan area","40","484","   Truck transportation",114.457,113.179,110.085,117.771,120.602,126.833,122.238,116.793,100.000,106.503,112.801,106.604,106.231,107.636,"(NA)"
"16740","Charlotte-Concord-Gastonia, NC-SC (Metropolitan Statistical Area)"," ","800","Quantity indexes for real GDP by metropolitan area","41","485","   Transit and ground passenger transportation","(D)","(D)","(D)","(D)","(D)","(D)","(D)","(D)","(D)","(D)","(D)","(D)","(D)","(D)","(NA)"
"16740","Charlotte-Concord-Gastonia, NC-SC (Metropolitan Statistical Area)"," ","800","Quantity indexes for real GDP by metropolitan area","42","486","   Pipeline transportation","(D)","(D)","(D)","(D)","(D)","(D)","(D)","(D)","(D)","(D)","(D)","(D)","(D)","(D)","(NA)"
"16740","Charlotte-Concord-Gastonia, NC-SC (Metropolitan Statistical Area)"," ","800","Quantity indexes for real GDP by metropolitan area","43","487-488, 492","   Other transportation and support activities","(D)","(D)","(D)","(D)","(D)","(D)","(D)","(D)","(D)","(D)","(D)","(D)","(D)","(D)","(NA)"
"16740","Charlotte-Concord-Gastonia, NC-SC (Metropolitan Statistical Area)"," ","800","Quantity indexes for real GDP by metropolitan area","44","493","   Warehousing and storage","(D)","(D)","(D)","(D)","(D)","(D)","(D)","(D)","(D)","(D)","(D)","(D)","(D)","(D)","(NA)"
"16740","Charlotte-Concord-Gastonia, NC-SC (Metropolitan Statistical Area)"," ","800","Quantity indexes for real GDP by metropolitan area","45","51","  Information","(D)",64.871,70.160,82.198,88.347,91.616,95.282,108.434,100.000,98.317,96.180,95.764,102.155,115.394,"(D)"
"16740","Charlotte-Concord-Gastonia, NC-SC (Metropolitan Statistical Area)"," ","800","Quantity indexes for real GDP by metropolitan area","46","511","   Publishing industries, except Internet (includes software)","(D)","(D)","(D)","(D)","(D)","(D)","(D)","(D)","(D)","(D)","(D)","(D)","(D)","(D)","(NA)"
"16740","Charlotte-Concord-Gastonia, NC-SC (Metropolitan Statistical Area)"," ","800","Quantity indexes for real GDP by metropolitan area","47","512","   Motion picture and sound recording industries","(D)","(D)","(D)","(D)","(D)","(D)","(D)","(D)","(D)","(D)","(D)","(D)","(D)","(D)","(NA)"
"16740","Charlotte-Concord-Gastonia, NC-SC (Metropolitan Statistical Area)"," ","800","Quantity indexes for real GDP by metropolitan area","48","515, 517","   Broadcasting and telecommunications","(D)","(D)","(D)","(D)","(D)","(D)","(D)","(D)","(D)","(D)","(D)","(D)","(D)","(D)","(NA)"
"16740","Charlotte-Concord-Gastonia, NC-SC (Metropolitan Statistical Area)"," ","800","Quantity indexes for real GDP by metropolitan area","49","518, 519","   Data processing, internet publishing, and other information services","(D)","(D)","(D)","(D)","(D)","(D)","(D)","(D)","(D)","(D)","(D)","(D)","(D)","(D)","(NA)"
"16740","Charlotte-Concord-Gastonia, NC-SC (Metropolitan Statistical Area)"," ","800","Quantity indexes for real GDP by metropolitan area","50","52, 53","  Finance, insurance, real estate, rental, and leasing",72.390,87.215,89.313,95.056,110.737,114.293,97.665,104.545,100.000,101.181,120.250,114.890,119.712,123.539,"(D)"
"16740","Charlotte-Concord-Gastonia, NC-SC (Metropolitan Statistical Area)"," ","800","Quantity indexes for real GDP by metropolitan area","51","52","   Finance and insurance",75.418,92.371,103.774,113.372,141.437,145.291,104.763,108.119,100.000,95.809,122.484,113.918,118.806,123.200,130.099
"16740","Charlotte-Concord-Gastonia, NC-SC (Metropolitan Statistical Area)"," ","800","Quantity indexes for real GDP by metropolitan area","52","521-522","    Federal Reserve banks, credit intermediation, and related services","(D)","(D)","(D)","(D)","(D)","(D)","(D)","(D)","(D)","(D)","(D)","(D)","(D)","(D)","(NA)"
"16740","Charlotte-Concord-Gastonia, NC-SC (Metropolitan Statistical Area)"," ","800","Quantity indexes for real GDP by metropolitan area","53","523","    Securities, commodity contracts, and investments","(D)","(D)","(D)","(D)","(D)","(D)","(D)","(D)","(D)","(D)","(D)","(D)","(D)","(D)","(NA)"
"16740","Charlotte-Concord-Gastonia, NC-SC (Metropolitan Statistical Area)"," ","800","Quantity indexes for real GDP by metropolitan area","54","524","    Insurance carriers and related activities","(D)","(D)","(D)","(D)","(D)","(D)","(D)","(D)","(D)","(D)","(D)","(D)","(D)","(D)","(NA)"
"16740","Charlotte-Concord-Gastonia, NC-SC (Metropolitan Statistical Area)"," ","800","Quantity indexes for real GDP by metropolitan area","55","525","    Funds, trusts, and other financial vehicles","(D)","(D)","(D)","(D)","(D)","(D)","(D)","(D)","(D)","(D)","(D)","(D)","(D)","(D)","(NA)"
"16740","Charlotte-Concord-Gastonia, NC-SC (Metropolitan Statistical Area)"," ","800","Quantity indexes for real GDP by metropolitan area","56","53","   Real estate and rental and leasing",69.728,82.470,75.153,77.010,80.195,83.466,90.848,101.260,100.000,105.891,118.065,115.664,120.417,123.689,"(D)"
"16740","Charlotte-Concord-Gastonia, NC-SC (Metropolitan Statistical Area)"," ","800","Quantity indexes for real GDP by metropolitan area","57","531","    Real estate",67.472,80.098,73.008,"(D)","(D)",80.727,89.531,100.978,100.000,106.245,"(D)","(D)","(D)","(D)","(NA)"
"16740","Charlotte-Concord-Gastonia, NC-SC (Metropolitan Statistical Area)"," ","800","Quantity indexes for real GDP by metropolitan area","58","532-533","    Rental and leasing services and lessors of intangible assets",108.887,123.600,112.346,"(D)","(D)",130.924,113.492,106.025,100.000,99.973,"(D)","(D)","(D)","(D)","(NA)"
"16740","Charlotte-Concord-Gastonia, NC-SC (Metropolitan Statistical Area)"," ","800","Quantity indexes for real GDP by metropolitan area","59","54, 55, 56","  Professional and business services",80.276,87.248,89.586,90.851,97.519,98.447,102.732,109.746,100.000,107.827,114.183,121.069,119.668,132.430,145.375
"16740","Charlotte-Concord-Gastonia, NC-SC (Metropolitan Statistical Area)"," ","800","Quantity indexes for real GDP by metropolitan area","60","54","   Professional, scientific, and technical services","(D)","(D)","(D)","(D)","(D)","(D)","(D)","(D)","(D)","(D)","(D)","(D)","(D)","(D)","(D)"
"16740","Charlotte-Concord-Gastonia, NC-SC (Metropolitan Statistical Area)"," ","800","Quantity indexes for real GDP by metropolitan area","64","55","   Management of companies and enterprises","(D)","(D)","(D)","(D)","(D)","(D)","(D)","(D)","(D)","(D)","(D)","(D)","(D)","(D)","(D)"
"16740","Charlotte-Concord-Gastonia, NC-SC (Metropolitan Statistical Area)"," ","800","Quantity indexes for real GDP by metropolitan area","65","56","   Administrative and waste management services","(D)","(D)","(D)","(D)","(D)","(D)","(D)","(D)","(D)","(D)","(D)","(D)","(D)","(D)","(D)"
"16740","Charlotte-Concord-Gastonia, NC-SC (Metropolitan Statistical Area)"," ","800","Quantity indexes for real GDP by metropolitan area","66","561","    Administrative and support services","(D)","(D)","(D)","(D)","(D)","(D)","(D)","(D)","(D)","(D)","(D)","(D)","(D)","(D)","(NA)"
"16740","Charlotte-Concord-Gastonia, NC-SC (Metropolitan Statistical Area)"," ","800","Quantity indexes for real GDP by metropolitan area","67","562","    Waste management and remediation services","(D)","(D)","(D)","(D)","(D)","(D)","(D)","(D)","(D)","(D)","(D)","(D)","(D)","(D)","(NA)"
"16740","Charlotte-Concord-Gastonia, NC-SC (Metropolitan Statistical Area)"," ","800","Quantity indexes for real GDP by metropolitan area","68","61, 62","  Educational services, health care, and social assistance",68.239,72.621,76.509,81.403,83.483,88.712,91.121,95.710,100.000,99.034,98.714,100.817,101.140,104.898,110.571
"16740","Charlotte-Concord-Gastonia, NC-SC (Metropolitan Statistical Area)"," ","800","Quantity indexes for real GDP by metropolitan area","69","61","   Educational services","(D)","(D)","(D)","(D)","(D)","(D)","(D)","(D)",100.000,100.886,"(D)","(D)",103.014,"(D)","(D)"
"16740","Charlotte-Concord-Gastonia, NC-SC (Metropolitan Statistical Area)"," ","800","Quantity indexes for real GDP by metropolitan area","70","62","   Health care and social assistance","(D)","(D)","(D)","(D)","(D)","(D)","(D)","(D)",100.000,98.810,"(D)","(D)",100.918,"(D)","(D)"
"16740","Charlotte-Concord-Gastonia, NC-SC (Metropolitan Statistical Area)"," ","800","Quantity indexes for real GDP by metropolitan area","71","621","    Ambulatory health care services",68.761,73.214,76.314,80.125,82.710,88.870,90.129,95.137,100.000,99.574,101.676,103.065,107.290,112.685,"(NA)"
"16740","Charlotte-Concord-Gastonia, NC-SC (Metropolitan Statistical Area)"," ","800","Quantity indexes for real GDP by metropolitan area","72","622-623","    Hospitals and nursing and residential care facilities","(D)","(D)","(D)","(D)","(D)","(D)","(D)","(D)","(D)","(D)","(D)","(D)","(D)","(D)","(NA)"
"16740","Charlotte-Concord-Gastonia, NC-SC (Metropolitan Statistical Area)"," ","800","Quantity indexes for real GDP by metropolitan area","73","624","    Social assistance","(D)","(D)","(D)","(D)","(D)","(D)","(D)","(D)","(D)","(D)","(D)","(D)","(D)","(D)","(NA)"
"16740","Charlotte-Concord-Gastonia, NC-SC (Metropolitan Statistical Area)"," ","800","Quantity indexes for real GDP by metropolitan area","74","71, 72","  Arts, entertainment, recreation, accommodation, and food services",80.575,81.558,83.565,89.625,93.148,100.118,102.988,102.917,100.000,102.377,104.883,110.019,112.367,117.028,120.846
"16740","Charlotte-Concord-Gastonia, NC-SC (Metropolitan Statistical Area)"," ","800","Quantity indexes for real GDP by metropolitan area","75","71","   Arts, entertainment, and recreation",68.045,67.213,73.645,78.735,82.278,92.342,95.575,98.418,100.000,97.937,100.637,104.900,106.990,111.102,115.579
"16740","Charlotte-Concord-Gastonia, NC-SC (Metropolitan Statistical Area)"," ","800","Quantity indexes for real GDP by metropolitan area","76","711-712","    Performing arts, spectator sports, museums, and related activities","(D)","(D)","(D)","(D)","(D)","(D)","(D)","(D)","(D)","(D)","(D)","(D)","(D)","(D)","(NA)"
"16740","Charlotte-Concord-Gastonia, NC-SC (Metropolitan Statistical Area)"," ","800","Quantity indexes for real GDP by metropolitan area","77","713","    Amusements, gambling, and recreation industries","(D)","(D)","(D)","(D)","(D)","(D)","(D)","(D)","(D)","(D)","(D)","(D)","(D)","(D)","(NA)"
"16740","Charlotte-Concord-Gastonia, NC-SC (Metropolitan Statistical Area)"," ","800","Quantity indexes for real GDP by metropolitan area","78","72","   Accommodation and food services",90.248,92.612,91.244,98.055,101.559,106.106,108.689,106.348,100.000,105.702,108.061,113.852,116.391,121.458,124.801
"16740","Charlotte-Concord-Gastonia, NC-SC (Metropolitan Statistical Area)"," ","800","Quantity indexes for real GDP by metropolitan area","79","721","    Accommodation","(D)","(D)","(D)","(D)","(D)","(D)","(D)","(D)","(D)","(D)","(D)","(D)","(D)","(D)","(NA)"
"16740","Charlotte-Concord-Gastonia, NC-SC (Metropolitan Statistical Area)"," ","800","Quantity indexes for real GDP by metropolitan area","80","722","    Food services and drinking places","(D)","(D)","(D)","(D)","(D)","(D)","(D)","(D)","(D)","(D)","(D)","(D)","(D)","(D)","(NA)"
"16740","Charlotte-Concord-Gastonia, NC-SC (Metropolitan Statistical Area)"," ","800","Quantity indexes for real GDP by metropolitan area","81","81","  Other services, except government","(D)",117.087,113.209,113.882,112.516,113.647,113.545,109.135,100.000,100.140,101.503,110.280,111.906,113.582,117.470
"16740","Charlotte-Concord-Gastonia, NC-SC (Metropolitan Statistical Area)"," ","800","Quantity indexes for real GDP by metropolitan area","82","92"," Government",78.349,80.432,82.114,83.590,86.672,89.871,93.269,98.038,100.000,98.698,98.359,98.318,98.862,99.484,99.155
"16740","Charlotte-Concord-Gastonia, NC-SC (Metropolitan Statistical Area)"," ","800","Quantity indexes for real GDP by metropolitan area","83","...","  Federal civilian",84.504,85.174,86.801,88.159,90.409,93.406,94.936,99.770,100.000,98.479,93.508,95.266,96.587,99.685,"(NA)"
"16740","Charlotte-Concord-Gastonia, NC-SC (Metropolitan Statistical Area)"," ","800","Quantity indexes for real GDP by metropolitan area","84","...","  Federal military",49.761,63.467,84.811,81.963,88.820,83.149,81.457,89.438,100.000,95.705,92.606,84.092,81.071,76.357,"(NA)"
"16740","Charlotte-Concord-Gastonia, NC-SC (Metropolitan Statistical Area)"," ","800","Quantity indexes for real GDP by metropolitan area","85","...","  State and local",78.331,80.275,81.381,83.004,86.087,89.589,93.407,98.064,100.000,98.816,99.188,99.154,99.698,100.141,"(NA)"
"16740","Charlotte-Concord-Gastonia, NC-SC (Metropolitan Statistical Area)"," ","800","Quantity indexes for real GDP by metropolitan area","86","11, 21","Natural resources and mining",162.936,"(D)","(D)","(D)",146.436,160.217,125.538,92.463,100.000,94.583,77.111,86.705,112.318,130.609,147.201
"16740","Charlotte-Concord-Gastonia, NC-SC (Metropolitan Statistical Area)"," ","800","Quantity indexes for real GDP by metropolitan area","87","42, 44-45","Trade","(D)","(D)","(D)","(D)",105.600,109.199,112.656,110.385,100.000,103.111,103.613,107.014,112.186,"(D)","(D)"
"16740","Charlotte-Concord-Gastonia, NC-SC (Metropolitan Statistical Area)"," ","800","Quantity indexes for real GDP by metropolitan area","88","...","Transportation and utilities",91.623,92.207,91.506,98.940,98.801,102.462,102.148,103.109,100.000,109.125,109.991,112.815,124.142,"(D)","(D)"
"16740","Charlotte-Concord-Gastonia, NC-SC (Metropolitan Statistical Area)"," ","800","Quantity indexes for real GDP by metropolitan area","89","...","Private goods-producing industries",109.661,107.124,107.653,110.235,112.624,124.872,120.910,111.211,100.000,98.359,104.130,102.291,105.659,104.128,108.131
"16740","Charlotte-Concord-Gastonia, NC-SC (Metropolitan Statistical Area)"," ","800","Quantity indexes for real GDP by metropolitan area","90","...","Private services-providing industries",77.382,85.594,88.320,93.596,102.334,105.680,101.278,105.924,100.000,102.928,110.980,111.710,115.448,121.310,127.303
"16740","Charlotte-Concord-Gastonia, NC-SC (Metropolitan Statistical Area)"," ","900","Real GDP by metropolitan area","1","...","All industry total",93304,99546,102011,106953,114797,120403,116383,118575,111664,113489,121075,121250,124998,129359,134930
"16740","Charlotte-Concord-Gastonia, NC-SC (Metropolitan Statistical Area)"," ","900","Real GDP by metropolitan area","2","..."," Private industries",84989,90968,93251,98013,105504,110760,106406,108096,100981,102949,110589,110769,114464,118766,124381
"16740","Charlotte-Concord-Gastonia, NC-SC (Metropolitan Statistical Area)"," ","900","Real GDP by metropolitan area","3","11","  Agriculture, forestry, fishing, and hunting","(D)","(D)","(D)","(D)","(D)","(D)","(D)","(D)","(D)","(D)","(D)","(D)",353,397,502
"16740","Charlotte-Concord-Gastonia, NC-SC (Metropolitan Statistical Area)"," ","900","Real GDP by metropolitan area","4","111-112","   Farms",380,336,355,349,347,392,259,184,226,219,177,211,289,326,"(NA)"
"16740","Charlotte-Concord-Gastonia, NC-SC (Metropolitan Statistical Area)"," ","900","Real GDP by metropolitan area","5","113-115","   Forestry, fishing, and related activities","(D)","(D)","(D)","(D)","(D)","(D)","(D)","(D)","(D)","(D)","(D)","(D)",59,64,"(NA)"
"16740","Charlotte-Concord-Gastonia, NC-SC (Metropolitan Statistical Area)"," ","900","Real GDP by metropolitan area","6","21","  Mining","(D)","(D)","(D)","(D)","(D)","(D)","(D)","(D)","(D)","(D)","(D)","(D)",97,131,83
"16740","Charlotte-Concord-Gastonia, NC-SC (Metropolitan Statistical Area)"," ","900","Real GDP by metropolitan area","7","211","   Oil and gas extraction",10,"(L)","(L)","(L)","(L)","(L)","(L)","(L)","(L)","(L)","(L)",1,1,"(L)","(NA)"
"16740","Charlotte-Concord-Gastonia, NC-SC (Metropolitan Statistical Area)"," ","900","Real GDP by metropolitan area","8","212","   Mining, except oil and gas","(D)","(D)","(D)","(D)","(D)","(D)","(D)","(D)","(D)","(D)","(D)","(D)",89,123,"(NA)"
"16740","Charlotte-Concord-Gastonia, NC-SC (Metropolitan Statistical Area)"," ","900","Real GDP by metropolitan area","9","213","   Support activities for mining","(D)","(D)","(D)","(D)","(D)","(D)","(D)","(D)","(D)","(D)","(D)","(D)",8,8,"(NA)"
"16740","Charlotte-Concord-Gastonia, NC-SC (Metropolitan Statistical Area)"," ","900","Real GDP by metropolitan area","10","22","  Utilities","(D)","(D)","(D)","(D)","(D)","(D)","(D)","(D)","(D)","(D)","(D)","(D)",2913,"(D)","(D)"
"16740","Charlotte-Concord-Gastonia, NC-SC (Metropolitan Statistical Area)"," ","900","Real GDP by metropolitan area","11","23","  Construction",6269,6206,6240,6350,6450,6538,6505,5769,4645,4175,4040,4267,4431,4556,4931
"16740","Charlotte-Concord-Gastonia, NC-SC (Metropolitan Statistical Area)"," ","900","Real GDP by metropolitan area","12","31-33","  Manufacturing",17007,16611,16657,17100,17547,20058,19370,18159,16810,16942,18435,17753,18188,17629,18050
"16740","Charlotte-Concord-Gastonia, NC-SC (Metropolitan Statistical Area)"," ","900","Real GDP by metropolitan area","13","...","   Durable goods manufacturing","(D)","(D)","(D)","(D)","(D)",8775,8259,8005,"(D)",7718,8492,9027,9359,9120,9435
"16740","Charlotte-Concord-Gastonia, NC-SC (Metropolitan Statistical Area)"," ","900","Real GDP by metropolitan area","14","321","    Wood products manufacturing",181,"(D)","(D)","(D)","(D)","(D)","(D)","(D)","(D)","(D)","(D)","(D)","(D)",210,"(NA)"
"16740","Charlotte-Concord-Gastonia, NC-SC (Metropolitan Statistical Area)"," ","900","Real GDP by metropolitan area","15","327","    Nonmetallic mineral products manufacturing",651,557,548,567,505,501,533,475,375,358,409,477,500,484,"(NA)"
"16740","Charlotte-Concord-Gastonia, NC-SC (Metropolitan Statistical Area)"," ","900","Real GDP by metropolitan area","16","331","    Primary metals manufacturing","(D)","(D)","(D)","(D)","(D)","(D)","(D)","(D)","(D)","(D)","(D)","(D)",449,419,"(NA)"
"16740","Charlotte-Concord-Gastonia, NC-SC (Metropolitan Statistical Area)"," ","900","Real GDP by metropolitan area","17","332","    Fabricated metal products",1275,1275,"(D)","(D)",1563,1779,1879,1636,1116,1184,1176,1201,1239,1246,"(NA)"
"16740","Charlotte-Concord-Gastonia, NC-SC (Metropolitan Statistical Area)"," ","900","Real GDP by metropolitan area","18","333","    Machinery manufacturing","(D)","(D)","(D)","(D)","(D)","(D)","(D)","(D)","(D)","(D)","(D)","(D)",1972,1996,"(NA)"
"16740","Charlotte-Concord-Gastonia, NC-SC (Metropolitan Statistical Area)"," ","900","Real GDP by metropolitan area","19","334","    Computer and electronic products manufacturing","(D)","(D)","(D)","(D)","(D)","(D)","(D)","(D)","(D)","(D)","(D)","(D)",1364,"(D)","(NA)"
"16740","Charlotte-Concord-Gastonia, NC-SC (Metropolitan Statistical Area)"," ","900","Real GDP by metropolitan area","20","335","    Electrical equipment, appliance, and components manufacturing","(D)","(D)","(D)","(D)","(D)","(D)","(D)","(D)","(D)","(D)","(D)","(D)",698,690,"(NA)"
"16740","Charlotte-Concord-Gastonia, NC-SC (Metropolitan Statistical Area)"," ","900","Real GDP by metropolitan area","21","3361-3363","    Motor vehicles, bodies and trailers, and parts manufacturing","(D)","(D)","(D)","(D)","(D)","(D)","(D)","(D)","(D)","(D)","(D)","(D)","(D)","(D)","(NA)"
"16740","Charlotte-Concord-Gastonia, NC-SC (Metropolitan Statistical Area)"," ","900","Real GDP by metropolitan area","22","3364-3366, 3369","    Other transportation equipment manufacturing","(D)","(D)","(D)","(D)","(D)","(D)","(D)","(D)","(D)","(D)","(D)","(D)","(D)","(D)","(NA)"
"16740","Charlotte-Concord-Gastonia, NC-SC (Metropolitan Statistical Area)"," ","900","Real GDP by metropolitan area","23","337","    Furniture and related products manufacturing",257,242,261,281,273,306,297,"(D)","(D)","(D)","(D)","(D)",198,"(D)","(NA)"
"16740","Charlotte-Concord-Gastonia, NC-SC (Metropolitan Statistical Area)"," ","900","Real GDP by metropolitan area","24","339","    Miscellaneous manufacturing","(D)","(D)","(D)","(D)","(D)","(D)","(D)","(D)","(D)","(D)","(D)","(D)",630,651,"(NA)"
"16740","Charlotte-Concord-Gastonia, NC-SC (Metropolitan Statistical Area)"," ","900","Real GDP by metropolitan area","25","...","   Nondurable goods manufacturing","(D)","(D)","(D)","(D)","(D)",11255,11117,10133,"(D)",9234,9957,8809,8926,8607,8725
"16740","Charlotte-Concord-Gastonia, NC-SC (Metropolitan Statistical Area)"," ","900","Real GDP by metropolitan area","26","311-312","    Food and beverage and tobacco products manufacturing","(D)","(D)","(D)","(D)","(D)","(D)","(D)","(D)","(D)","(D)","(D)","(D)",3277,3063,"(NA)"
"16740","Charlotte-Concord-Gastonia, NC-SC (Metropolitan Statistical Area)"," ","900","Real GDP by metropolitan area","27","313-314","    Textile mills and textile product mills","(D)","(D)",916,"(D)","(D)","(D)","(D)","(D)","(D)","(D)","(D)","(D)","(D)","(D)","(NA)"
"16740","Charlotte-Concord-Gastonia, NC-SC (Metropolitan Statistical Area)"," ","900","Real GDP by metropolitan area","28","315-316","    Apparel and leather and allied products manufacturing","(D)","(D)","(D)","(D)","(D)","(D)","(D)","(D)","(D)","(D)","(D)","(D)",41,46,"(NA)"
"16740","Charlotte-Concord-Gastonia, NC-SC (Metropolitan Statistical Area)"," ","900","Real GDP by metropolitan area","29","322","    Paper products manufacturing","(D)","(D)","(D)","(D)","(D)","(D)","(D)","(D)","(D)","(D)","(D)","(D)",517,537,"(NA)"
"16740","Charlotte-Concord-Gastonia, NC-SC (Metropolitan Statistical Area)"," ","900","Real GDP by metropolitan area","30","323","    Printing and related support activities","(D)","(D)","(D)","(D)","(D)","(D)","(D)","(D)","(D)","(D)","(D)","(D)","(D)",313,"(NA)"
"16740","Charlotte-Concord-Gastonia, NC-SC (Metropolitan Statistical Area)"," ","900","Real GDP by metropolitan area","31","324","    Petroleum and coal products manufacturing","(D)","(D)","(D)","(D)","(D)","(D)","(D)","(D)","(D)","(D)","(D)","(D)",39,52,"(NA)"
"16740","Charlotte-Concord-Gastonia, NC-SC (Metropolitan Statistical Area)"," ","900","Real GDP by metropolitan area","32","325","    Chemical products manufacturing","(D)","(D)","(D)","(D)","(D)","(D)","(D)",3024,3126,2923,"(D)","(D)","(D)","(D)","(NA)"
"16740","Charlotte-Concord-Gastonia, NC-SC (Metropolitan Statistical Area)"," ","900","Real GDP by metropolitan area","33","326","    Plastics and rubber products manufacturing","(D)","(D)","(D)","(D)","(D)","(D)","(D)","(D)","(D)","(D)","(D)","(D)",846,861,"(NA)"
"16740","Charlotte-Concord-Gastonia, NC-SC (Metropolitan Statistical Area)"," ","900","Real GDP by metropolitan area","34","42","  Wholesale trade","(D)","(D)","(D)","(D)",8494,8869,9204,8997,7714,7862,8008,8247,8586,"(D)","(D)"
"16740","Charlotte-Concord-Gastonia, NC-SC (Metropolitan Statistical Area)"," ","900","Real GDP by metropolitan area","35","44-45","  Retail trade",5123,5156,5437,5575,5907,6029,6168,6065,5918,6195,6115,6340,6707,6880,6940
"16740","Charlotte-Concord-Gastonia, NC-SC (Metropolitan Statistical Area)"," ","900","Real GDP by metropolitan area","36","48-49","  Transportation and warehousing","(D)","(D)","(D)","(D)","(D)","(D)","(D)","(D)","(D)","(D)","(D)","(D)",3918,4068,4006
"16740","Charlotte-Concord-Gastonia, NC-SC (Metropolitan Statistical Area)"," ","900","Real GDP by metropolitan area","37","481","   Air transportation","(D)","(D)","(D)","(D)","(D)","(D)","(D)","(D)","(D)","(D)","(D)","(D)",1342,1430,"(NA)"
"16740","Charlotte-Concord-Gastonia, NC-SC (Metropolitan Statistical Area)"," ","900","Real GDP by metropolitan area","38","482","   Rail transportation",74,71,79,82,84,79,79,76,71,71,73,77,72,75,"(NA)"
"16740","Charlotte-Concord-Gastonia, NC-SC (Metropolitan Statistical Area)"," ","900","Real GDP by metropolitan area","39","483","   Water transportation","(D)","(D)","(D)","(D)","(D)","(D)",110,"(D)","(D)","(D)","(D)","(D)","(D)","(D)","(NA)"
"16740","Charlotte-Concord-Gastonia, NC-SC (Metropolitan Statistical Area)"," ","900","Real GDP by metropolitan area","40","484","   Truck transportation",1164,1151,1119,1198,1226,1290,1243,1188,1017,1083,1147,1084,1080,1095,"(NA)"
"16740","Charlotte-Concord-Gastonia, NC-SC (Metropolitan Statistical Area)"," ","900","Real GDP by metropolitan area","41","485","   Transit and ground passenger transportation","(D)","(D)","(D)","(D)","(D)","(D)","(D)","(D)","(D)","(D)","(D)","(D)",136,143,"(NA)"
"16740","Charlotte-Concord-Gastonia, NC-SC (Metropolitan Statistical Area)"," ","900","Real GDP by metropolitan area","42","486","   Pipeline transportation","(D)","(D)","(D)","(D)","(D)","(D)","(D)","(D)","(D)","(D)","(D)","(D)",8,"(D)","(NA)"
"16740","Charlotte-Concord-Gastonia, NC-SC (Metropolitan Statistical Area)"," ","900","Real GDP by metropolitan area","43","487-488, 492","   Other transportation and support activities","(D)","(D)","(D)","(D)","(D)","(D)","(D)","(D)","(D)","(D)","(D)","(D)","(D)",609,"(NA)"
"16740","Charlotte-Concord-Gastonia, NC-SC (Metropolitan Statistical Area)"," ","900","Real GDP by metropolitan area","44","493","   Warehousing and storage","(D)","(D)","(D)","(D)","(D)","(D)","(D)","(D)","(D)","(D)","(D)","(D)",438,468,"(NA)"
"16740","Charlotte-Concord-Gastonia, NC-SC (Metropolitan Statistical Area)"," ","900","Real GDP by metropolitan area","45","51","  Information","(D)",3355,3629,4251,4569,4738,4928,5608,5172,5085,4974,4953,5283,5968,"(D)"
"16740","Charlotte-Concord-Gastonia, NC-SC (Metropolitan Statistical Area)"," ","900","Real GDP by metropolitan area","46","511","   Publishing industries, except Internet (includes software)","(D)","(D)","(D)","(D)","(D)","(D)","(D)","(D)","(D)","(D)","(D)","(D)",670,1164,"(NA)"
"16740","Charlotte-Concord-Gastonia, NC-SC (Metropolitan Statistical Area)"," ","900","Real GDP by metropolitan area","47","512","   Motion picture and sound recording industries","(D)","(D)","(D)","(D)","(D)","(D)","(D)","(D)","(D)","(D)","(D)","(D)",164,168,"(NA)"
"16740","Charlotte-Concord-Gastonia, NC-SC (Metropolitan Statistical Area)"," ","900","Real GDP by metropolitan area","48","515, 517","   Broadcasting and telecommunications","(D)","(D)","(D)","(D)","(D)","(D)","(D)","(D)","(D)","(D)","(D)","(D)",3169,3275,"(NA)"
"16740","Charlotte-Concord-Gastonia, NC-SC (Metropolitan Statistical Area)"," ","900","Real GDP by metropolitan area","49","518, 519","   Data processing, internet publishing, and other information services","(D)","(D)","(D)","(D)","(D)","(D)","(D)","(D)","(D)","(D)","(D)","(D)",1279,1349,"(NA)"
"16740","Charlotte-Concord-Gastonia, NC-SC (Metropolitan Statistical Area)"," ","900","Real GDP by metropolitan area","50","52, 53","  Finance, insurance, real estate, rental, and leasing",20194,24330,24916,26518,30892,31884,27246,29165,27897,28226,33546,32051,33396,34464,"(D)"
"16740","Charlotte-Concord-Gastonia, NC-SC (Metropolitan Statistical Area)"," ","900","Real GDP by metropolitan area","51","52","   Finance and insurance",9687,11864,13329,14562,18167,18662,13456,13887,12844,12306,15732,14632,15260,15824,16710
"16740","Charlotte-Concord-Gastonia, NC-SC (Metropolitan Statistical Area)"," ","900","Real GDP by metropolitan area","52","521-522","    Federal Reserve banks, credit intermediation, and related services","(D)","(D)","(D)","(D)","(D)",14603,9720,"(D)","(D)","(D)","(D)","(D)","(D)","(D)","(NA)"
"16740","Charlotte-Concord-Gastonia, NC-SC (Metropolitan Statistical Area)"," ","900","Real GDP by metropolitan area","53","523","    Securities, commodity contracts, and investments","(D)","(D)","(D)","(D)","(D)","(D)","(D)","(D)","(D)","(D)","(D)","(D)",1594,1669,"(NA)"
"16740","Charlotte-Concord-Gastonia, NC-SC (Metropolitan Statistical Area)"," ","900","Real GDP by metropolitan area","54","524","    Insurance carriers and related activities","(D)","(D)","(D)","(D)","(D)","(D)","(D)","(D)","(D)","(D)","(D)","(D)","(D)","(D)","(NA)"
"16740","Charlotte-Concord-Gastonia, NC-SC (Metropolitan Statistical Area)"," ","900","Real GDP by metropolitan area","55","525","    Funds, trusts, and other financial vehicles","(D)","(D)","(D)","(D)","(D)","(D)","(D)","(D)","(D)","(D)","(D)","(D)","(D)","(D)","(NA)"
"16740","Charlotte-Concord-Gastonia, NC-SC (Metropolitan Statistical Area)"," ","900","Real GDP by metropolitan area","56","53","   Real estate and rental and leasing",10496,12414,11312,11592,12071,12564,13675,15242,15053,15939,17772,17410,18126,18618,"(D)"
"16740","Charlotte-Concord-Gastonia, NC-SC (Metropolitan Statistical Area)"," ","900","Real GDP by metropolitan area","57","531","    Real estate",9583,11376,10369,"(D)","(D)",11465,12715,14341,14202,15089,"(D)","(D)","(D)","(D)","(NA)"
"16740","Charlotte-Concord-Gastonia, NC-SC (Metropolitan Statistical Area)"," ","900","Real GDP by metropolitan area","58","532-533","    Rental and leasing services and lessors of intangible assets",926,1051,955,"(D)","(D)",1113,965,901,850,850,"(D)","(D)","(D)","(D)","(NA)"
"16740","Charlotte-Concord-Gastonia, NC-SC (Metropolitan Statistical Area)"," ","900","Real GDP by metropolitan area","59","54, 55, 56","  Professional and business services",11454,12449,12782,12963,13914,14047,14658,15659,14268,15385,16292,17274,17075,18895,20742
"16740","Charlotte-Concord-Gastonia, NC-SC (Metropolitan Statistical Area)"," ","900","Real GDP by metropolitan area","60","54","   Professional, scientific, and technical services","(D)","(D)","(D)","(D)","(D)","(D)","(D)","(D)","(D)","(D)","(D)","(D)","(D)","(D)","(D)"
"16740","Charlotte-Concord-Gastonia, NC-SC (Metropolitan Statistical Area)"," ","900","Real GDP by metropolitan area","64","55","   Management of companies and enterprises","(D)","(D)","(D)","(D)","(D)","(D)","(D)","(D)","(D)","(D)","(D)","(D)","(D)","(D)","(D)"
"16740","Charlotte-Concord-Gastonia, NC-SC (Metropolitan Statistical Area)"," ","900","Real GDP by metropolitan area","65","56","   Administrative and waste management services",2474,2599,2846,2969,3284,3435,3680,3913,"(D)","(D)","(D)","(D)",4792,5167,5434
"16740","Charlotte-Concord-Gastonia, NC-SC (Metropolitan Statistical Area)"," ","900","Real GDP by metropolitan area","66","561","    Administrative and support services","(D)","(D)","(D)","(D)","(D)","(D)","(D)","(D)","(D)","(D)",4243,"(D)","(D)","(D)","(NA)"
"16740","Charlotte-Concord-Gastonia, NC-SC (Metropolitan Statistical Area)"," ","900","Real GDP by metropolitan area","67","562","    Waste management and remediation services","(D)","(D)","(D)","(D)","(D)","(D)","(D)","(D)","(D)","(D)","(D)","(D)","(D)","(D)","(NA)"
"16740","Charlotte-Concord-Gastonia, NC-SC (Metropolitan Statistical Area)"," ","900","Real GDP by metropolitan area","68","61, 62","  Educational services, health care, and social assistance",4486,4774,5030,5352,5489,5832,5991,6292,6574,6511,6490,6628,6649,6896,7269
"16740","Charlotte-Concord-Gastonia, NC-SC (Metropolitan Statistical Area)"," ","900","Real GDP by metropolitan area","69","61","   Educational services","(D)","(D)","(D)","(D)","(D)","(D)","(D)","(D)",708,714,"(D)","(D)",729,"(D)","(D)"
"16740","Charlotte-Concord-Gastonia, NC-SC (Metropolitan Statistical Area)"," ","900","Real GDP by metropolitan area","70","62","   Health care and social assistance","(D)","(D)","(D)","(D)","(D)","(D)","(D)","(D)",5866,5797,"(D)","(D)",5920,"(D)","(D)"
"16740","Charlotte-Concord-Gastonia, NC-SC (Metropolitan Statistical Area)"," ","900","Real GDP by metropolitan area","71","621","    Ambulatory health care services",2328,2479,2584,2713,2800,3009,3052,3221,3386,3371,3443,3490,3633,3815,"(NA)"
"16740","Charlotte-Concord-Gastonia, NC-SC (Metropolitan Statistical Area)"," ","900","Real GDP by metropolitan area","72","622-623","    Hospitals and nursing and residential care facilities","(D)","(D)","(D)","(D)","(D)","(D)","(D)","(D)","(D)","(D)","(D)","(D)",1714,"(D)","(NA)"
"16740","Charlotte-Concord-Gastonia, NC-SC (Metropolitan Statistical Area)"," ","900","Real GDP by metropolitan area","73","624","    Social assistance","(D)","(D)","(D)","(D)","(D)","(D)","(D)","(D)","(D)","(D)","(D)","(D)",574,581,"(NA)"
"16740","Charlotte-Concord-Gastonia, NC-SC (Metropolitan Statistical Area)"," ","900","Real GDP by metropolitan area","74","71, 72","  Arts, entertainment, recreation, accommodation, and food services",3339,3380,3463,3714,3860,4149,4268,4265,4144,4242,4346,4559,4656,4849,5007
"16740","Charlotte-Concord-Gastonia, NC-SC (Metropolitan Statistical Area)"," ","900","Real GDP by metropolitan area","75","71","   Arts, entertainment, and recreation",1207,1192,1307,1397,1460,1638,1696,1746,1774,1738,1785,1861,1898,1971,2051
"16740","Charlotte-Concord-Gastonia, NC-SC (Metropolitan Statistical Area)"," ","900","Real GDP by metropolitan area","76","711-712","    Performing arts, spectator sports, museums, and related activities","(D)","(D)","(D)","(D)","(D)","(D)","(D)","(D)","(D)","(D)","(D)","(D)",1432,1482,"(NA)"
"16740","Charlotte-Concord-Gastonia, NC-SC (Metropolitan Statistical Area)"," ","900","Real GDP by metropolitan area","77","713","    Amusements, gambling, and recreation industries","(D)","(D)","(D)","(D)","(D)","(D)","(D)","(D)","(D)","(D)","(D)","(D)",467,490,"(NA)"
"16740","Charlotte-Concord-Gastonia, NC-SC (Metropolitan Statistical Area)"," ","900","Real GDP by metropolitan area","78","72","   Accommodation and food services",2138,2195,2162,2324,2407,2514,2575,2520,2370,2505,2561,2698,2758,2878,2957
"16740","Charlotte-Concord-Gastonia, NC-SC (Metropolitan Statistical Area)"," ","900","Real GDP by metropolitan area","79","721","    Accommodation","(D)","(D)",417,"(D)","(D)","(D)",471,"(D)","(D)","(D)","(D)","(D)","(D)","(D)","(NA)"
"16740","Charlotte-Concord-Gastonia, NC-SC (Metropolitan Statistical Area)"," ","900","Real GDP by metropolitan area","80","722","    Food services and drinking places","(D)","(D)",1741,"(D)","(D)","(D)",2101,"(D)","(D)","(D)","(D)","(D)","(D)","(D)","(NA)"
"16740","Charlotte-Concord-Gastonia, NC-SC (Metropolitan Statistical Area)"," ","900","Real GDP by metropolitan area","81","81","  Other services, except government","(D)",2265,2190,2203,2177,2198,2196,2111,1934,1937,1964,2133,2165,2197,2272
"16740","Charlotte-Concord-Gastonia, NC-SC (Metropolitan Statistical Area)"," ","900","Real GDP by metropolitan area","82","92"," Government",8369,8592,8772,8929,9258,9600,9963,10473,10682,10543,10507,10503,10561,10627,10592
"16740","Charlotte-Concord-Gastonia, NC-SC (Metropolitan Statistical Area)"," ","900","Real GDP by metropolitan area","83","...","  Federal civilian",1040,1048,1068,1085,1113,1150,1169,1228,1231,1212,1151,1173,1189,1227,"(NA)"
"16740","Charlotte-Concord-Gastonia, NC-SC (Metropolitan Statistical Area)"," ","900","Real GDP by metropolitan area","84","...","  Federal military",135,173,231,223,242,226,222,243,272,260,252,229,220,208,"(NA)"
"16740","Charlotte-Concord-Gastonia, NC-SC (Metropolitan Statistical Area)"," ","900","Real GDP by metropolitan area","85","...","  State and local",7190,7369,7470,7619,7902,8224,8574,9002,9179,9071,9105,9102,9152,9192,"(NA)"
"16740","Charlotte-Concord-Gastonia, NC-SC (Metropolitan Statistical Area)"," ","900","Real GDP by metropolitan area","86","11, 21","Natural resources and mining",659,"(D)","(D)","(D)",593,648,508,374,405,383,312,351,455,529,596
"16740","Charlotte-Concord-Gastonia, NC-SC (Metropolitan Statistical Area)"," ","900","Real GDP by metropolitan area","87","42, 44-45","Trade","(D)","(D)","(D)","(D)",14395,14886,15357,15047,13632,14056,14124,14588,15293,"(D)","(D)"
"16740","Charlotte-Concord-Gastonia, NC-SC (Metropolitan Statistical Area)"," ","900","Real GDP by metropolitan area","88","...","Transportation and utilities",5040,5072,5034,5443,5435,5637,5619,5672,5501,6003,6051,6206,6829,"(D)","(D)"
"16740","Charlotte-Concord-Gastonia, NC-SC (Metropolitan Statistical Area)"," ","900","Real GDP by metropolitan area","89","...","Private goods-producing industries",23971,23416,23532,24096,24618,27296,26430,24310,21859,21500,22762,22360,23096,22761,23636
"16740","Charlotte-Concord-Gastonia, NC-SC (Metropolitan Statistical Area)"," ","900","Real GDP by metropolitan area","90","...","Private services-providing industries",61227,67724,69881,74055,80969,83617,80134,83809,79122,81439,87810,88387,91345,95983,100725
"16740","Charlotte-Concord-Gastonia, NC-SC (Metropolitan Statistical Area)"," ","1000","Per capita real GDP by metropolitan area","1","...","All industry total",52730,55100,55396,56890,59352,59924,55788,55106,50852,51032,53641,52812,53479,54345,55610
"Note: See the included footnote file."
NAICS Industry detail is based on the 2007 North American Industry Classification System (NAICS).
"Source: U.S. Department of Commerce / Bureau of Economic Analysis / Regional Product Division"
