"GeoFIPS","GeoName","Region","ComponentId","ComponentName","IndustryId","IndustryClassification","Description","2001","2002","2003","2004","2005","2006","2007","2008","2009","2010","2011","2012","2013","2014","2015"
"25540","Hartford-West Hartford-East Hartford, CT (Metropolitan Statistical Area)"," ","200","Gross domestic product (GDP) by metropolitan area","1","...","All industry total",59726,59016,61184,67375,70748,75426,82057,81125,82441,81935,81231,80791,80766,83544,86113
"25540","Hartford-West Hartford-East Hartford, CT (Metropolitan Statistical Area)"," ","200","Gross domestic product (GDP) by metropolitan area","2","..."," Private industries",53205,52240,54183,60016,62887,67454,73501,72116,73360,72753,71804,71395,71095,73483,75893
"25540","Hartford-West Hartford-East Hartford, CT (Metropolitan Statistical Area)"," ","200","Gross domestic product (GDP) by metropolitan area","3","11","  Agriculture, forestry, fishing, and hunting","(D)","(D)","(D)","(D)","(D)","(D)","(D)","(D)","(D)","(D)","(D)","(D)","(D)","(D)","(D)"
"25540","Hartford-West Hartford-East Hartford, CT (Metropolitan Statistical Area)"," ","200","Gross domestic product (GDP) by metropolitan area","4","111-112","   Farms",115,98,106,117,107,105,126,102,95,107,103,100,133,113,"(NA)"
"25540","Hartford-West Hartford-East Hartford, CT (Metropolitan Statistical Area)"," ","200","Gross domestic product (GDP) by metropolitan area","5","113-115","   Forestry, fishing, and related activities","(D)","(D)","(D)","(D)","(D)","(D)","(D)","(D)","(D)","(D)","(D)","(D)","(D)","(D)","(NA)"
"25540","Hartford-West Hartford-East Hartford, CT (Metropolitan Statistical Area)"," ","200","Gross domestic product (GDP) by metropolitan area","6","21","  Mining","(D)","(D)","(D)","(D)","(D)","(D)","(D)","(D)","(D)","(D)","(D)","(D)","(D)","(D)","(D)"
"25540","Hartford-West Hartford-East Hartford, CT (Metropolitan Statistical Area)"," ","200","Gross domestic product (GDP) by metropolitan area","7","211","   Oil and gas extraction","(L)","(L)","(L)","(L)","(L)","(L)","(L)","(L)","(L)","(L)","(L)","(L)","(L)","(L)","(NA)"
"25540","Hartford-West Hartford-East Hartford, CT (Metropolitan Statistical Area)"," ","200","Gross domestic product (GDP) by metropolitan area","8","212","   Mining, except oil and gas","(D)","(D)","(D)","(D)","(D)","(D)","(D)","(D)","(D)","(D)","(D)","(D)","(D)","(D)","(NA)"
"25540","Hartford-West Hartford-East Hartford, CT (Metropolitan Statistical Area)"," ","200","Gross domestic product (GDP) by metropolitan area","9","213","   Support activities for mining","(D)","(D)","(D)","(D)","(D)","(D)","(D)","(D)","(D)","(D)","(D)","(D)","(D)","(D)","(NA)"
"25540","Hartford-West Hartford-East Hartford, CT (Metropolitan Statistical Area)"," ","200","Gross domestic product (GDP) by metropolitan area","10","22","  Utilities","(D)","(D)","(D)","(D)","(D)","(D)","(D)","(D)","(D)","(D)","(D)","(D)","(D)","(D)","(D)"
"25540","Hartford-West Hartford-East Hartford, CT (Metropolitan Statistical Area)"," ","200","Gross domestic product (GDP) by metropolitan area","11","23","  Construction",1797,"(D)","(D)","(D)","(D)","(D)","(D)",2509,2382,2253,2266,2324,2439,2619,2861
"25540","Hartford-West Hartford-East Hartford, CT (Metropolitan Statistical Area)"," ","200","Gross domestic product (GDP) by metropolitan area","12","31-33","  Manufacturing",7911,7799,8078,8874,9313,10311,10759,10742,9313,9806,9708,10269,10270,9554,9672
"25540","Hartford-West Hartford-East Hartford, CT (Metropolitan Statistical Area)"," ","200","Gross domestic product (GDP) by metropolitan area","13","...","   Durable goods manufacturing",6442,5927,6041,6247,6754,7381,"(D)","(D)","(D)","(D)","(D)","(D)",8435,7805,7913
"25540","Hartford-West Hartford-East Hartford, CT (Metropolitan Statistical Area)"," ","200","Gross domestic product (GDP) by metropolitan area","14","321","    Wood products manufacturing","(D)","(D)","(D)",26,29,"(D)","(D)","(D)","(D)","(D)","(D)","(D)","(D)","(D)","(NA)"
"25540","Hartford-West Hartford-East Hartford, CT (Metropolitan Statistical Area)"," ","200","Gross domestic product (GDP) by metropolitan area","15","327","    Nonmetallic mineral products manufacturing",67,56,51,63,64,53,66,"(D)","(D)","(D)","(D)","(D)","(D)","(D)","(NA)"
"25540","Hartford-West Hartford-East Hartford, CT (Metropolitan Statistical Area)"," ","200","Gross domestic product (GDP) by metropolitan area","16","331","    Primary metals manufacturing","(D)","(D)","(D)","(D)","(D)","(D)","(D)","(D)","(D)","(D)","(D)","(D)","(D)","(D)","(NA)"
"25540","Hartford-West Hartford-East Hartford, CT (Metropolitan Statistical Area)"," ","200","Gross domestic product (GDP) by metropolitan area","17","332","    Fabricated metal products","(D)","(D)","(D)",1374,1617,1589,1715,1676,1582,1617,1773,"(D)",2124,1956,"(NA)"
"25540","Hartford-West Hartford-East Hartford, CT (Metropolitan Statistical Area)"," ","200","Gross domestic product (GDP) by metropolitan area","18","333","    Machinery manufacturing",1213,1029,944,823,795,919,985,959,839,748,686,"(D)",977,931,"(NA)"
"25540","Hartford-West Hartford-East Hartford, CT (Metropolitan Statistical Area)"," ","200","Gross domestic product (GDP) by metropolitan area","19","334","    Computer and electronic products manufacturing",419,343,303,294,341,349,340,360,327,350,344,"(D)",440,558,"(NA)"
"25540","Hartford-West Hartford-East Hartford, CT (Metropolitan Statistical Area)"," ","200","Gross domestic product (GDP) by metropolitan area","20","335","    Electrical equipment, appliance, and components manufacturing",472,424,471,349,411,387,331,497,438,415,"(D)","(D)",370,371,"(NA)"
"25540","Hartford-West Hartford-East Hartford, CT (Metropolitan Statistical Area)"," ","200","Gross domestic product (GDP) by metropolitan area","21","3361-3363","    Motor vehicles, bodies and trailers, and parts manufacturing","(D)","(D)","(D)","(D)","(D)","(D)","(D)","(D)","(D)","(D)","(D)","(D)","(D)","(D)","(NA)"
"25540","Hartford-West Hartford-East Hartford, CT (Metropolitan Statistical Area)"," ","200","Gross domestic product (GDP) by metropolitan area","22","3364-3366, 3369","    Other transportation equipment manufacturing","(D)","(D)","(D)","(D)","(D)","(D)","(D)","(D)","(D)","(D)","(D)",3950,"(D)","(D)","(NA)"
"25540","Hartford-West Hartford-East Hartford, CT (Metropolitan Statistical Area)"," ","200","Gross domestic product (GDP) by metropolitan area","23","337","    Furniture and related products manufacturing","(D)","(D)",68,78,88,93,101,83,"(D)","(D)","(D)","(D)",87,"(D)","(NA)"
"25540","Hartford-West Hartford-East Hartford, CT (Metropolitan Statistical Area)"," ","200","Gross domestic product (GDP) by metropolitan area","24","339","    Miscellaneous manufacturing","(D)","(D)","(D)","(D)","(D)","(D)","(D)","(D)","(D)","(D)","(D)","(D)","(D)","(D)","(NA)"
"25540","Hartford-West Hartford-East Hartford, CT (Metropolitan Statistical Area)"," ","200","Gross domestic product (GDP) by metropolitan area","25","...","   Nondurable goods manufacturing",1469,1872,2037,2627,2559,2931,"(D)","(D)","(D)","(D)","(D)","(D)",1835,1749,1759
"25540","Hartford-West Hartford-East Hartford, CT (Metropolitan Statistical Area)"," ","200","Gross domestic product (GDP) by metropolitan area","26","311-312","    Food and beverage and tobacco products manufacturing","(D)","(D)","(D)","(D)","(D)","(D)","(D)","(D)","(D)","(D)",454,459,"(D)","(D)","(NA)"
"25540","Hartford-West Hartford-East Hartford, CT (Metropolitan Statistical Area)"," ","200","Gross domestic product (GDP) by metropolitan area","27","313-314","    Textile mills and textile product mills","(D)","(D)","(D)","(D)","(D)","(D)","(D)","(D)","(D)","(D)","(D)",33,"(D)","(D)","(NA)"
"25540","Hartford-West Hartford-East Hartford, CT (Metropolitan Statistical Area)"," ","200","Gross domestic product (GDP) by metropolitan area","28","315-316","    Apparel and leather and allied products manufacturing","(D)","(D)","(D)","(D)","(D)","(D)","(D)","(D)","(D)","(D)","(D)","(D)","(D)",5,"(NA)"
"25540","Hartford-West Hartford-East Hartford, CT (Metropolitan Statistical Area)"," ","200","Gross domestic product (GDP) by metropolitan area","29","322","    Paper products manufacturing",246,"(D)","(D)","(D)","(D)","(D)","(D)","(D)","(D)",113,155,"(D)","(D)","(D)","(NA)"
"25540","Hartford-West Hartford-East Hartford, CT (Metropolitan Statistical Area)"," ","200","Gross domestic product (GDP) by metropolitan area","30","323","    Printing and related support activities","(D)","(D)","(D)","(D)","(D)","(D)","(D)","(D)","(D)","(D)","(D)","(D)",181,181,"(NA)"
"25540","Hartford-West Hartford-East Hartford, CT (Metropolitan Statistical Area)"," ","200","Gross domestic product (GDP) by metropolitan area","31","324","    Petroleum and coal products manufacturing","(D)","(D)","(D)","(D)","(D)","(D)","(D)","(D)","(D)","(D)","(D)","(D)","(D)","(D)","(NA)"
"25540","Hartford-West Hartford-East Hartford, CT (Metropolitan Statistical Area)"," ","200","Gross domestic product (GDP) by metropolitan area","32","325","    Chemical products manufacturing","(D)","(D)","(D)","(D)","(D)","(D)","(D)","(D)","(D)","(D)",748,"(D)","(D)",642,"(NA)"
"25540","Hartford-West Hartford-East Hartford, CT (Metropolitan Statistical Area)"," ","200","Gross domestic product (GDP) by metropolitan area","33","326","    Plastics and rubber products manufacturing","(D)","(D)","(D)","(D)",194,219,211,189,180,161,167,"(D)",202,173,"(NA)"
"25540","Hartford-West Hartford-East Hartford, CT (Metropolitan Statistical Area)"," ","200","Gross domestic product (GDP) by metropolitan area","34","42","  Wholesale trade",3150,3129,3238,3487,"(D)","(D)","(D)","(D)","(D)","(D)","(D)",5182,"(D)","(D)","(D)"
"25540","Hartford-West Hartford-East Hartford, CT (Metropolitan Statistical Area)"," ","200","Gross domestic product (GDP) by metropolitan area","35","44-45","  Retail trade",3271,3414,3487,3562,3691,3706,3632,3653,3612,3705,3813,4094,4175,4432,4566
"25540","Hartford-West Hartford-East Hartford, CT (Metropolitan Statistical Area)"," ","200","Gross domestic product (GDP) by metropolitan area","36","48-49","  Transportation and warehousing","(D)","(D)","(D)","(D)",1216,1262,1198,1425,1409,1421,1636,1593,1676,1791,1873
"25540","Hartford-West Hartford-East Hartford, CT (Metropolitan Statistical Area)"," ","200","Gross domestic product (GDP) by metropolitan area","37","481","   Air transportation","(D)","(D)","(D)","(D)","(D)","(D)","(D)","(D)","(D)","(D)","(D)","(D)",81,86,"(NA)"
"25540","Hartford-West Hartford-East Hartford, CT (Metropolitan Statistical Area)"," ","200","Gross domestic product (GDP) by metropolitan area","38","482","   Rail transportation","(D)","(D)",4,3,2,3,3,5,5,3,5,6,6,6,"(NA)"
"25540","Hartford-West Hartford-East Hartford, CT (Metropolitan Statistical Area)"," ","200","Gross domestic product (GDP) by metropolitan area","39","483","   Water transportation","(D)",1,2,2,2,"(D)",13,"(D)","(D)","(D)","(D)",2,"(D)","(D)","(NA)"
"25540","Hartford-West Hartford-East Hartford, CT (Metropolitan Statistical Area)"," ","200","Gross domestic product (GDP) by metropolitan area","40","484","   Truck transportation",220,220,218,230,240,261,255,259,242,263,288,"(D)",276,282,"(NA)"
"25540","Hartford-West Hartford-East Hartford, CT (Metropolitan Statistical Area)"," ","200","Gross domestic product (GDP) by metropolitan area","41","485","   Transit and ground passenger transportation",161,168,174,182,189,204,210,228,239,"(D)",279,"(D)",306,324,"(NA)"
"25540","Hartford-West Hartford-East Hartford, CT (Metropolitan Statistical Area)"," ","200","Gross domestic product (GDP) by metropolitan area","42","486","   Pipeline transportation","(D)","(L)","(D)","(D)","(D)","(D)","(D)","(D)","(D)","(D)","(D)","(D)","(D)","(D)","(NA)"
"25540","Hartford-West Hartford-East Hartford, CT (Metropolitan Statistical Area)"," ","200","Gross domestic product (GDP) by metropolitan area","43","487-488, 492","   Other transportation and support activities","(D)","(D)","(D)","(D)","(D)","(D)","(D)","(D)","(D)","(D)","(D)",356,"(D)",378,"(NA)"
"25540","Hartford-West Hartford-East Hartford, CT (Metropolitan Statistical Area)"," ","200","Gross domestic product (GDP) by metropolitan area","44","493","   Warehousing and storage","(D)","(D)","(D)","(D)","(D)","(D)","(D)","(D)","(D)","(D)","(D)","(D)","(D)","(D)","(NA)"
"25540","Hartford-West Hartford-East Hartford, CT (Metropolitan Statistical Area)"," ","200","Gross domestic product (GDP) by metropolitan area","45","51","  Information",1779,1857,2007,2274,2555,2790,3097,3232,3180,3325,3440,3540,3892,4192,4177
"25540","Hartford-West Hartford-East Hartford, CT (Metropolitan Statistical Area)"," ","200","Gross domestic product (GDP) by metropolitan area","46","511","   Publishing industries, except Internet (includes software)","(D)","(D)","(D)","(D)","(D)","(D)",495,611,573,592,599,"(D)",657,656,"(NA)"
"25540","Hartford-West Hartford-East Hartford, CT (Metropolitan Statistical Area)"," ","200","Gross domestic product (GDP) by metropolitan area","47","512","   Motion picture and sound recording industries","(D)","(D)","(D)","(D)","(D)","(D)","(D)","(D)","(D)","(D)","(D)","(D)","(D)","(D)","(NA)"
"25540","Hartford-West Hartford-East Hartford, CT (Metropolitan Statistical Area)"," ","200","Gross domestic product (GDP) by metropolitan area","48","515, 517","   Broadcasting and telecommunications","(D)","(D)","(D)","(D)","(D)","(D)","(D)","(D)","(D)","(D)","(D)","(D)","(D)","(D)","(NA)"
"25540","Hartford-West Hartford-East Hartford, CT (Metropolitan Statistical Area)"," ","200","Gross domestic product (GDP) by metropolitan area","49","518, 519","   Data processing, internet publishing, and other information services","(D)","(D)","(D)","(D)","(D)","(D)","(D)","(D)","(D)","(D)","(D)","(D)",187,195,"(NA)"
"25540","Hartford-West Hartford-East Hartford, CT (Metropolitan Statistical Area)"," ","200","Gross domestic product (GDP) by metropolitan area","50","52, 53","  Finance, insurance, real estate, rental, and leasing",20045,18375,18906,21818,22400,24628,28513,26122,29134,27353,25586,23069,21444,21982,23366
"25540","Hartford-West Hartford-East Hartford, CT (Metropolitan Statistical Area)"," ","200","Gross domestic product (GDP) by metropolitan area","51","52","   Finance and insurance",13016,11027,12153,15181,14943,16121,18743,15663,17948,16900,16471,15557,15265,15493,15872
"25540","Hartford-West Hartford-East Hartford, CT (Metropolitan Statistical Area)"," ","200","Gross domestic product (GDP) by metropolitan area","52","521-522","    Federal Reserve banks, credit intermediation, and related services",1306,1436,"(D)","(D)","(D)","(D)","(D)","(D)","(D)","(D)","(D)","(D)","(D)","(D)","(NA)"
"25540","Hartford-West Hartford-East Hartford, CT (Metropolitan Statistical Area)"," ","200","Gross domestic product (GDP) by metropolitan area","53","523","    Securities, commodity contracts, and investments","(D)","(D)","(D)","(D)","(D)","(D)","(D)","(D)","(D)","(D)","(D)","(D)",1200,"(D)","(NA)"
"25540","Hartford-West Hartford-East Hartford, CT (Metropolitan Statistical Area)"," ","200","Gross domestic product (GDP) by metropolitan area","54","524","    Insurance carriers and related activities","(D)","(D)",8785,11681,11363,12518,15303,12931,14718,14139,14067,"(D)",12809,12883,"(NA)"
"25540","Hartford-West Hartford-East Hartford, CT (Metropolitan Statistical Area)"," ","200","Gross domestic product (GDP) by metropolitan area","55","525","    Funds, trusts, and other financial vehicles","(D)","(D)","(D)","(D)","(D)","(D)","(D)","(D)","(D)","(D)","(D)","(D)","(D)",131,"(NA)"
"25540","Hartford-West Hartford-East Hartford, CT (Metropolitan Statistical Area)"," ","200","Gross domestic product (GDP) by metropolitan area","56","53","   Real estate and rental and leasing",7029,7348,6753,6637,7458,8506,9770,10459,11186,10452,9115,7512,6179,6488,7494
"25540","Hartford-West Hartford-East Hartford, CT (Metropolitan Statistical Area)"," ","200","Gross domestic product (GDP) by metropolitan area","57","531","    Real estate",6410,6752,5628,5521,6363,7051,8315,8681,9793,9429,8222,"(D)",5398,5672,"(NA)"
"25540","Hartford-West Hartford-East Hartford, CT (Metropolitan Statistical Area)"," ","200","Gross domestic product (GDP) by metropolitan area","58","532-533","    Rental and leasing services and lessors of intangible assets",619,596,1126,1116,1095,1456,1455,1778,1393,1023,893,"(D)",780,816,"(NA)"
"25540","Hartford-West Hartford-East Hartford, CT (Metropolitan Statistical Area)"," ","200","Gross domestic product (GDP) by metropolitan area","59","54, 55, 56","  Professional and business services",5492,5829,6151,6651,6855,7373,8063,8379,8094,8088,8230,8528,8637,9661,9956
"25540","Hartford-West Hartford-East Hartford, CT (Metropolitan Statistical Area)"," ","200","Gross domestic product (GDP) by metropolitan area","60","54","   Professional, scientific, and technical services",3446,3695,3847,"(D)",4141,4301,4604,4770,4440,4492,4627,4841,4864,5444,5681
"25540","Hartford-West Hartford-East Hartford, CT (Metropolitan Statistical Area)"," ","200","Gross domestic product (GDP) by metropolitan area","64","55","   Management of companies and enterprises","(D)",643,762,"(D)","(D)",1218,1462,1450,1589,"(D)",1475,1551,1675,1975,1890
"25540","Hartford-West Hartford-East Hartford, CT (Metropolitan Statistical Area)"," ","200","Gross domestic product (GDP) by metropolitan area","65","56","   Administrative and waste management services","(D)",1492,1543,1659,"(D)",1854,1997,2159,2065,"(D)",2128,2136,2098,2242,2385
"25540","Hartford-West Hartford-East Hartford, CT (Metropolitan Statistical Area)"," ","200","Gross domestic product (GDP) by metropolitan area","66","561","    Administrative and support services",1169,1227,1277,1379,1511,1599,1719,1870,1775,1789,1852,"(D)",1841,1972,"(NA)"
"25540","Hartford-West Hartford-East Hartford, CT (Metropolitan Statistical Area)"," ","200","Gross domestic product (GDP) by metropolitan area","67","562","    Waste management and remediation services","(D)",265,266,280,"(D)",254,277,289,290,"(D)",277,"(D)",257,270,"(NA)"
"25540","Hartford-West Hartford-East Hartford, CT (Metropolitan Statistical Area)"," ","200","Gross domestic product (GDP) by metropolitan area","68","61, 62","  Educational services, health care, and social assistance",4704,5000,5256,5593,5811,6178,6517,7068,7429,7541,7670,7983,8210,8597,8582
"25540","Hartford-West Hartford-East Hartford, CT (Metropolitan Statistical Area)"," ","200","Gross domestic product (GDP) by metropolitan area","69","61","   Educational services",480,520,560,598,608,656,713,754,825,853,874,920,938,1005,986
"25540","Hartford-West Hartford-East Hartford, CT (Metropolitan Statistical Area)"," ","200","Gross domestic product (GDP) by metropolitan area","70","62","   Health care and social assistance",4224,4480,4696,4995,5203,5522,5804,6315,6604,6688,6795,7064,7272,7592,7596
"25540","Hartford-West Hartford-East Hartford, CT (Metropolitan Statistical Area)"," ","200","Gross domestic product (GDP) by metropolitan area","71","621","    Ambulatory health care services",1912,2000,2051,2202,2292,2436,"(D)","(D)","(D)","(D)","(D)","(D)",3182,3383,"(NA)"
"25540","Hartford-West Hartford-East Hartford, CT (Metropolitan Statistical Area)"," ","200","Gross domestic product (GDP) by metropolitan area","72","622-623","    Hospitals and nursing and residential care facilities","(D)","(D)","(D)","(D)","(D)","(D)","(D)","(D)","(D)","(D)","(D)",3364,"(D)","(D)","(NA)"
"25540","Hartford-West Hartford-East Hartford, CT (Metropolitan Statistical Area)"," ","200","Gross domestic product (GDP) by metropolitan area","73","624","    Social assistance","(D)","(D)","(D)","(D)","(D)","(D)","(D)","(D)","(D)","(D)","(D)","(D)","(D)","(D)","(NA)"
"25540","Hartford-West Hartford-East Hartford, CT (Metropolitan Statistical Area)"," ","200","Gross domestic product (GDP) by metropolitan area","74","71, 72","  Arts, entertainment, recreation, accommodation, and food services",1499,1524,1571,1666,1745,1808,1864,1849,1818,1862,1921,2093,2160,2299,2391
"25540","Hartford-West Hartford-East Hartford, CT (Metropolitan Statistical Area)"," ","200","Gross domestic product (GDP) by metropolitan area","75","71","   Arts, entertainment, and recreation",360,369,377,406,413,422,431,424,430,432,431,460,458,486,484
"25540","Hartford-West Hartford-East Hartford, CT (Metropolitan Statistical Area)"," ","200","Gross domestic product (GDP) by metropolitan area","76","711-712","    Performing arts, spectator sports, museums, and related activities","(D)","(D)","(D)","(D)",174,"(D)",176,175,188,180,"(D)","(D)",171,178,"(NA)"
"25540","Hartford-West Hartford-East Hartford, CT (Metropolitan Statistical Area)"," ","200","Gross domestic product (GDP) by metropolitan area","77","713","    Amusements, gambling, and recreation industries","(D)","(D)","(D)","(D)",239,"(D)",255,249,243,252,"(D)","(D)",286,308,"(NA)"
"25540","Hartford-West Hartford-East Hartford, CT (Metropolitan Statistical Area)"," ","200","Gross domestic product (GDP) by metropolitan area","78","72","   Accommodation and food services",1139,1155,1194,1260,1332,1387,1433,1425,1388,1430,1490,1633,1702,1814,1907
"25540","Hartford-West Hartford-East Hartford, CT (Metropolitan Statistical Area)"," ","200","Gross domestic product (GDP) by metropolitan area","79","721","    Accommodation",214,215,215,246,267,291,302,297,235,250,282,"(D)",358,"(D)","(NA)"
"25540","Hartford-West Hartford-East Hartford, CT (Metropolitan Statistical Area)"," ","200","Gross domestic product (GDP) by metropolitan area","80","722","    Food services and drinking places",925,941,979,1014,1065,1096,1132,1128,1153,1180,1208,"(D)",1344,"(D)","(NA)"
"25540","Hartford-West Hartford-East Hartford, CT (Metropolitan Statistical Area)"," ","200","Gross domestic product (GDP) by metropolitan area","81","81","  Other services, except government",1328,1425,1424,1491,1662,1738,1742,1590,1607,1635,1662,1743,1781,1882,1965
"25540","Hartford-West Hartford-East Hartford, CT (Metropolitan Statistical Area)"," ","200","Gross domestic product (GDP) by metropolitan area","82","92"," Government",6521,6775,7002,7359,7861,7972,8556,9009,9081,9182,9426,9395,9671,10062,10219
"25540","Hartford-West Hartford-East Hartford, CT (Metropolitan Statistical Area)"," ","200","Gross domestic product (GDP) by metropolitan area","83","...","  Federal civilian",671,704,735,788,798,830,874,859,865,877,852,847,858,916,"(NA)"
"25540","Hartford-West Hartford-East Hartford, CT (Metropolitan Statistical Area)"," ","200","Gross domestic product (GDP) by metropolitan area","84","...","  Federal military",71,86,138,159,206,244,259,289,309,293,283,274,286,302,"(NA)"
"25540","Hartford-West Hartford-East Hartford, CT (Metropolitan Statistical Area)"," ","200","Gross domestic product (GDP) by metropolitan area","85","...","  State and local",5779,5985,6129,6411,6858,6897,7423,7860,7908,8012,8292,8274,8527,8844,"(NA)"
"25540","Hartford-West Hartford-East Hartford, CT (Metropolitan Statistical Area)"," ","200","Gross domestic product (GDP) by metropolitan area","86","11, 21","Natural resources and mining",161,"(D)","(D)","(D)",154,158,178,141,130,152,147,"(D)",188,176,163
"25540","Hartford-West Hartford-East Hartford, CT (Metropolitan Statistical Area)"," ","200","Gross domestic product (GDP) by metropolitan area","87","42, 44-45","Trade",6421,6543,6725,7049,"(D)","(D)","(D)","(D)","(D)","(D)","(D)",9276,"(D)","(D)","(D)"
"25540","Hartford-West Hartford-East Hartford, CT (Metropolitan Statistical Area)"," ","200","Gross domestic product (GDP) by metropolitan area","88","...","Transportation and utilities",2067,2021,2082,2312,"(D)","(D)","(D)","(D)","(D)","(D)","(D)","(D)","(D)","(D)","(D)"
"25540","Hartford-West Hartford-East Hartford, CT (Metropolitan Statistical Area)"," ","200","Gross domestic product (GDP) by metropolitan area","89","...","Private goods-producing industries",9869,9666,10060,11162,11868,13026,13651,13391,11825,12212,12120,"(D)",12898,12349,12695
"25540","Hartford-West Hartford-East Hartford, CT (Metropolitan Statistical Area)"," ","200","Gross domestic product (GDP) by metropolitan area","90","...","Private services-providing industries",43335,42574,44122,48854,51019,54428,59850,58725,61535,60542,59684,"(D)",58198,61133,63198
"25540","Hartford-West Hartford-East Hartford, CT (Metropolitan Statistical Area)"," ","800","Quantity indexes for real GDP by metropolitan area","1","...","All industry total",87.001,84.324,85.466,91.572,93.481,97.286,103.682,101.123,100.000,98.524,96.223,93.602,91.778,93.084,93.875
"25540","Hartford-West Hartford-East Hartford, CT (Metropolitan Statistical Area)"," ","800","Quantity indexes for real GDP by metropolitan area","2","..."," Private industries",85.803,82.789,84.117,90.911,92.736,97.298,104.126,101.024,100.000,98.541,95.854,93.151,91.034,92.315,93.328
"25540","Hartford-West Hartford-East Hartford, CT (Metropolitan Statistical Area)"," ","800","Quantity indexes for real GDP by metropolitan area","3","11","  Agriculture, forestry, fishing, and hunting","(D)","(D)","(D)","(D)","(D)","(D)","(D)","(D)","(D)","(D)","(D)","(D)","(D)","(D)","(D)"
"25540","Hartford-West Hartford-East Hartford, CT (Metropolitan Statistical Area)"," ","800","Quantity indexes for real GDP by metropolitan area","4","111-112","   Farms",120.296,112.741,108.308,100.096,109.813,113.835,101.153,80.591,100.000,97.357,69.388,65.396,84.748,78.866,"(NA)"
"25540","Hartford-West Hartford-East Hartford, CT (Metropolitan Statistical Area)"," ","800","Quantity indexes for real GDP by metropolitan area","5","113-115","   Forestry, fishing, and related activities","(D)","(D)","(D)","(D)","(D)","(D)","(D)","(D)","(D)","(D)","(D)","(D)","(D)","(D)","(NA)"
"25540","Hartford-West Hartford-East Hartford, CT (Metropolitan Statistical Area)"," ","800","Quantity indexes for real GDP by metropolitan area","6","21","  Mining","(D)","(D)","(D)","(D)","(D)","(D)","(D)","(D)","(D)","(D)","(D)","(D)","(D)","(D)","(D)"
"25540","Hartford-West Hartford-East Hartford, CT (Metropolitan Statistical Area)"," ","800","Quantity indexes for real GDP by metropolitan area","7","211","   Oil and gas extraction",0.000,0.000,0.000,1507.224,1367.869,414.294,241.470,135.889,100.000,0.000,0.000,0.000,0.000,0.000,"(NA)"
"25540","Hartford-West Hartford-East Hartford, CT (Metropolitan Statistical Area)"," ","800","Quantity indexes for real GDP by metropolitan area","8","212","   Mining, except oil and gas","(D)","(D)","(D)","(D)","(D)","(D)","(D)","(D)","(D)","(D)","(D)","(D)","(D)","(D)","(NA)"
"25540","Hartford-West Hartford-East Hartford, CT (Metropolitan Statistical Area)"," ","800","Quantity indexes for real GDP by metropolitan area","9","213","   Support activities for mining","(D)","(D)","(D)","(D)","(D)","(D)","(D)","(D)","(D)","(D)","(D)","(D)","(D)","(D)","(NA)"
"25540","Hartford-West Hartford-East Hartford, CT (Metropolitan Statistical Area)"," ","800","Quantity indexes for real GDP by metropolitan area","10","22","  Utilities","(D)","(D)","(D)","(D)","(D)","(D)","(D)","(D)","(D)","(D)","(D)","(D)","(D)","(D)","(D)"
"25540","Hartford-West Hartford-East Hartford, CT (Metropolitan Statistical Area)"," ","800","Quantity indexes for real GDP by metropolitan area","11","23","  Construction",116.800,"(D)","(D)","(D)","(D)","(D)","(D)",106.834,100.000,96.353,95.490,95.173,96.512,97.636,103.734
"25540","Hartford-West Hartford-East Hartford, CT (Metropolitan Statistical Area)"," ","800","Quantity indexes for real GDP by metropolitan area","12","31-33","  Manufacturing",98.600,97.079,100.272,110.336,112.820,123.405,128.221,124.664,100.000,107.265,105.439,107.770,105.001,95.792,92.643
"25540","Hartford-West Hartford-East Hartford, CT (Metropolitan Statistical Area)"," ","800","Quantity indexes for real GDP by metropolitan area","13","...","   Durable goods manufacturing","(D)","(D)","(D)","(D)","(D)","(D)","(D)","(D)","(D)","(D)","(D)","(D)","(D)","(D)","(D)"
"25540","Hartford-West Hartford-East Hartford, CT (Metropolitan Statistical Area)"," ","800","Quantity indexes for real GDP by metropolitan area","14","321","    Wood products manufacturing","(D)","(D)","(D)","(D)","(D)","(D)","(D)","(D)","(D)","(D)","(D)","(D)","(D)","(D)","(NA)"
"25540","Hartford-West Hartford-East Hartford, CT (Metropolitan Statistical Area)"," ","800","Quantity indexes for real GDP by metropolitan area","15","327","    Nonmetallic mineral products manufacturing","(D)","(D)","(D)","(D)","(D)","(D)","(D)","(D)","(D)","(D)","(D)","(D)","(D)","(D)","(NA)"
"25540","Hartford-West Hartford-East Hartford, CT (Metropolitan Statistical Area)"," ","800","Quantity indexes for real GDP by metropolitan area","16","331","    Primary metals manufacturing","(D)","(D)","(D)","(D)","(D)","(D)","(D)","(D)","(D)","(D)","(D)","(D)","(D)","(D)","(NA)"
"25540","Hartford-West Hartford-East Hartford, CT (Metropolitan Statistical Area)"," ","800","Quantity indexes for real GDP by metropolitan area","17","332","    Fabricated metal products","(D)","(D)","(D)",112.309,126.313,124.715,131.498,123.097,100.000,109.804,120.895,"(D)",133.314,122.810,"(NA)"
"25540","Hartford-West Hartford-East Hartford, CT (Metropolitan Statistical Area)"," ","800","Quantity indexes for real GDP by metropolitan area","18","333","    Machinery manufacturing",161.230,135.778,125.502,113.179,107.015,124.234,130.958,127.706,100.000,93.309,86.454,"(D)",112.250,103.638,"(NA)"
"25540","Hartford-West Hartford-East Hartford, CT (Metropolitan Statistical Area)"," ","800","Quantity indexes for real GDP by metropolitan area","19","334","    Computer and electronic products manufacturing",65.264,58.052,57.183,60.870,76.188,85.865,92.753,107.274,100.000,110.081,112.181,"(D)",144.009,182.051,"(NA)"
"25540","Hartford-West Hartford-East Hartford, CT (Metropolitan Statistical Area)"," ","800","Quantity indexes for real GDP by metropolitan area","20","335","    Electrical equipment, appliance, and components manufacturing",123.809,112.328,128.467,97.195,112.638,103.710,85.121,124.022,100.000,97.414,"(D)","(D)",81.144,80.492,"(NA)"
"25540","Hartford-West Hartford-East Hartford, CT (Metropolitan Statistical Area)"," ","800","Quantity indexes for real GDP by metropolitan area","21","3361-3363","    Motor vehicles, bodies and trailers, and parts manufacturing","(D)","(D)","(D)","(D)","(D)","(D)","(D)","(D)","(D)","(D)","(D)","(D)","(D)","(D)","(NA)"
"25540","Hartford-West Hartford-East Hartford, CT (Metropolitan Statistical Area)"," ","800","Quantity indexes for real GDP by metropolitan area","22","3364-3366, 3369","    Other transportation equipment manufacturing","(D)","(D)","(D)","(D)","(D)","(D)","(D)","(D)","(D)","(D)","(D)","(D)","(D)","(D)","(NA)"
"25540","Hartford-West Hartford-East Hartford, CT (Metropolitan Statistical Area)"," ","800","Quantity indexes for real GDP by metropolitan area","23","337","    Furniture and related products manufacturing","(D)","(D)","(D)","(D)","(D)","(D)","(D)","(D)","(D)","(D)","(D)","(D)","(D)","(D)","(NA)"
"25540","Hartford-West Hartford-East Hartford, CT (Metropolitan Statistical Area)"," ","800","Quantity indexes for real GDP by metropolitan area","24","339","    Miscellaneous manufacturing","(D)","(D)","(D)","(D)","(D)","(D)","(D)","(D)","(D)","(D)","(D)","(D)","(D)","(D)","(NA)"
"25540","Hartford-West Hartford-East Hartford, CT (Metropolitan Statistical Area)"," ","800","Quantity indexes for real GDP by metropolitan area","25","...","   Nondurable goods manufacturing","(D)","(D)","(D)","(D)","(D)","(D)","(D)","(D)","(D)","(D)","(D)","(D)","(D)","(D)","(D)"
"25540","Hartford-West Hartford-East Hartford, CT (Metropolitan Statistical Area)"," ","800","Quantity indexes for real GDP by metropolitan area","26","311-312","    Food and beverage and tobacco products manufacturing","(D)","(D)","(D)","(D)","(D)","(D)","(D)","(D)","(D)","(D)","(D)","(D)","(D)","(D)","(NA)"
"25540","Hartford-West Hartford-East Hartford, CT (Metropolitan Statistical Area)"," ","800","Quantity indexes for real GDP by metropolitan area","27","313-314","    Textile mills and textile product mills","(D)","(D)","(D)","(D)","(D)","(D)","(D)","(D)","(D)","(D)","(D)","(D)","(D)","(D)","(NA)"
"25540","Hartford-West Hartford-East Hartford, CT (Metropolitan Statistical Area)"," ","800","Quantity indexes for real GDP by metropolitan area","28","315-316","    Apparel and leather and allied products manufacturing","(D)","(D)","(D)","(D)","(D)","(D)","(D)","(D)","(D)","(D)","(D)","(D)","(D)","(D)","(NA)"
"25540","Hartford-West Hartford-East Hartford, CT (Metropolitan Statistical Area)"," ","800","Quantity indexes for real GDP by metropolitan area","29","322","    Paper products manufacturing","(D)","(D)","(D)","(D)","(D)","(D)","(D)","(D)","(D)","(D)","(D)","(D)","(D)","(D)","(NA)"
"25540","Hartford-West Hartford-East Hartford, CT (Metropolitan Statistical Area)"," ","800","Quantity indexes for real GDP by metropolitan area","30","323","    Printing and related support activities","(D)","(D)","(D)","(D)","(D)","(D)","(D)","(D)","(D)","(D)","(D)","(D)","(D)","(D)","(NA)"
"25540","Hartford-West Hartford-East Hartford, CT (Metropolitan Statistical Area)"," ","800","Quantity indexes for real GDP by metropolitan area","31","324","    Petroleum and coal products manufacturing","(D)","(D)","(D)","(D)","(D)","(D)","(D)","(D)","(D)","(D)","(D)","(D)","(D)","(D)","(NA)"
"25540","Hartford-West Hartford-East Hartford, CT (Metropolitan Statistical Area)"," ","800","Quantity indexes for real GDP by metropolitan area","32","325","    Chemical products manufacturing","(D)","(D)","(D)","(D)","(D)","(D)","(D)","(D)","(D)","(D)","(D)","(D)","(D)","(D)","(NA)"
"25540","Hartford-West Hartford-East Hartford, CT (Metropolitan Statistical Area)"," ","800","Quantity indexes for real GDP by metropolitan area","33","326","    Plastics and rubber products manufacturing","(D)","(D)","(D)","(D)",128.751,132.049,130.931,115.414,100.000,92.458,92.790,"(D)",105.663,91.707,"(NA)"
"25540","Hartford-West Hartford-East Hartford, CT (Metropolitan Statistical Area)"," ","800","Quantity indexes for real GDP by metropolitan area","34","42","  Wholesale trade","(D)","(D)","(D)","(D)","(D)","(D)","(D)","(D)","(D)","(D)","(D)","(D)","(D)","(D)","(D)"
"25540","Hartford-West Hartford-East Hartford, CT (Metropolitan Statistical Area)"," ","800","Quantity indexes for real GDP by metropolitan area","35","44-45","  Retail trade",102.136,106.888,109.816,109.996,111.353,108.641,103.582,102.335,100.000,101.777,102.704,107.371,108.439,113.619,115.253
"25540","Hartford-West Hartford-East Hartford, CT (Metropolitan Statistical Area)"," ","800","Quantity indexes for real GDP by metropolitan area","36","48-49","  Transportation and warehousing","(D)","(D)","(D)","(D)",97.090,98.655,90.845,104.779,100.000,100.806,115.766,111.208,115.342,121.190,122.156
"25540","Hartford-West Hartford-East Hartford, CT (Metropolitan Statistical Area)"," ","800","Quantity indexes for real GDP by metropolitan area","37","481","   Air transportation","(D)","(D)","(D)","(D)","(D)","(D)","(D)","(D)","(D)","(D)","(D)","(D)","(D)","(D)","(NA)"
"25540","Hartford-West Hartford-East Hartford, CT (Metropolitan Statistical Area)"," ","800","Quantity indexes for real GDP by metropolitan area","38","482","   Rail transportation","(D)","(D)",116.824,92.634,54.706,61.148,81.232,100.212,100.000,66.813,92.755,102.024,103.505,99.182,"(NA)"
"25540","Hartford-West Hartford-East Hartford, CT (Metropolitan Statistical Area)"," ","800","Quantity indexes for real GDP by metropolitan area","39","483","   Water transportation","(D)","(D)","(D)","(D)","(D)","(D)","(D)","(D)","(D)","(D)","(D)","(D)","(D)","(D)","(NA)"
"25540","Hartford-West Hartford-East Hartford, CT (Metropolitan Statistical Area)"," ","800","Quantity indexes for real GDP by metropolitan area","40","484","   Truck transportation",105.542,104.145,101.689,106.347,107.176,115.476,111.007,110.339,100.000,114.925,127.065,"(D)",114.209,111.363,"(NA)"
"25540","Hartford-West Hartford-East Hartford, CT (Metropolitan Statistical Area)"," ","800","Quantity indexes for real GDP by metropolitan area","41","485","   Transit and ground passenger transportation",98.353,99.642,95.847,96.284,97.294,100.128,101.904,106.702,100.000,"(D)",111.613,"(D)",110.029,115.405,"(NA)"
"25540","Hartford-West Hartford-East Hartford, CT (Metropolitan Statistical Area)"," ","800","Quantity indexes for real GDP by metropolitan area","42","486","   Pipeline transportation","(D)","(D)","(D)","(D)","(D)","(D)","(D)","(D)","(D)","(D)","(D)","(D)","(D)","(D)","(NA)"
"25540","Hartford-West Hartford-East Hartford, CT (Metropolitan Statistical Area)"," ","800","Quantity indexes for real GDP by metropolitan area","43","487-488, 492","   Other transportation and support activities","(D)","(D)","(D)","(D)","(D)","(D)","(D)","(D)","(D)","(D)","(D)","(D)","(D)","(D)","(NA)"
"25540","Hartford-West Hartford-East Hartford, CT (Metropolitan Statistical Area)"," ","800","Quantity indexes for real GDP by metropolitan area","44","493","   Warehousing and storage","(D)","(D)","(D)","(D)","(D)","(D)","(D)","(D)","(D)","(D)","(D)","(D)","(D)","(D)","(NA)"
"25540","Hartford-West Hartford-East Hartford, CT (Metropolitan Statistical Area)"," ","800","Quantity indexes for real GDP by metropolitan area","45","51","  Information",50.447,52.957,57.198,65.509,75.896,84.719,95.732,101.586,100.000,105.263,109.494,112.649,122.745,132.450,134.249
"25540","Hartford-West Hartford-East Hartford, CT (Metropolitan Statistical Area)"," ","800","Quantity indexes for real GDP by metropolitan area","46","511","   Publishing industries, except Internet (includes software)","(D)","(D)","(D)","(D)","(D)","(D)",88.940,108.371,100.000,104.578,105.469,"(D)",113.920,112.918,"(NA)"
"25540","Hartford-West Hartford-East Hartford, CT (Metropolitan Statistical Area)"," ","800","Quantity indexes for real GDP by metropolitan area","47","512","   Motion picture and sound recording industries","(D)","(D)","(D)","(D)","(D)","(D)","(D)","(D)","(D)","(D)","(D)","(D)","(D)","(D)","(NA)"
"25540","Hartford-West Hartford-East Hartford, CT (Metropolitan Statistical Area)"," ","800","Quantity indexes for real GDP by metropolitan area","48","515, 517","   Broadcasting and telecommunications","(D)","(D)","(D)","(D)","(D)","(D)","(D)","(D)","(D)","(D)","(D)","(D)","(D)","(D)","(NA)"
"25540","Hartford-West Hartford-East Hartford, CT (Metropolitan Statistical Area)"," ","800","Quantity indexes for real GDP by metropolitan area","49","518, 519","   Data processing, internet publishing, and other information services","(D)","(D)","(D)","(D)","(D)","(D)","(D)","(D)","(D)","(D)","(D)","(D)","(D)","(D)","(NA)"
"25540","Hartford-West Hartford-East Hartford, CT (Metropolitan Statistical Area)"," ","800","Quantity indexes for real GDP by metropolitan area","50","52, 53","  Finance, insurance, real estate, rental, and leasing",77.928,69.499,69.193,77.823,78.167,85.042,98.173,90.052,100.000,92.834,85.158,74.916,68.156,68.070,70.982
"25540","Hartford-West Hartford-East Hartford, CT (Metropolitan Statistical Area)"," ","800","Quantity indexes for real GDP by metropolitan area","51","52","   Finance and insurance",79.362,65.751,69.703,84.663,81.527,87.768,102.712,86.841,100.000,92.126,87.479,80.409,77.226,76.244,76.884
"25540","Hartford-West Hartford-East Hartford, CT (Metropolitan Statistical Area)"," ","800","Quantity indexes for real GDP by metropolitan area","52","521-522","    Federal Reserve banks, credit intermediation, and related services","(D)","(D)","(D)","(D)","(D)","(D)","(D)","(D)","(D)","(D)","(D)","(D)","(D)","(D)","(NA)"
"25540","Hartford-West Hartford-East Hartford, CT (Metropolitan Statistical Area)"," ","800","Quantity indexes for real GDP by metropolitan area","53","523","    Securities, commodity contracts, and investments","(D)","(D)","(D)","(D)","(D)","(D)","(D)","(D)","(D)","(D)","(D)","(D)","(D)","(D)","(NA)"
"25540","Hartford-West Hartford-East Hartford, CT (Metropolitan Statistical Area)"," ","800","Quantity indexes for real GDP by metropolitan area","54","524","    Insurance carriers and related activities","(D)","(D)",63.427,81.545,77.564,85.625,104.793,90.150,100.000,94.613,91.718,"(D)",80.617,79.360,"(NA)"
"25540","Hartford-West Hartford-East Hartford, CT (Metropolitan Statistical Area)"," ","800","Quantity indexes for real GDP by metropolitan area","55","525","    Funds, trusts, and other financial vehicles","(D)","(D)","(D)","(D)","(D)","(D)","(D)","(D)","(D)","(D)","(D)","(D)","(D)","(D)","(NA)"
"25540","Hartford-West Hartford-East Hartford, CT (Metropolitan Statistical Area)"," ","800","Quantity indexes for real GDP by metropolitan area","56","53","   Real estate and rental and leasing",75.608,76.234,68.459,65.885,72.424,80.429,90.459,95.267,100.000,93.986,81.272,65.684,52.868,54.300,61.056
"25540","Hartford-West Hartford-East Hartford, CT (Metropolitan Statistical Area)"," ","800","Quantity indexes for real GDP by metropolitan area","57","531","    Real estate",78.247,79.261,64.652,62.157,70.139,75.647,87.421,90.000,100.000,96.871,83.759,"(D)",52.618,53.918,"(NA)"
"25540","Hartford-West Hartford-East Hartford, CT (Metropolitan Statistical Area)"," ","800","Quantity indexes for real GDP by metropolitan area","58","532-533","    Rental and leasing services and lessors of intangible assets",54.686,52.444,95.669,92.555,88.409,114.642,112.106,132.745,100.000,73.726,63.809,"(D)",54.808,57.210,"(NA)"
"25540","Hartford-West Hartford-East Hartford, CT (Metropolitan Statistical Area)"," ","800","Quantity indexes for real GDP by metropolitan area","59","54, 55, 56","  Professional and business services",84.133,88.159,91.544,94.768,94.656,98.089,102.281,105.026,100.000,99.307,100.103,102.417,102.268,113.335,115.071
"25540","Hartford-West Hartford-East Hartford, CT (Metropolitan Statistical Area)"," ","800","Quantity indexes for real GDP by metropolitan area","60","54","   Professional, scientific, and technical services",93.371,99.092,101.027,"(D)",102.155,102.642,106.048,108.592,100.000,100.049,101.657,104.709,103.593,114.354,118.159
"25540","Hartford-West Hartford-East Hartford, CT (Metropolitan Statistical Area)"," ","800","Quantity indexes for real GDP by metropolitan area","64","55","   Management of companies and enterprises","(D)",63.892,73.678,"(D)","(D)",89.584,96.243,94.200,100.000,"(D)",91.716,95.816,102.698,123.371,116.270
"25540","Hartford-West Hartford-East Hartford, CT (Metropolitan Statistical Area)"," ","800","Quantity indexes for real GDP by metropolitan area","65","56","   Administrative and waste management services","(D)",80.758,83.625,87.375,"(D)",94.714,98.817,105.601,100.000,"(D)",103.211,102.505,99.060,103.558,107.282
"25540","Hartford-West Hartford-East Hartford, CT (Metropolitan Statistical Area)"," ","800","Quantity indexes for real GDP by metropolitan area","66","561","    Administrative and support services",74.133,76.804,80.631,84.387,91.749,94.557,98.612,106.229,100.000,101.901,105.251,"(D)",102.039,107.213,"(NA)"
"25540","Hartford-West Hartford-East Hartford, CT (Metropolitan Statistical Area)"," ","800","Quantity indexes for real GDP by metropolitan area","67","562","    Waste management and remediation services","(D)",105.564,102.456,106.185,"(D)",95.744,100.676,101.730,100.000,"(D)",91.491,"(D)",81.860,82.507,"(NA)"
"25540","Hartford-West Hartford-East Hartford, CT (Metropolitan Statistical Area)"," ","800","Quantity indexes for real GDP by metropolitan area","68","61, 62","  Educational services, health care, and social assistance",81.783,83.799,85.262,87.945,88.581,91.703,92.923,98.670,100.000,99.261,99.485,101.614,103.179,106.740,104.276
"25540","Hartford-West Hartford-East Hartford, CT (Metropolitan Statistical Area)"," ","800","Quantity indexes for real GDP by metropolitan area","69","61","   Educational services",81.803,83.591,87.149,89.120,87.126,89.726,93.331,95.190,100.000,100.704,100.328,102.072,101.137,105.785,99.775
"25540","Hartford-West Hartford-East Hartford, CT (Metropolitan Statistical Area)"," ","800","Quantity indexes for real GDP by metropolitan area","70","62","   Health care and social assistance",81.786,83.829,85.048,87.816,88.763,91.948,92.880,99.104,100.000,99.080,99.380,101.558,103.450,106.868,104.883
"25540","Hartford-West Hartford-East Hartford, CT (Metropolitan Statistical Area)"," ","800","Quantity indexes for real GDP by metropolitan area","71","621","    Ambulatory health care services","(D)","(D)","(D)","(D)","(D)","(D)","(D)","(D)","(D)","(D)","(D)","(D)","(D)","(D)","(NA)"
"25540","Hartford-West Hartford-East Hartford, CT (Metropolitan Statistical Area)"," ","800","Quantity indexes for real GDP by metropolitan area","72","622-623","    Hospitals and nursing and residential care facilities","(D)","(D)","(D)","(D)","(D)","(D)","(D)","(D)","(D)","(D)","(D)","(D)","(D)","(D)","(NA)"
"25540","Hartford-West Hartford-East Hartford, CT (Metropolitan Statistical Area)"," ","800","Quantity indexes for real GDP by metropolitan area","73","624","    Social assistance","(D)","(D)","(D)","(D)","(D)","(D)","(D)","(D)","(D)","(D)","(D)","(D)","(D)","(D)","(NA)"
"25540","Hartford-West Hartford-East Hartford, CT (Metropolitan Statistical Area)"," ","800","Quantity indexes for real GDP by metropolitan area","74","71, 72","  Arts, entertainment, recreation, accommodation, and food services",107.686,105.437,107.028,111.215,112.428,112.525,111.392,107.106,100.000,102.517,106.055,111.175,111.717,116.193,115.193
"25540","Hartford-West Hartford-East Hartford, CT (Metropolitan Statistical Area)"," ","800","Quantity indexes for real GDP by metropolitan area","75","71","   Arts, entertainment, and recreation",104.052,104.102,103.364,108.952,107.704,106.534,104.723,101.159,100.000,101.060,100.867,104.177,102.011,106.373,102.883
"25540","Hartford-West Hartford-East Hartford, CT (Metropolitan Statistical Area)"," ","800","Quantity indexes for real GDP by metropolitan area","76","711-712","    Performing arts, spectator sports, museums, and related activities","(D)","(D)","(D)","(D)",106.351,"(D)",99.333,95.522,100.000,95.203,"(D)","(D)",86.839,88.059,"(NA)"
"25540","Hartford-West Hartford-East Hartford, CT (Metropolitan Statistical Area)"," ","800","Quantity indexes for real GDP by metropolitan area","77","713","    Amusements, gambling, and recreation industries","(D)","(D)","(D)","(D)",108.813,"(D)",108.988,105.522,100.000,105.638,"(D)","(D)",113.943,120.783,"(NA)"
"25540","Hartford-West Hartford-East Hartford, CT (Metropolitan Statistical Area)"," ","800","Quantity indexes for real GDP by metropolitan area","78","72","   Accommodation and food services",108.804,105.803,108.156,111.876,113.899,114.411,113.499,108.983,100.000,102.967,107.655,113.333,114.699,119.211,118.949
"25540","Hartford-West Hartford-East Hartford, CT (Metropolitan Statistical Area)"," ","800","Quantity indexes for real GDP by metropolitan area","79","721","    Accommodation",109.649,108.636,108.648,122.063,124.887,130.728,128.991,124.040,100.000,107.450,119.344,"(D)",143.377,"(D)","(NA)"
"25540","Hartford-West Hartford-East Hartford, CT (Metropolitan Statistical Area)"," ","800","Quantity indexes for real GDP by metropolitan area","80","722","    Food services and drinking places",108.720,105.269,108.138,109.746,111.593,110.909,110.253,105.758,100.000,102.059,105.280,"(D)",108.859,"(D)","(NA)"
"25540","Hartford-West Hartford-East Hartford, CT (Metropolitan Statistical Area)"," ","800","Quantity indexes for real GDP by metropolitan area","81","81","  Other services, except government",112.713,115.761,112.473,114.168,122.262,122.895,118.308,103.905,100.000,99.104,98.469,100.594,99.937,103.015,103.873
"25540","Hartford-West Hartford-East Hartford, CT (Metropolitan Statistical Area)"," ","800","Quantity indexes for real GDP by metropolitan area","82","92"," Government",97.373,97.802,97.270,97.287,99.917,97.263,100.052,101.927,100.000,98.386,99.134,97.162,97.655,99.162,98.210
"25540","Hartford-West Hartford-East Hartford, CT (Metropolitan Statistical Area)"," ","800","Quantity indexes for real GDP by metropolitan area","83","...","  Federal civilian",105.460,104.421,103.641,105.906,102.749,103.796,105.042,101.254,100.000,97.776,92.715,92.036,91.141,95.040,"(NA)"
"25540","Hartford-West Hartford-East Hartford, CT (Metropolitan Statistical Area)"," ","800","Quantity indexes for real GDP by metropolitan area","84","...","  Federal military",32.775,37.704,55.256,61.311,74.002,83.745,81.773,92.770,100.000,92.466,87.828,83.747,87.867,91.280,"(NA)"
"25540","Hartford-West Hartford-East Hartford, CT (Metropolitan Statistical Area)"," ","800","Quantity indexes for real GDP by metropolitan area","85","...","  State and local",99.041,99.463,98.253,97.773,100.657,97.077,100.164,102.366,100.000,98.684,100.286,98.253,98.759,99.934,"(NA)"
"25540","Hartford-West Hartford-East Hartford, CT (Metropolitan Statistical Area)"," ","800","Quantity indexes for real GDP by metropolitan area","86","11, 21","Natural resources and mining",145.729,"(D)","(D)","(D)",125.371,129.377,115.570,88.283,100.000,102.481,78.506,"(D)",97.922,97.519,104.129
"25540","Hartford-West Hartford-East Hartford, CT (Metropolitan Statistical Area)"," ","800","Quantity indexes for real GDP by metropolitan area","87","42, 44-45","Trade","(D)","(D)","(D)","(D)","(D)","(D)","(D)","(D)","(D)","(D)","(D)","(D)","(D)","(D)","(D)"
"25540","Hartford-West Hartford-East Hartford, CT (Metropolitan Statistical Area)"," ","800","Quantity indexes for real GDP by metropolitan area","88","...","Transportation and utilities","(D)","(D)","(D)","(D)","(D)","(D)","(D)","(D)","(D)","(D)","(D)","(D)","(D)","(D)","(D)"
"25540","Hartford-West Hartford-East Hartford, CT (Metropolitan Statistical Area)"," ","800","Quantity indexes for real GDP by metropolitan area","89","...","Private goods-producing industries",102.440,99.490,102.317,111.863,114.284,122.028,125.540,120.529,100.000,105.013,103.062,"(D)",103.227,96.266,95.161
"25540","Hartford-West Hartford-East Hartford, CT (Metropolitan Statistical Area)"," ","800","Quantity indexes for real GDP by metropolitan area","90","...","Private services-providing industries",82.661,79.640,80.694,86.982,88.697,92.676,100.097,97.348,100.000,97.314,94.490,"(D)",88.735,91.593,93.019
"25540","Hartford-West Hartford-East Hartford, CT (Metropolitan Statistical Area)"," ","900","Real GDP by metropolitan area","1","...","All industry total",71725,69517,70459,75493,77066,80203,85476,83367,82441,81224,79327,77166,75662,76739,77391
"25540","Hartford-West Hartford-East Hartford, CT (Metropolitan Statistical Area)"," ","900","Real GDP by metropolitan area","2","..."," Private industries",62945,60734,61708,66692,68031,71378,76387,74111,73360,72290,70319,68336,66782,67722,68466
"25540","Hartford-West Hartford-East Hartford, CT (Metropolitan Statistical Area)"," ","900","Real GDP by metropolitan area","3","11","  Agriculture, forestry, fishing, and hunting","(D)","(D)","(D)","(D)","(D)","(D)","(D)","(D)","(D)","(D)","(D)","(D)","(D)","(D)","(D)"
"25540","Hartford-West Hartford-East Hartford, CT (Metropolitan Statistical Area)"," ","900","Real GDP by metropolitan area","4","111-112","   Farms",114,107,103,95,104,108,96,76,95,92,66,62,80,75,"(NA)"
"25540","Hartford-West Hartford-East Hartford, CT (Metropolitan Statistical Area)"," ","900","Real GDP by metropolitan area","5","113-115","   Forestry, fishing, and related activities","(D)","(D)","(D)","(D)","(D)","(D)","(D)","(D)","(D)","(D)","(D)","(D)","(D)","(D)","(NA)"
"25540","Hartford-West Hartford-East Hartford, CT (Metropolitan Statistical Area)"," ","900","Real GDP by metropolitan area","6","21","  Mining","(D)","(D)","(D)","(D)","(D)","(D)","(D)","(D)","(D)","(D)","(D)","(D)","(D)","(D)","(D)"
"25540","Hartford-West Hartford-East Hartford, CT (Metropolitan Statistical Area)"," ","900","Real GDP by metropolitan area","7","211","   Oil and gas extraction","(L)","(L)","(L)","(L)","(L)","(L)","(L)","(L)","(L)","(L)","(L)","(L)","(L)","(L)","(NA)"
"25540","Hartford-West Hartford-East Hartford, CT (Metropolitan Statistical Area)"," ","900","Real GDP by metropolitan area","8","212","   Mining, except oil and gas","(D)","(D)","(D)","(D)","(D)","(D)","(D)","(D)","(D)","(D)","(D)","(D)","(D)","(D)","(NA)"
"25540","Hartford-West Hartford-East Hartford, CT (Metropolitan Statistical Area)"," ","900","Real GDP by metropolitan area","9","213","   Support activities for mining","(D)","(D)","(D)","(D)","(D)","(D)","(D)","(D)","(D)","(D)","(D)","(D)","(D)","(D)","(NA)"
"25540","Hartford-West Hartford-East Hartford, CT (Metropolitan Statistical Area)"," ","900","Real GDP by metropolitan area","10","22","  Utilities","(D)","(D)","(D)","(D)","(D)","(D)","(D)","(D)","(D)","(D)","(D)","(D)","(D)","(D)","(D)"
"25540","Hartford-West Hartford-East Hartford, CT (Metropolitan Statistical Area)"," ","900","Real GDP by metropolitan area","11","23","  Construction",2782,"(D)","(D)","(D)","(D)","(D)","(D)",2544,2382,2295,2274,2267,2298,2325,2470
"25540","Hartford-West Hartford-East Hartford, CT (Metropolitan Statistical Area)"," ","900","Real GDP by metropolitan area","12","31-33","  Manufacturing",9183,9041,9338,10276,10507,11493,11941,11610,9313,9990,9820,10037,9779,8921,8628
"25540","Hartford-West Hartford-East Hartford, CT (Metropolitan Statistical Area)"," ","900","Real GDP by metropolitan area","13","...","   Durable goods manufacturing",7257,6668,6777,7008,7420,8075,"(D)","(D)","(D)","(D)","(D)","(D)",8139,7395,7147
"25540","Hartford-West Hartford-East Hartford, CT (Metropolitan Statistical Area)"," ","900","Real GDP by metropolitan area","14","321","    Wood products manufacturing","(D)","(D)","(D)",19,22,"(D)","(D)","(D)","(D)","(D)","(D)","(D)","(D)","(D)","(NA)"
"25540","Hartford-West Hartford-East Hartford, CT (Metropolitan Statistical Area)"," ","900","Real GDP by metropolitan area","15","327","    Nonmetallic mineral products manufacturing",81,66,61,75,72,54,68,"(D)","(D)","(D)","(D)","(D)","(D)","(D)","(NA)"
"25540","Hartford-West Hartford-East Hartford, CT (Metropolitan Statistical Area)"," ","900","Real GDP by metropolitan area","16","331","    Primary metals manufacturing","(D)","(D)","(D)","(D)","(D)","(D)","(D)","(D)","(D)","(D)","(D)","(D)","(D)","(D)","(NA)"
"25540","Hartford-West Hartford-East Hartford, CT (Metropolitan Statistical Area)"," ","900","Real GDP by metropolitan area","17","332","    Fabricated metal products","(D)","(D)","(D)",1777,1998,1973,2080,1947,1582,1737,1912,"(D)",2109,1943,"(NA)"
"25540","Hartford-West Hartford-East Hartford, CT (Metropolitan Statistical Area)"," ","900","Real GDP by metropolitan area","18","333","    Machinery manufacturing",1353,1140,1053,950,898,1043,1099,1072,839,783,726,"(D)",942,870,"(NA)"
"25540","Hartford-West Hartford-East Hartford, CT (Metropolitan Statistical Area)"," ","900","Real GDP by metropolitan area","19","334","    Computer and electronic products manufacturing",213,190,187,199,249,280,303,350,327,359,366,"(D)",470,594,"(NA)"
"25540","Hartford-West Hartford-East Hartford, CT (Metropolitan Statistical Area)"," ","900","Real GDP by metropolitan area","20","335","    Electrical equipment, appliance, and components manufacturing",542,491,562,425,493,454,372,543,438,426,"(D)","(D)",355,352,"(NA)"
"25540","Hartford-West Hartford-East Hartford, CT (Metropolitan Statistical Area)"," ","900","Real GDP by metropolitan area","21","3361-3363","    Motor vehicles, bodies and trailers, and parts manufacturing","(D)","(D)","(D)","(D)","(D)","(D)","(D)","(D)","(D)","(D)","(D)","(D)","(D)","(D)","(NA)"
"25540","Hartford-West Hartford-East Hartford, CT (Metropolitan Statistical Area)"," ","900","Real GDP by metropolitan area","22","3364-3366, 3369","    Other transportation equipment manufacturing","(D)","(D)","(D)","(D)","(D)","(D)","(D)","(D)","(D)","(D)","(D)",3828,"(D)","(D)","(NA)"
"25540","Hartford-West Hartford-East Hartford, CT (Metropolitan Statistical Area)"," ","900","Real GDP by metropolitan area","23","337","    Furniture and related products manufacturing","(D)","(D)",79,94,103,108,114,93,"(D)","(D)","(D)","(D)",88,"(D)","(NA)"
"25540","Hartford-West Hartford-East Hartford, CT (Metropolitan Statistical Area)"," ","900","Real GDP by metropolitan area","24","339","    Miscellaneous manufacturing","(D)","(D)","(D)","(D)","(D)","(D)","(D)","(D)","(D)","(D)","(D)","(D)","(D)","(D)","(NA)"
"25540","Hartford-West Hartford-East Hartford, CT (Metropolitan Statistical Area)"," ","900","Real GDP by metropolitan area","25","...","   Nondurable goods manufacturing",1836,2337,2537,3291,3084,3418,"(D)","(D)","(D)","(D)","(D)","(D)",1651,1534,1488
"25540","Hartford-West Hartford-East Hartford, CT (Metropolitan Statistical Area)"," ","900","Real GDP by metropolitan area","26","311-312","    Food and beverage and tobacco products manufacturing","(D)","(D)","(D)","(D)","(D)","(D)","(D)","(D)","(D)","(D)",472,443,"(D)","(D)","(NA)"
"25540","Hartford-West Hartford-East Hartford, CT (Metropolitan Statistical Area)"," ","900","Real GDP by metropolitan area","27","313-314","    Textile mills and textile product mills","(D)","(D)","(D)","(D)","(D)","(D)","(D)","(D)","(D)","(D)","(D)",31,"(D)","(D)","(NA)"
"25540","Hartford-West Hartford-East Hartford, CT (Metropolitan Statistical Area)"," ","900","Real GDP by metropolitan area","28","315-316","    Apparel and leather and allied products manufacturing","(D)","(D)","(D)","(D)","(D)","(D)","(D)","(D)","(D)","(D)","(D)","(D)","(D)",5,"(NA)"
"25540","Hartford-West Hartford-East Hartford, CT (Metropolitan Statistical Area)"," ","900","Real GDP by metropolitan area","29","322","    Paper products manufacturing",286,"(D)","(D)","(D)","(D)","(D)","(D)","(D)","(D)",109,149,"(D)","(D)","(D)","(NA)"
"25540","Hartford-West Hartford-East Hartford, CT (Metropolitan Statistical Area)"," ","900","Real GDP by metropolitan area","30","323","    Printing and related support activities","(D)","(D)","(D)","(D)","(D)","(D)","(D)","(D)","(D)","(D)","(D)","(D)",195,192,"(NA)"
"25540","Hartford-West Hartford-East Hartford, CT (Metropolitan Statistical Area)"," ","900","Real GDP by metropolitan area","31","324","    Petroleum and coal products manufacturing","(D)","(D)","(D)","(D)","(D)","(D)","(D)","(D)","(D)","(D)","(D)","(D)","(D)","(D)","(NA)"
"25540","Hartford-West Hartford-East Hartford, CT (Metropolitan Statistical Area)"," ","900","Real GDP by metropolitan area","32","325","    Chemical products manufacturing","(D)","(D)","(D)","(D)","(D)","(D)","(D)","(D)","(D)","(D)",691,"(D)","(D)",523,"(NA)"
"25540","Hartford-West Hartford-East Hartford, CT (Metropolitan Statistical Area)"," ","900","Real GDP by metropolitan area","33","326","    Plastics and rubber products manufacturing","(D)","(D)","(D)","(D)",231,237,235,207,180,166,167,"(D)",190,165,"(NA)"
"25540","Hartford-West Hartford-East Hartford, CT (Metropolitan Statistical Area)"," ","900","Real GDP by metropolitan area","34","42","  Wholesale trade",3845,3838,4013,4193,"(D)","(D)","(D)","(D)","(D)","(D)","(D)",4797,"(D)","(D)","(D)"
"25540","Hartford-West Hartford-East Hartford, CT (Metropolitan Statistical Area)"," ","900","Real GDP by metropolitan area","35","44-45","  Retail trade",3690,3861,3967,3974,4023,3925,3742,3697,3612,3677,3710,3879,3917,4104,4163
"25540","Hartford-West Hartford-East Hartford, CT (Metropolitan Statistical Area)"," ","900","Real GDP by metropolitan area","36","48-49","  Transportation and warehousing","(D)","(D)","(D)","(D)",1368,1390,1280,1476,1409,1420,1631,1567,1625,1707,1721
"25540","Hartford-West Hartford-East Hartford, CT (Metropolitan Statistical Area)"," ","900","Real GDP by metropolitan area","37","481","   Air transportation","(D)","(D)","(D)","(D)","(D)","(D)","(D)","(D)","(D)","(D)","(D)","(D)",67,67,"(NA)"
"25540","Hartford-West Hartford-East Hartford, CT (Metropolitan Statistical Area)"," ","900","Real GDP by metropolitan area","38","482","   Rail transportation","(D)","(D)",6,4,3,3,4,5,5,3,4,5,5,5,"(NA)"
"25540","Hartford-West Hartford-East Hartford, CT (Metropolitan Statistical Area)"," ","900","Real GDP by metropolitan area","39","483","   Water transportation","(D)","(L)",1,1,1,"(D)",10,"(D)","(D)","(D)","(D)",2,"(D)","(D)","(NA)"
"25540","Hartford-West Hartford-East Hartford, CT (Metropolitan Statistical Area)"," ","900","Real GDP by metropolitan area","40","484","   Truck transportation",255,252,246,257,259,279,268,267,242,278,307,"(D)",276,269,"(NA)"
"25540","Hartford-West Hartford-East Hartford, CT (Metropolitan Statistical Area)"," ","900","Real GDP by metropolitan area","41","485","   Transit and ground passenger transportation",235,238,229,230,232,239,243,255,239,"(D)",267,"(D)",263,276,"(NA)"
"25540","Hartford-West Hartford-East Hartford, CT (Metropolitan Statistical Area)"," ","900","Real GDP by metropolitan area","42","486","   Pipeline transportation","(D)","(L)","(D)","(D)","(D)","(D)","(D)","(D)","(D)","(D)","(D)","(D)","(D)","(D)","(NA)"
"25540","Hartford-West Hartford-East Hartford, CT (Metropolitan Statistical Area)"," ","900","Real GDP by metropolitan area","43","487-488, 492","   Other transportation and support activities","(D)","(D)","(D)","(D)","(D)","(D)","(D)","(D)","(D)","(D)","(D)",305,"(D)",300,"(NA)"
"25540","Hartford-West Hartford-East Hartford, CT (Metropolitan Statistical Area)"," ","900","Real GDP by metropolitan area","44","493","   Warehousing and storage","(D)","(D)","(D)","(D)","(D)","(D)","(D)","(D)","(D)","(D)","(D)","(D)","(D)","(D)","(NA)"
"25540","Hartford-West Hartford-East Hartford, CT (Metropolitan Statistical Area)"," ","900","Real GDP by metropolitan area","45","51","  Information",1604,1684,1819,2083,2414,2694,3045,3231,3180,3348,3482,3583,3904,4212,4270
"25540","Hartford-West Hartford-East Hartford, CT (Metropolitan Statistical Area)"," ","900","Real GDP by metropolitan area","46","511","   Publishing industries, except Internet (includes software)","(D)","(D)","(D)","(D)","(D)","(D)",510,621,573,599,604,"(D)",653,647,"(NA)"
"25540","Hartford-West Hartford-East Hartford, CT (Metropolitan Statistical Area)"," ","900","Real GDP by metropolitan area","47","512","   Motion picture and sound recording industries","(D)","(D)","(D)","(D)","(D)","(D)","(D)","(D)","(D)","(D)","(D)","(D)","(D)","(D)","(NA)"
"25540","Hartford-West Hartford-East Hartford, CT (Metropolitan Statistical Area)"," ","900","Real GDP by metropolitan area","48","515, 517","   Broadcasting and telecommunications","(D)","(D)","(D)","(D)","(D)","(D)","(D)","(D)","(D)","(D)","(D)","(D)","(D)","(D)","(NA)"
"25540","Hartford-West Hartford-East Hartford, CT (Metropolitan Statistical Area)"," ","900","Real GDP by metropolitan area","49","518, 519","   Data processing, internet publishing, and other information services","(D)","(D)","(D)","(D)","(D)","(D)","(D)","(D)","(D)","(D)","(D)","(D)",196,207,"(NA)"
"25540","Hartford-West Hartford-East Hartford, CT (Metropolitan Statistical Area)"," ","900","Real GDP by metropolitan area","50","52, 53","  Finance, insurance, real estate, rental, and leasing",22703,20248,20159,22673,22773,24776,28601,26235,29134,27046,24810,21826,19856,19831,20680
"25540","Hartford-West Hartford-East Hartford, CT (Metropolitan Statistical Area)"," ","900","Real GDP by metropolitan area","51","52","   Finance and insurance",14244,11801,12510,15195,14632,15752,18435,15586,17948,16535,15700,14432,13860,13684,13799
"25540","Hartford-West Hartford-East Hartford, CT (Metropolitan Statistical Area)"," ","900","Real GDP by metropolitan area","52","521-522","    Federal Reserve banks, credit intermediation, and related services",1242,1340,"(D)","(D)","(D)","(D)","(D)","(D)","(D)","(D)","(D)","(D)","(D)","(D)","(NA)"
"25540","Hartford-West Hartford-East Hartford, CT (Metropolitan Statistical Area)"," ","900","Real GDP by metropolitan area","53","523","    Securities, commodity contracts, and investments","(D)","(D)","(D)","(D)","(D)","(D)","(D)","(D)","(D)","(D)","(D)","(D)",957,"(D)","(NA)"
"25540","Hartford-West Hartford-East Hartford, CT (Metropolitan Statistical Area)"," ","900","Real GDP by metropolitan area","54","524","    Insurance carriers and related activities","(D)","(D)",9335,12002,11416,12603,15424,13269,14718,13925,13499,"(D)",11866,11681,"(NA)"
"25540","Hartford-West Hartford-East Hartford, CT (Metropolitan Statistical Area)"," ","900","Real GDP by metropolitan area","55","525","    Funds, trusts, and other financial vehicles","(D)","(D)","(D)","(D)","(D)","(D)","(D)","(D)","(D)","(D)","(D)","(D)","(D)",134,"(NA)"
"25540","Hartford-West Hartford-East Hartford, CT (Metropolitan Statistical Area)"," ","900","Real GDP by metropolitan area","56","53","   Real estate and rental and leasing",8457,8527,7658,7370,8101,8997,10119,10657,11186,10513,9091,7347,5914,6074,6830
"25540","Hartford-West Hartford-East Hartford, CT (Metropolitan Statistical Area)"," ","900","Real GDP by metropolitan area","57","531","    Real estate",7663,7762,6331,6087,6869,7408,8561,8814,9793,9487,8202,"(D)",5153,5280,"(NA)"
"25540","Hartford-West Hartford-East Hartford, CT (Metropolitan Statistical Area)"," ","900","Real GDP by metropolitan area","58","532-533","    Rental and leasing services and lessors of intangible assets",762,731,1333,1289,1232,1597,1562,1849,1393,1027,889,"(D)",763,797,"(NA)"
"25540","Hartford-West Hartford-East Hartford, CT (Metropolitan Statistical Area)"," ","900","Real GDP by metropolitan area","59","54, 55, 56","  Professional and business services",6810,7135,7409,7670,7661,7939,8278,8501,8094,8038,8102,8289,8277,9173,9314
"25540","Hartford-West Hartford-East Hartford, CT (Metropolitan Statistical Area)"," ","900","Real GDP by metropolitan area","60","54","   Professional, scientific, and technical services",4146,4400,4486,"(D)",4536,4557,4709,4822,4440,4442,4514,4649,4600,5077,5246
"25540","Hartford-West Hartford-East Hartford, CT (Metropolitan Statistical Area)"," ","900","Real GDP by metropolitan area","64","55","   Management of companies and enterprises","(D)",1015,1171,"(D)","(D)",1423,1529,1497,1589,"(D)",1457,1522,1632,1960,1847
"25540","Hartford-West Hartford-East Hartford, CT (Metropolitan Statistical Area)"," ","900","Real GDP by metropolitan area","65","56","   Administrative and waste management services","(D)",1668,1727,1804,"(D)",1956,2040,2180,2065,"(D)",2131,2117,2045,2138,2215
"25540","Hartford-West Hartford-East Hartford, CT (Metropolitan Statistical Area)"," ","900","Real GDP by metropolitan area","66","561","    Administrative and support services",1316,1363,1431,1498,1629,1679,1751,1886,1775,1809,1868,"(D)",1811,1903,"(NA)"
"25540","Hartford-West Hartford-East Hartford, CT (Metropolitan Statistical Area)"," ","900","Real GDP by metropolitan area","67","562","    Waste management and remediation services","(D)",306,297,308,"(D)",277,292,295,290,"(D)",265,"(D)",237,239,"(NA)"
"25540","Hartford-West Hartford-East Hartford, CT (Metropolitan Statistical Area)"," ","900","Real GDP by metropolitan area","68","61, 62","  Educational services, health care, and social assistance",6076,6225,6334,6533,6581,6813,6903,7330,7429,7374,7391,7549,7665,7930,7747
"25540","Hartford-West Hartford-East Hartford, CT (Metropolitan Statistical Area)"," ","900","Real GDP by metropolitan area","69","61","   Educational services",675,690,719,735,719,740,770,785,825,831,828,842,834,873,823
"25540","Hartford-West Hartford-East Hartford, CT (Metropolitan Statistical Area)"," ","900","Real GDP by metropolitan area","70","62","   Health care and social assistance",5401,5536,5617,5799,5862,6072,6134,6545,6604,6543,6563,6707,6832,7058,6926
"25540","Hartford-West Hartford-East Hartford, CT (Metropolitan Statistical Area)"," ","900","Real GDP by metropolitan area","71","621","    Ambulatory health care services",2300,2373,2379,2497,2538,2669,"(D)","(D)","(D)","(D)","(D)","(D)",3020,3190,"(NA)"
"25540","Hartford-West Hartford-East Hartford, CT (Metropolitan Statistical Area)"," ","900","Real GDP by metropolitan area","72","622-623","    Hospitals and nursing and residential care facilities","(D)","(D)","(D)","(D)","(D)","(D)","(D)","(D)","(D)","(D)","(D)",3195,"(D)","(D)","(NA)"
"25540","Hartford-West Hartford-East Hartford, CT (Metropolitan Statistical Area)"," ","900","Real GDP by metropolitan area","73","624","    Social assistance","(D)","(D)","(D)","(D)","(D)","(D)","(D)","(D)","(D)","(D)","(D)","(D)","(D)","(D)","(NA)"
"25540","Hartford-West Hartford-East Hartford, CT (Metropolitan Statistical Area)"," ","900","Real GDP by metropolitan area","74","71, 72","  Arts, entertainment, recreation, accommodation, and food services",1958,1917,1946,2022,2044,2046,2025,1947,1818,1864,1928,2021,2031,2112,2094
"25540","Hartford-West Hartford-East Hartford, CT (Metropolitan Statistical Area)"," ","900","Real GDP by metropolitan area","75","71","   Arts, entertainment, and recreation",448,448,445,469,463,458,450,435,430,435,434,448,439,457,442
"25540","Hartford-West Hartford-East Hartford, CT (Metropolitan Statistical Area)"," ","900","Real GDP by metropolitan area","76","711-712","    Performing arts, spectator sports, museums, and related activities","(D)","(D)","(D)","(D)",199,"(D)",186,179,188,179,"(D)","(D)",163,165,"(NA)"
"25540","Hartford-West Hartford-East Hartford, CT (Metropolitan Statistical Area)"," ","900","Real GDP by metropolitan area","77","713","    Amusements, gambling, and recreation industries","(D)","(D)","(D)","(D)",264,"(D)",264,256,243,256,"(D)","(D)",276,293,"(NA)"
"25540","Hartford-West Hartford-East Hartford, CT (Metropolitan Statistical Area)"," ","900","Real GDP by metropolitan area","78","72","   Accommodation and food services",1510,1468,1501,1553,1581,1588,1575,1513,1388,1429,1494,1573,1592,1655,1651
"25540","Hartford-West Hartford-East Hartford, CT (Metropolitan Statistical Area)"," ","900","Real GDP by metropolitan area","79","721","    Accommodation",258,255,255,287,293,307,303,291,235,252,280,"(D)",337,"(D)","(NA)"
"25540","Hartford-West Hartford-East Hartford, CT (Metropolitan Statistical Area)"," ","900","Real GDP by metropolitan area","80","722","    Food services and drinking places",1254,1214,1247,1265,1287,1279,1271,1219,1153,1177,1214,"(D)",1255,"(D)","(NA)"
"25540","Hartford-West Hartford-East Hartford, CT (Metropolitan Statistical Area)"," ","900","Real GDP by metropolitan area","81","81","  Other services, except government",1812,1861,1808,1835,1965,1975,1902,1670,1607,1593,1583,1617,1606,1656,1670
"25540","Hartford-West Hartford-East Hartford, CT (Metropolitan Statistical Area)"," ","900","Real GDP by metropolitan area","82","92"," Government",8842,8881,8833,8834,9073,8832,9085,9256,9081,8934,9002,8823,8868,9005,8918
"25540","Hartford-West Hartford-East Hartford, CT (Metropolitan Statistical Area)"," ","900","Real GDP by metropolitan area","83","...","  Federal civilian",912,903,896,916,888,897,908,875,865,845,802,796,788,822,"(NA)"
"25540","Hartford-West Hartford-East Hartford, CT (Metropolitan Statistical Area)"," ","900","Real GDP by metropolitan area","84","...","  Federal military",101,116,171,189,228,258,252,286,309,285,271,258,271,282,"(NA)"
"25540","Hartford-West Hartford-East Hartford, CT (Metropolitan Statistical Area)"," ","900","Real GDP by metropolitan area","85","...","  State and local",7832,7865,7769,7731,7959,7676,7920,8095,7908,7803,7930,7769,7809,7902,"(NA)"
"25540","Hartford-West Hartford-East Hartford, CT (Metropolitan Statistical Area)"," ","900","Real GDP by metropolitan area","86","11, 21","Natural resources and mining",190,"(D)","(D)","(D)",163,168,150,115,130,133,102,"(D)",127,127,136
"25540","Hartford-West Hartford-East Hartford, CT (Metropolitan Statistical Area)"," ","900","Real GDP by metropolitan area","87","42, 44-45","Trade",7564,7736,8016,8196,"(D)","(D)","(D)","(D)","(D)","(D)","(D)",8676,"(D)","(D)","(D)"
"25540","Hartford-West Hartford-East Hartford, CT (Metropolitan Statistical Area)"," ","900","Real GDP by metropolitan area","88","...","Transportation and utilities",2655,2624,2587,2809,"(D)","(D)","(D)","(D)","(D)","(D)","(D)","(D)","(D)","(D)","(D)"
"25540","Hartford-West Hartford-East Hartford, CT (Metropolitan Statistical Area)"," ","900","Real GDP by metropolitan area","89","...","Private goods-producing industries",12113,11764,12099,13228,13514,14430,14845,14252,11825,12418,12187,"(D)",12206,11383,11253
"25540","Hartford-West Hartford-East Hartford, CT (Metropolitan Statistical Area)"," ","900","Real GDP by metropolitan area","90","...","Private services-providing industries",50866,49006,49655,53525,54580,57028,61595,59903,61535,59883,58145,"(D)",54603,56362,57240
"25540","Hartford-West Hartford-East Hartford, CT (Metropolitan Statistical Area)"," ","1000","Per capita real GDP by metropolitan area","1","...","All industry total",61911,59467,59742,63836,64874,67188,71325,69216,68155,66905,65215,63504,62225,63197,63890
"Note: See the included footnote file."
NAICS Industry detail is based on the 2007 North American Industry Classification System (NAICS).
"Source: U.S. Department of Commerce / Bureau of Economic Analysis / Regional Product Division"
