"GeoFIPS","GeoName","Region","ComponentId","ComponentName","IndustryId","IndustryClassification","Description","2001","2002","2003","2004","2005","2006","2007","2008","2009","2010","2011","2012","2013","2014","2015"
"26420","Houston-The Woodlands-Sugar Land, TX (Metropolitan Statistical Area)"," ","200","Gross domestic product (GDP) by metropolitan area","1","...","All industry total",240945,238385,254521,286225,316468,351962,391866,415108,374070,401087,441158,469925,504708,522028,503311
"26420","Houston-The Woodlands-Sugar Land, TX (Metropolitan Statistical Area)"," ","200","Gross domestic product (GDP) by metropolitan area","2","..."," Private industries",223074,219303,233923,264676,293758,328197,366482,388436,346011,371830,411998,439785,473481,489359,469554
"26420","Houston-The Woodlands-Sugar Land, TX (Metropolitan Statistical Area)"," ","200","Gross domestic product (GDP) by metropolitan area","3","11","  Agriculture, forestry, fishing, and hunting","(D)","(D)",287,343,308,404,336,314,299,"(D)","(D)","(D)",345,336,314
"26420","Houston-The Woodlands-Sugar Land, TX (Metropolitan Statistical Area)"," ","200","Gross domestic product (GDP) by metropolitan area","4","111-112","   Farms",121,146,196,255,213,286,226,201,191,130,115,186,219,200,"(NA)"
"26420","Houston-The Woodlands-Sugar Land, TX (Metropolitan Statistical Area)"," ","200","Gross domestic product (GDP) by metropolitan area","5","113-115","   Forestry, fishing, and related activities","(D)","(D)",90,88,95,117,110,113,108,"(D)","(D)","(D)",126,137,"(NA)"
"26420","Houston-The Woodlands-Sugar Land, TX (Metropolitan Statistical Area)"," ","200","Gross domestic product (GDP) by metropolitan area","6","21","  Mining","(D)","(D)",38329,44499,59885,67677,80439,101242,65850,68225,79742,85747,98939,98940,63373
"26420","Houston-The Woodlands-Sugar Land, TX (Metropolitan Statistical Area)"," ","200","Gross domestic product (GDP) by metropolitan area","7","211","   Oil and gas extraction","(D)","(D)","(D)","(D)","(D)","(D)","(D)","(D)","(D)","(D)","(D)","(D)",86509,85239,"(NA)"
"26420","Houston-The Woodlands-Sugar Land, TX (Metropolitan Statistical Area)"," ","200","Gross domestic product (GDP) by metropolitan area","8","212","   Mining, except oil and gas","(D)","(D)","(D)","(D)","(D)","(D)","(D)","(D)","(D)","(D)","(D)","(D)",373,355,"(NA)"
"26420","Houston-The Woodlands-Sugar Land, TX (Metropolitan Statistical Area)"," ","200","Gross domestic product (GDP) by metropolitan area","9","213","   Support activities for mining","(D)","(D)","(D)","(D)","(D)","(D)","(D)","(D)","(D)","(D)",10993,11332,12057,13346,"(NA)"
"26420","Houston-The Woodlands-Sugar Land, TX (Metropolitan Statistical Area)"," ","200","Gross domestic product (GDP) by metropolitan area","10","22","  Utilities","(D)","(D)","(D)","(D)","(D)","(D)","(D)","(D)","(D)","(D)","(D)","(D)","(D)",14452,15366
"26420","Houston-The Woodlands-Sugar Land, TX (Metropolitan Statistical Area)"," ","200","Gross domestic product (GDP) by metropolitan area","11","23","  Construction",14473,15108,15642,16378,17699,20131,22260,22283,21309,20449,21002,23033,25427,27638,29625
"26420","Houston-The Woodlands-Sugar Land, TX (Metropolitan Statistical Area)"," ","200","Gross domestic product (GDP) by metropolitan area","12","31-33","  Manufacturing",34740,32126,34929,49933,50995,59195,69751,59227,56100,68836,84025,84429,91500,83309,85180
"26420","Houston-The Woodlands-Sugar Land, TX (Metropolitan Statistical Area)"," ","200","Gross domestic product (GDP) by metropolitan area","13","...","   Durable goods manufacturing",12210,12325,11999,14337,16676,19860,"(D)","(D)","(D)","(D)","(D)","(D)",27369,28919,27899
"26420","Houston-The Woodlands-Sugar Land, TX (Metropolitan Statistical Area)"," ","200","Gross domestic product (GDP) by metropolitan area","14","321","    Wood products manufacturing","(D)","(D)","(D)","(D)","(D)","(D)","(D)","(D)","(D)","(D)","(D)","(D)","(D)","(D)","(NA)"
"26420","Houston-The Woodlands-Sugar Land, TX (Metropolitan Statistical Area)"," ","200","Gross domestic product (GDP) by metropolitan area","15","327","    Nonmetallic mineral products manufacturing","(D)","(D)","(D)",745,893,847,846,"(D)","(D)","(D)","(D)","(D)","(D)","(D)","(NA)"
"26420","Houston-The Woodlands-Sugar Land, TX (Metropolitan Statistical Area)"," ","200","Gross domestic product (GDP) by metropolitan area","16","331","    Primary metals manufacturing","(D)","(D)","(D)","(D)","(D)","(D)","(D)","(D)","(D)","(D)","(D)","(D)",690,744,"(NA)"
"26420","Houston-The Woodlands-Sugar Land, TX (Metropolitan Statistical Area)"," ","200","Gross domestic product (GDP) by metropolitan area","17","332","    Fabricated metal products","(D)","(D)","(D)","(D)",3634,"(D)",5226,"(D)","(D)",4638,5647,6769,6863,7404,"(NA)"
"26420","Houston-The Woodlands-Sugar Land, TX (Metropolitan Statistical Area)"," ","200","Gross domestic product (GDP) by metropolitan area","18","333","    Machinery manufacturing","(D)","(D)","(D)","(D)","(D)","(D)","(D)","(D)","(D)","(D)","(D)","(D)",11231,"(D)","(NA)"
"26420","Houston-The Woodlands-Sugar Land, TX (Metropolitan Statistical Area)"," ","200","Gross domestic product (GDP) by metropolitan area","19","334","    Computer and electronic products manufacturing",2558,3139,"(D)","(D)","(D)","(D)","(D)","(D)","(D)","(D)","(D)","(D)","(D)","(D)","(NA)"
"26420","Houston-The Woodlands-Sugar Land, TX (Metropolitan Statistical Area)"," ","200","Gross domestic product (GDP) by metropolitan area","20","335","    Electrical equipment, appliance, and components manufacturing","(D)","(D)","(D)","(D)","(D)","(D)","(D)","(D)","(D)","(D)","(D)","(D)","(D)","(D)","(NA)"
"26420","Houston-The Woodlands-Sugar Land, TX (Metropolitan Statistical Area)"," ","200","Gross domestic product (GDP) by metropolitan area","21","3361-3363","    Motor vehicles, bodies and trailers, and parts manufacturing","(D)","(D)","(D)","(D)","(D)","(D)","(D)","(D)","(D)","(D)","(D)","(D)","(D)","(D)","(NA)"
"26420","Houston-The Woodlands-Sugar Land, TX (Metropolitan Statistical Area)"," ","200","Gross domestic product (GDP) by metropolitan area","22","3364-3366, 3369","    Other transportation equipment manufacturing","(D)","(D)","(D)","(D)","(D)","(D)","(D)","(D)","(D)","(D)","(D)","(D)",907,934,"(NA)"
"26420","Houston-The Woodlands-Sugar Land, TX (Metropolitan Statistical Area)"," ","200","Gross domestic product (GDP) by metropolitan area","23","337","    Furniture and related products manufacturing","(D)","(D)","(D)","(D)","(D)","(D)","(D)","(D)","(D)","(D)","(D)","(D)",150,150,"(NA)"
"26420","Houston-The Woodlands-Sugar Land, TX (Metropolitan Statistical Area)"," ","200","Gross domestic product (GDP) by metropolitan area","24","339","    Miscellaneous manufacturing","(D)","(D)","(D)","(D)","(D)","(D)","(D)","(D)","(D)","(D)","(D)",689,"(D)","(D)","(NA)"
"26420","Houston-The Woodlands-Sugar Land, TX (Metropolitan Statistical Area)"," ","200","Gross domestic product (GDP) by metropolitan area","25","...","   Nondurable goods manufacturing",22531,19800,22930,35597,34319,39335,"(D)","(D)","(D)","(D)","(D)","(D)",64131,54390,57281
"26420","Houston-The Woodlands-Sugar Land, TX (Metropolitan Statistical Area)"," ","200","Gross domestic product (GDP) by metropolitan area","26","311-312","    Food and beverage and tobacco products manufacturing","(D)","(D)","(D)","(D)","(D)","(D)","(D)","(D)","(D)","(D)","(D)","(D)","(D)",1955,"(NA)"
"26420","Houston-The Woodlands-Sugar Land, TX (Metropolitan Statistical Area)"," ","200","Gross domestic product (GDP) by metropolitan area","27","313-314","    Textile mills and textile product mills","(D)","(D)","(D)","(D)","(D)","(D)","(D)","(D)","(D)","(D)","(D)","(D)",67,88,"(NA)"
"26420","Houston-The Woodlands-Sugar Land, TX (Metropolitan Statistical Area)"," ","200","Gross domestic product (GDP) by metropolitan area","28","315-316","    Apparel and leather and allied products manufacturing","(D)","(D)","(D)","(D)","(D)","(D)","(D)","(D)","(D)","(D)","(D)","(D)",33,34,"(NA)"
"26420","Houston-The Woodlands-Sugar Land, TX (Metropolitan Statistical Area)"," ","200","Gross domestic product (GDP) by metropolitan area","29","322","    Paper products manufacturing","(D)","(D)","(D)","(D)","(D)","(D)","(D)","(D)","(D)","(D)","(D)","(D)",166,168,"(NA)"
"26420","Houston-The Woodlands-Sugar Land, TX (Metropolitan Statistical Area)"," ","200","Gross domestic product (GDP) by metropolitan area","30","323","    Printing and related support activities","(D)","(D)","(D)","(D)","(D)","(D)","(D)","(D)","(D)","(D)","(D)","(D)","(D)",428,"(NA)"
"26420","Houston-The Woodlands-Sugar Land, TX (Metropolitan Statistical Area)"," ","200","Gross domestic product (GDP) by metropolitan area","31","324","    Petroleum and coal products manufacturing","(D)","(D)","(D)","(D)","(D)","(D)","(D)","(D)","(D)","(D)","(D)","(D)",32891,22550,"(NA)"
"26420","Houston-The Woodlands-Sugar Land, TX (Metropolitan Statistical Area)"," ","200","Gross domestic product (GDP) by metropolitan area","32","325","    Chemical products manufacturing","(D)","(D)","(D)","(D)","(D)","(D)","(D)","(D)",17937,"(D)","(D)","(D)",27076,27607,"(NA)"
"26420","Houston-The Woodlands-Sugar Land, TX (Metropolitan Statistical Area)"," ","200","Gross domestic product (GDP) by metropolitan area","33","326","    Plastics and rubber products manufacturing","(D)","(D)","(D)","(D)","(D)","(D)","(D)","(D)","(D)","(D)","(D)","(D)",1571,1560,"(NA)"
"26420","Houston-The Woodlands-Sugar Land, TX (Metropolitan Statistical Area)"," ","200","Gross domestic product (GDP) by metropolitan area","34","42","  Wholesale trade",16450,15860,16639,18658,21025,23707,26707,28362,26825,30040,33263,38052,"(D)","(D)","(D)"
"26420","Houston-The Woodlands-Sugar Land, TX (Metropolitan Statistical Area)"," ","200","Gross domestic product (GDP) by metropolitan area","35","44-45","  Retail trade",12623,13150,13345,13481,14300,15379,16051,15938,16422,16930,17735,19336,20340,21514,22773
"26420","Houston-The Woodlands-Sugar Land, TX (Metropolitan Statistical Area)"," ","200","Gross domestic product (GDP) by metropolitan area","36","48-49","  Transportation and warehousing","(D)","(D)","(D)","(D)","(D)","(D)","(D)","(D)","(D)","(D)","(D)","(D)",19079,"(D)","(D)"
"26420","Houston-The Woodlands-Sugar Land, TX (Metropolitan Statistical Area)"," ","200","Gross domestic product (GDP) by metropolitan area","37","481","   Air transportation","(D)","(D)","(D)","(D)","(D)","(D)","(D)","(D)","(D)","(D)","(D)","(D)","(D)",3673,"(NA)"
"26420","Houston-The Woodlands-Sugar Land, TX (Metropolitan Statistical Area)"," ","200","Gross domestic product (GDP) by metropolitan area","38","482","   Rail transportation","(D)","(D)","(D)","(D)","(D)","(D)","(D)","(D)","(D)","(D)","(D)","(D)","(D)","(D)","(NA)"
"26420","Houston-The Woodlands-Sugar Land, TX (Metropolitan Statistical Area)"," ","200","Gross domestic product (GDP) by metropolitan area","39","483","   Water transportation","(D)","(D)","(D)","(D)","(D)","(D)","(D)","(D)","(D)",1110,1043,"(D)","(D)",1197,"(NA)"
"26420","Houston-The Woodlands-Sugar Land, TX (Metropolitan Statistical Area)"," ","200","Gross domestic product (GDP) by metropolitan area","40","484","   Truck transportation",1836,1992,2169,2403,2620,2973,3080,2668,2553,2952,3295,3878,3884,4136,"(NA)"
"26420","Houston-The Woodlands-Sugar Land, TX (Metropolitan Statistical Area)"," ","200","Gross domestic product (GDP) by metropolitan area","41","485","   Transit and ground passenger transportation","(D)","(D)","(D)","(D)","(D)","(D)","(D)","(D)","(D)","(D)","(D)","(D)",313,326,"(NA)"
"26420","Houston-The Woodlands-Sugar Land, TX (Metropolitan Statistical Area)"," ","200","Gross domestic product (GDP) by metropolitan area","42","486","   Pipeline transportation","(D)","(D)","(D)","(D)","(D)","(D)","(D)","(D)","(D)","(D)","(D)","(D)",4369,4718,"(NA)"
"26420","Houston-The Woodlands-Sugar Land, TX (Metropolitan Statistical Area)"," ","200","Gross domestic product (GDP) by metropolitan area","43","487-488, 492","   Other transportation and support activities","(D)","(D)","(D)","(D)","(D)","(D)","(D)","(D)","(D)","(D)","(D)","(D)",3858,4097,"(NA)"
"26420","Houston-The Woodlands-Sugar Land, TX (Metropolitan Statistical Area)"," ","200","Gross domestic product (GDP) by metropolitan area","44","493","   Warehousing and storage","(D)","(D)","(D)","(D)","(D)","(D)","(D)","(D)","(D)","(D)","(D)","(D)",1188,1372,"(NA)"
"26420","Houston-The Woodlands-Sugar Land, TX (Metropolitan Statistical Area)"," ","200","Gross domestic product (GDP) by metropolitan area","45","51","  Information",6494,7452,6930,7253,7180,7264,"(D)","(D)","(D)","(D)","(D)","(D)","(D)","(D)","(D)"
"26420","Houston-The Woodlands-Sugar Land, TX (Metropolitan Statistical Area)"," ","200","Gross domestic product (GDP) by metropolitan area","46","511","   Publishing industries, except Internet (includes software)","(D)","(D)","(D)","(D)","(D)","(D)","(D)","(D)",1488,"(D)","(D)","(D)","(D)","(D)","(NA)"
"26420","Houston-The Woodlands-Sugar Land, TX (Metropolitan Statistical Area)"," ","200","Gross domestic product (GDP) by metropolitan area","47","512","   Motion picture and sound recording industries","(D)","(D)","(D)","(D)","(D)","(D)","(D)","(D)","(D)","(D)","(D)","(D)",540,489,"(NA)"
"26420","Houston-The Woodlands-Sugar Land, TX (Metropolitan Statistical Area)"," ","200","Gross domestic product (GDP) by metropolitan area","48","515, 517","   Broadcasting and telecommunications","(D)","(D)","(D)","(D)","(D)","(D)","(D)","(D)","(D)","(D)","(D)","(D)",5146,"(D)","(NA)"
"26420","Houston-The Woodlands-Sugar Land, TX (Metropolitan Statistical Area)"," ","200","Gross domestic product (GDP) by metropolitan area","49","518, 519","   Data processing, internet publishing, and other information services","(D)","(D)","(D)","(D)","(D)","(D)","(D)","(D)","(D)","(D)","(D)","(D)","(D)",627,"(NA)"
"26420","Houston-The Woodlands-Sugar Land, TX (Metropolitan Statistical Area)"," ","200","Gross domestic product (GDP) by metropolitan area","50","52, 53","  Finance, insurance, real estate, rental, and leasing",34227,34112,34930,35882,39055,40804,43310,45368,45419,47580,50697,55781,58592,61916,65664
"26420","Houston-The Woodlands-Sugar Land, TX (Metropolitan Statistical Area)"," ","200","Gross domestic product (GDP) by metropolitan area","51","52","   Finance and insurance",12436,11765,12250,12207,13569,13899,13600,13429,13149,13662,14033,15644,15971,17412,18732
"26420","Houston-The Woodlands-Sugar Land, TX (Metropolitan Statistical Area)"," ","200","Gross domestic product (GDP) by metropolitan area","52","521-522","    Federal Reserve banks, credit intermediation, and related services","(D)","(D)","(D)","(D)","(D)","(D)","(D)","(D)","(D)","(D)","(D)","(D)","(D)","(D)","(NA)"
"26420","Houston-The Woodlands-Sugar Land, TX (Metropolitan Statistical Area)"," ","200","Gross domestic product (GDP) by metropolitan area","53","523","    Securities, commodity contracts, and investments","(D)","(D)","(D)","(D)","(D)","(D)","(D)","(D)","(D)","(D)","(D)","(D)",3885,4316,"(NA)"
"26420","Houston-The Woodlands-Sugar Land, TX (Metropolitan Statistical Area)"," ","200","Gross domestic product (GDP) by metropolitan area","54","524","    Insurance carriers and related activities","(D)","(D)","(D)","(D)",4985,5224,"(D)","(D)",5118,5107,5204,5239,"(D)",6703,"(NA)"
"26420","Houston-The Woodlands-Sugar Land, TX (Metropolitan Statistical Area)"," ","200","Gross domestic product (GDP) by metropolitan area","55","525","    Funds, trusts, and other financial vehicles","(D)","(D)","(D)","(D)","(D)","(D)","(D)","(D)","(D)","(D)","(D)","(D)","(D)","(D)","(NA)"
"26420","Houston-The Woodlands-Sugar Land, TX (Metropolitan Statistical Area)"," ","200","Gross domestic product (GDP) by metropolitan area","56","53","   Real estate and rental and leasing",21791,22348,22680,23675,25486,26905,29710,31939,32270,33917,36664,40137,42621,44504,46932
"26420","Houston-The Woodlands-Sugar Land, TX (Metropolitan Statistical Area)"," ","200","Gross domestic product (GDP) by metropolitan area","57","531","    Real estate","(D)","(D)","(D)","(D)","(D)","(D)","(D)","(D)","(D)","(D)","(D)","(D)","(D)","(D)","(NA)"
"26420","Houston-The Woodlands-Sugar Land, TX (Metropolitan Statistical Area)"," ","200","Gross domestic product (GDP) by metropolitan area","58","532-533","    Rental and leasing services and lessors of intangible assets","(D)","(D)","(D)","(D)","(D)","(D)","(D)","(D)","(D)","(D)","(D)","(D)","(D)","(D)","(NA)"
"26420","Houston-The Woodlands-Sugar Land, TX (Metropolitan Statistical Area)"," ","200","Gross domestic product (GDP) by metropolitan area","59","54, 55, 56","  Professional and business services",27240,28383,28731,31360,34731,38376,42742,46486,44506,46754,49904,53549,56039,62817,64062
"26420","Houston-The Woodlands-Sugar Land, TX (Metropolitan Statistical Area)"," ","200","Gross domestic product (GDP) by metropolitan area","60","54","   Professional, scientific, and technical services",18746,19674,"(D)","(D)","(D)","(D)","(D)",30848,"(D)","(D)","(D)","(D)","(D)","(D)","(D)"
"26420","Houston-The Woodlands-Sugar Land, TX (Metropolitan Statistical Area)"," ","200","Gross domestic product (GDP) by metropolitan area","64","55","   Management of companies and enterprises",1056,1132,"(D)","(D)","(D)","(D)","(D)","(D)","(D)","(D)","(D)","(D)","(D)","(D)","(D)"
"26420","Houston-The Woodlands-Sugar Land, TX (Metropolitan Statistical Area)"," ","200","Gross domestic product (GDP) by metropolitan area","65","56","   Administrative and waste management services",7438,7577,"(D)","(D)","(D)","(D)","(D)","(D)","(D)","(D)","(D)","(D)",15899,17475,"(D)"
"26420","Houston-The Woodlands-Sugar Land, TX (Metropolitan Statistical Area)"," ","200","Gross domestic product (GDP) by metropolitan area","66","561","    Administrative and support services","(D)","(D)","(D)",7866,8867,"(D)","(D)",11321,10891,11331,12820,13535,14647,16089,"(NA)"
"26420","Houston-The Woodlands-Sugar Land, TX (Metropolitan Statistical Area)"," ","200","Gross domestic product (GDP) by metropolitan area","67","562","    Waste management and remediation services","(D)","(D)","(D)","(D)","(D)","(D)","(D)","(D)","(D)","(D)","(D)","(D)",1253,1386,"(NA)"
"26420","Houston-The Woodlands-Sugar Land, TX (Metropolitan Statistical Area)"," ","200","Gross domestic product (GDP) by metropolitan area","68","61, 62","  Educational services, health care, and social assistance",10648,11700,12252,13039,13510,14602,15626,16918,18510,19366,20074,20794,21788,23034,24720
"26420","Houston-The Woodlands-Sugar Land, TX (Metropolitan Statistical Area)"," ","200","Gross domestic product (GDP) by metropolitan area","69","61","   Educational services","(D)","(D)","(D)","(D)","(D)",1996,"(D)","(D)","(D)","(D)","(D)","(D)","(D)",3224,"(D)"
"26420","Houston-The Woodlands-Sugar Land, TX (Metropolitan Statistical Area)"," ","200","Gross domestic product (GDP) by metropolitan area","70","62","   Health care and social assistance","(D)","(D)","(D)","(D)","(D)",12606,"(D)","(D)","(D)","(D)","(D)","(D)","(D)",19811,"(D)"
"26420","Houston-The Woodlands-Sugar Land, TX (Metropolitan Statistical Area)"," ","200","Gross domestic product (GDP) by metropolitan area","71","621","    Ambulatory health care services",5072,5531,5762,6046,6465,7006,7521,8195,8942,9454,9854,10248,10604,11120,"(NA)"
"26420","Houston-The Woodlands-Sugar Land, TX (Metropolitan Statistical Area)"," ","200","Gross domestic product (GDP) by metropolitan area","72","622-623","    Hospitals and nursing and residential care facilities","(D)","(D)","(D)","(D)","(D)","(D)","(D)","(D)","(D)","(D)","(D)","(D)","(D)",7404,"(NA)"
"26420","Houston-The Woodlands-Sugar Land, TX (Metropolitan Statistical Area)"," ","200","Gross domestic product (GDP) by metropolitan area","73","624","    Social assistance","(D)","(D)","(D)","(D)","(D)","(D)","(D)","(D)","(D)",1037,"(D)","(D)",1197,1287,"(NA)"
"26420","Houston-The Woodlands-Sugar Land, TX (Metropolitan Statistical Area)"," ","200","Gross domestic product (GDP) by metropolitan area","74","71, 72","  Arts, entertainment, recreation, accommodation, and food services",6261,6735,6953,7386,7789,8453,8810,8981,9240,9394,9727,10635,11410,12869,13979
"26420","Houston-The Woodlands-Sugar Land, TX (Metropolitan Statistical Area)"," ","200","Gross domestic product (GDP) by metropolitan area","75","71","   Arts, entertainment, and recreation",1196,1418,1463,1569,1720,1858,1919,"(D)",2063,2078,2018,2162,2264,"(D)","(D)"
"26420","Houston-The Woodlands-Sugar Land, TX (Metropolitan Statistical Area)"," ","200","Gross domestic product (GDP) by metropolitan area","76","711-712","    Performing arts, spectator sports, museums, and related activities","(D)","(D)","(D)","(D)","(D)","(D)","(D)","(D)","(D)","(D)","(D)","(D)",1235,"(D)","(NA)"
"26420","Houston-The Woodlands-Sugar Land, TX (Metropolitan Statistical Area)"," ","200","Gross domestic product (GDP) by metropolitan area","77","713","    Amusements, gambling, and recreation industries","(D)","(D)","(D)","(D)","(D)","(D)","(D)","(D)","(D)","(D)","(D)","(D)",1029,1178,"(NA)"
"26420","Houston-The Woodlands-Sugar Land, TX (Metropolitan Statistical Area)"," ","200","Gross domestic product (GDP) by metropolitan area","78","72","   Accommodation and food services",5065,5317,5490,5817,6068,6595,6892,"(D)",7176,7316,7710,8472,9146,"(D)","(D)"
"26420","Houston-The Woodlands-Sugar Land, TX (Metropolitan Statistical Area)"," ","200","Gross domestic product (GDP) by metropolitan area","79","721","    Accommodation",1047,1084,"(D)","(D)",1164,1240,1360,"(D)",1280,1238,1329,1544,1735,"(D)","(NA)"
"26420","Houston-The Woodlands-Sugar Land, TX (Metropolitan Statistical Area)"," ","200","Gross domestic product (GDP) by metropolitan area","80","722","    Food services and drinking places",4019,4233,"(D)","(D)",4904,5355,5532,5622,5896,6079,6381,6928,7411,8465,"(NA)"
"26420","Houston-The Woodlands-Sugar Land, TX (Metropolitan Statistical Area)"," ","200","Gross domestic product (GDP) by metropolitan area","81","81","  Other services, except government",4976,5304,5166,5324,5631,6118,6524,6676,"(D)",7164,7693,8334,8499,9179,9741
"26420","Houston-The Woodlands-Sugar Land, TX (Metropolitan Statistical Area)"," ","200","Gross domestic product (GDP) by metropolitan area","82","92"," Government",17871,19082,20597,21549,22710,23765,25384,26672,28060,29257,29161,30140,31227,32669,33758
"26420","Houston-The Woodlands-Sugar Land, TX (Metropolitan Statistical Area)"," ","200","Gross domestic product (GDP) by metropolitan area","83","...","  Federal civilian",2515,2766,2981,3154,3348,3491,3677,3715,3748,3900,3846,3856,3867,4016,"(NA)"
"26420","Houston-The Woodlands-Sugar Land, TX (Metropolitan Statistical Area)"," ","200","Gross domestic product (GDP) by metropolitan area","84","...","  Federal military",309,395,530,590,651,642,683,754,854,833,765,718,694,669,"(NA)"
"26420","Houston-The Woodlands-Sugar Land, TX (Metropolitan Statistical Area)"," ","200","Gross domestic product (GDP) by metropolitan area","85","...","  State and local",15046,15920,17087,17806,18711,19632,21024,22202,23458,24524,24550,25565,26667,27984,"(NA)"
"26420","Houston-The Woodlands-Sugar Land, TX (Metropolitan Statistical Area)"," ","200","Gross domestic product (GDP) by metropolitan area","86","11, 21","Natural resources and mining",31101,29743,38615,44841,60193,68081,80775,101556,66148,"(D)","(D)","(D)",99285,99276,63686
"26420","Houston-The Woodlands-Sugar Land, TX (Metropolitan Statistical Area)"," ","200","Gross domestic product (GDP) by metropolitan area","87","42, 44-45","Trade",29072,29011,29984,32139,35325,39086,42758,44299,43247,46969,50998,57388,"(D)","(D)","(D)"
"26420","Houston-The Woodlands-Sugar Land, TX (Metropolitan Statistical Area)"," ","200","Gross domestic product (GDP) by metropolitan area","88","...","Transportation and utilities",23839,19628,19792,21138,21651,26088,"(D)","(D)",26733,29262,30487,32330,"(D)","(D)","(D)"
"26420","Houston-The Woodlands-Sugar Land, TX (Metropolitan Statistical Area)"," ","200","Gross domestic product (GDP) by metropolitan area","89","...","Private goods-producing industries",80315,76976,89186,111153,128887,147406,172786,183067,143557,"(D)","(D)","(D)",216212,210224,178491
"26420","Houston-The Woodlands-Sugar Land, TX (Metropolitan Statistical Area)"," ","200","Gross domestic product (GDP) by metropolitan area","90","...","Private services-providing industries",142759,142327,144737,153523,164872,180791,193695,205369,202454,"(D)","(D)","(D)",257269,279135,291062
"26420","Houston-The Woodlands-Sugar Land, TX (Metropolitan Statistical Area)"," ","800","Quantity indexes for real GDP by metropolitan area","1","...","All industry total",83.838,83.991,82.831,87.992,88.147,93.866,100.773,99.175,100.000,101.258,104.798,110.879,117.331,120.496,125.990
"26420","Houston-The Woodlands-Sugar Land, TX (Metropolitan Statistical Area)"," ","800","Quantity indexes for real GDP by metropolitan area","2","..."," Private industries",83.676,83.629,82.109,87.703,87.782,93.883,101.135,99.300,100.000,101.246,105.230,111.642,118.496,121.740,127.614
"26420","Houston-The Woodlands-Sugar Land, TX (Metropolitan Statistical Area)"," ","800","Quantity indexes for real GDP by metropolitan area","3","11","  Agriculture, forestry, fishing, and hunting","(D)","(D)",97.710,102.753,105.196,142.720,95.137,86.749,100.000,"(D)","(D)","(D)",83.570,85.029,90.076
"26420","Houston-The Woodlands-Sugar Land, TX (Metropolitan Statistical Area)"," ","800","Quantity indexes for real GDP by metropolitan area","4","111-112","   Farms",63.141,83.478,99.420,107.978,108.625,154.765,89.912,79.139,100.000,58.467,38.482,60.406,69.638,69.471,"(NA)"
"26420","Houston-The Woodlands-Sugar Land, TX (Metropolitan Statistical Area)"," ","800","Quantity indexes for real GDP by metropolitan area","5","113-115","   Forestry, fishing, and related activities","(D)","(D)",92.016,89.251,95.544,115.591,104.512,102.068,100.000,"(D)","(D)","(D)",102.127,107.229,"(NA)"
"26420","Houston-The Woodlands-Sugar Land, TX (Metropolitan Statistical Area)"," ","800","Quantity indexes for real GDP by metropolitan area","6","21","  Mining","(D)","(D)",81.451,77.336,74.408,78.928,87.306,83.854,100.000,81.935,83.821,98.772,108.949,113.894,132.746
"26420","Houston-The Woodlands-Sugar Land, TX (Metropolitan Statistical Area)"," ","800","Quantity indexes for real GDP by metropolitan area","7","211","   Oil and gas extraction","(D)","(D)","(D)","(D)","(D)","(D)","(D)","(D)","(D)","(D)","(D)","(D)","(D)","(D)","(NA)"
"26420","Houston-The Woodlands-Sugar Land, TX (Metropolitan Statistical Area)"," ","800","Quantity indexes for real GDP by metropolitan area","8","212","   Mining, except oil and gas","(D)","(D)","(D)","(D)","(D)","(D)","(D)","(D)","(D)","(D)","(D)","(D)","(D)","(D)","(NA)"
"26420","Houston-The Woodlands-Sugar Land, TX (Metropolitan Statistical Area)"," ","800","Quantity indexes for real GDP by metropolitan area","9","213","   Support activities for mining","(D)","(D)","(D)","(D)","(D)","(D)","(D)","(D)","(D)","(D)","(D)","(D)","(D)","(D)","(NA)"
"26420","Houston-The Woodlands-Sugar Land, TX (Metropolitan Statistical Area)"," ","800","Quantity indexes for real GDP by metropolitan area","10","22","  Utilities","(D)","(D)","(D)","(D)","(D)","(D)","(D)","(D)","(D)","(D)","(D)","(D)","(D)","(D)","(D)"
"26420","Houston-The Woodlands-Sugar Land, TX (Metropolitan Statistical Area)"," ","800","Quantity indexes for real GDP by metropolitan area","11","23","  Construction",105.134,104.799,103.667,100.790,98.127,101.948,105.948,106.046,100.000,97.736,98.926,105.412,112.441,115.164,120.061
"26420","Houston-The Woodlands-Sugar Land, TX (Metropolitan Statistical Area)"," ","800","Quantity indexes for real GDP by metropolitan area","12","31-33","  Manufacturing",74.957,73.768,77.363,106.788,96.998,107.419,123.756,104.061,100.000,115.468,120.349,114.641,129.049,117.536,123.580
"26420","Houston-The Woodlands-Sugar Land, TX (Metropolitan Statistical Area)"," ","800","Quantity indexes for real GDP by metropolitan area","13","...","   Durable goods manufacturing","(D)","(D)","(D)","(D)","(D)","(D)","(D)","(D)","(D)","(D)","(D)","(D)","(D)","(D)","(D)"
"26420","Houston-The Woodlands-Sugar Land, TX (Metropolitan Statistical Area)"," ","800","Quantity indexes for real GDP by metropolitan area","14","321","    Wood products manufacturing","(D)","(D)","(D)","(D)","(D)","(D)","(D)","(D)","(D)","(D)","(D)","(D)","(D)","(D)","(NA)"
"26420","Houston-The Woodlands-Sugar Land, TX (Metropolitan Statistical Area)"," ","800","Quantity indexes for real GDP by metropolitan area","15","327","    Nonmetallic mineral products manufacturing","(D)","(D)","(D)","(D)","(D)","(D)","(D)","(D)","(D)","(D)","(D)","(D)","(D)","(D)","(NA)"
"26420","Houston-The Woodlands-Sugar Land, TX (Metropolitan Statistical Area)"," ","800","Quantity indexes for real GDP by metropolitan area","16","331","    Primary metals manufacturing","(D)","(D)","(D)","(D)","(D)","(D)","(D)","(D)","(D)","(D)","(D)","(D)","(D)","(D)","(NA)"
"26420","Houston-The Woodlands-Sugar Land, TX (Metropolitan Statistical Area)"," ","800","Quantity indexes for real GDP by metropolitan area","17","332","    Fabricated metal products","(D)","(D)","(D)","(D)","(D)","(D)","(D)","(D)","(D)","(D)","(D)","(D)","(D)","(D)","(NA)"
"26420","Houston-The Woodlands-Sugar Land, TX (Metropolitan Statistical Area)"," ","800","Quantity indexes for real GDP by metropolitan area","18","333","    Machinery manufacturing","(D)","(D)","(D)","(D)","(D)","(D)","(D)","(D)","(D)","(D)","(D)","(D)","(D)","(D)","(NA)"
"26420","Houston-The Woodlands-Sugar Land, TX (Metropolitan Statistical Area)"," ","800","Quantity indexes for real GDP by metropolitan area","19","334","    Computer and electronic products manufacturing","(D)","(D)","(D)","(D)","(D)","(D)","(D)","(D)","(D)","(D)","(D)","(D)","(D)","(D)","(NA)"
"26420","Houston-The Woodlands-Sugar Land, TX (Metropolitan Statistical Area)"," ","800","Quantity indexes for real GDP by metropolitan area","20","335","    Electrical equipment, appliance, and components manufacturing","(D)","(D)","(D)","(D)","(D)","(D)","(D)","(D)","(D)","(D)","(D)","(D)","(D)","(D)","(NA)"
"26420","Houston-The Woodlands-Sugar Land, TX (Metropolitan Statistical Area)"," ","800","Quantity indexes for real GDP by metropolitan area","21","3361-3363","    Motor vehicles, bodies and trailers, and parts manufacturing","(D)","(D)","(D)","(D)","(D)","(D)","(D)","(D)","(D)","(D)","(D)","(D)","(D)","(D)","(NA)"
"26420","Houston-The Woodlands-Sugar Land, TX (Metropolitan Statistical Area)"," ","800","Quantity indexes for real GDP by metropolitan area","22","3364-3366, 3369","    Other transportation equipment manufacturing","(D)","(D)","(D)","(D)","(D)","(D)","(D)","(D)","(D)","(D)","(D)","(D)","(D)","(D)","(NA)"
"26420","Houston-The Woodlands-Sugar Land, TX (Metropolitan Statistical Area)"," ","800","Quantity indexes for real GDP by metropolitan area","23","337","    Furniture and related products manufacturing","(D)","(D)","(D)","(D)","(D)","(D)","(D)","(D)","(D)","(D)","(D)","(D)","(D)","(D)","(NA)"
"26420","Houston-The Woodlands-Sugar Land, TX (Metropolitan Statistical Area)"," ","800","Quantity indexes for real GDP by metropolitan area","24","339","    Miscellaneous manufacturing","(D)","(D)","(D)","(D)","(D)","(D)","(D)","(D)","(D)","(D)","(D)","(D)","(D)","(D)","(NA)"
"26420","Houston-The Woodlands-Sugar Land, TX (Metropolitan Statistical Area)"," ","800","Quantity indexes for real GDP by metropolitan area","25","...","   Nondurable goods manufacturing","(D)","(D)","(D)","(D)","(D)","(D)","(D)","(D)","(D)","(D)","(D)","(D)","(D)","(D)","(D)"
"26420","Houston-The Woodlands-Sugar Land, TX (Metropolitan Statistical Area)"," ","800","Quantity indexes for real GDP by metropolitan area","26","311-312","    Food and beverage and tobacco products manufacturing","(D)","(D)","(D)","(D)","(D)","(D)","(D)","(D)","(D)","(D)","(D)","(D)","(D)","(D)","(NA)"
"26420","Houston-The Woodlands-Sugar Land, TX (Metropolitan Statistical Area)"," ","800","Quantity indexes for real GDP by metropolitan area","27","313-314","    Textile mills and textile product mills","(D)","(D)","(D)","(D)","(D)","(D)","(D)","(D)","(D)","(D)","(D)","(D)","(D)","(D)","(NA)"
"26420","Houston-The Woodlands-Sugar Land, TX (Metropolitan Statistical Area)"," ","800","Quantity indexes for real GDP by metropolitan area","28","315-316","    Apparel and leather and allied products manufacturing","(D)","(D)","(D)","(D)","(D)","(D)","(D)","(D)","(D)","(D)","(D)","(D)","(D)","(D)","(NA)"
"26420","Houston-The Woodlands-Sugar Land, TX (Metropolitan Statistical Area)"," ","800","Quantity indexes for real GDP by metropolitan area","29","322","    Paper products manufacturing","(D)","(D)","(D)","(D)","(D)","(D)","(D)","(D)","(D)","(D)","(D)","(D)","(D)","(D)","(NA)"
"26420","Houston-The Woodlands-Sugar Land, TX (Metropolitan Statistical Area)"," ","800","Quantity indexes for real GDP by metropolitan area","30","323","    Printing and related support activities","(D)","(D)","(D)","(D)","(D)","(D)","(D)","(D)","(D)","(D)","(D)","(D)","(D)","(D)","(NA)"
"26420","Houston-The Woodlands-Sugar Land, TX (Metropolitan Statistical Area)"," ","800","Quantity indexes for real GDP by metropolitan area","31","324","    Petroleum and coal products manufacturing","(D)","(D)","(D)","(D)","(D)","(D)","(D)","(D)","(D)","(D)","(D)","(D)","(D)","(D)","(NA)"
"26420","Houston-The Woodlands-Sugar Land, TX (Metropolitan Statistical Area)"," ","800","Quantity indexes for real GDP by metropolitan area","32","325","    Chemical products manufacturing","(D)","(D)","(D)","(D)","(D)","(D)","(D)","(D)",100.000,"(D)","(D)","(D)",127.514,125.531,"(NA)"
"26420","Houston-The Woodlands-Sugar Land, TX (Metropolitan Statistical Area)"," ","800","Quantity indexes for real GDP by metropolitan area","33","326","    Plastics and rubber products manufacturing","(D)","(D)","(D)","(D)","(D)","(D)","(D)","(D)","(D)","(D)","(D)","(D)","(D)","(D)","(NA)"
"26420","Houston-The Woodlands-Sugar Land, TX (Metropolitan Statistical Area)"," ","800","Quantity indexes for real GDP by metropolitan area","34","42","  Wholesale trade",74.845,72.518,76.871,83.623,91.830,100.042,110.390,113.638,100.000,109.388,118.366,131.326,"(D)","(D)","(D)"
"26420","Houston-The Woodlands-Sugar Land, TX (Metropolitan Statistical Area)"," ","800","Quantity indexes for real GDP by metropolitan area","35","44-45","  Retail trade",86.693,90.568,92.463,91.583,94.905,99.171,100.702,98.216,100.000,102.302,105.067,111.554,116.194,121.333,126.442
"26420","Houston-The Woodlands-Sugar Land, TX (Metropolitan Statistical Area)"," ","800","Quantity indexes for real GDP by metropolitan area","36","48-49","  Transportation and warehousing","(D)","(D)","(D)","(D)","(D)","(D)","(D)","(D)","(D)","(D)","(D)","(D)","(D)","(D)","(D)"
"26420","Houston-The Woodlands-Sugar Land, TX (Metropolitan Statistical Area)"," ","800","Quantity indexes for real GDP by metropolitan area","37","481","   Air transportation","(D)","(D)","(D)","(D)","(D)","(D)","(D)","(D)","(D)","(D)","(D)","(D)","(D)","(D)","(NA)"
"26420","Houston-The Woodlands-Sugar Land, TX (Metropolitan Statistical Area)"," ","800","Quantity indexes for real GDP by metropolitan area","38","482","   Rail transportation","(D)","(D)","(D)","(D)","(D)","(D)","(D)","(D)","(D)","(D)","(D)","(D)","(D)","(D)","(NA)"
"26420","Houston-The Woodlands-Sugar Land, TX (Metropolitan Statistical Area)"," ","800","Quantity indexes for real GDP by metropolitan area","39","483","   Water transportation","(D)","(D)","(D)","(D)","(D)","(D)","(D)","(D)","(D)","(D)","(D)","(D)","(D)","(D)","(NA)"
"26420","Houston-The Woodlands-Sugar Land, TX (Metropolitan Statistical Area)"," ","800","Quantity indexes for real GDP by metropolitan area","40","484","   Truck transportation",83.384,89.433,95.839,105.133,110.900,124.324,127.130,107.468,100.000,122.272,137.460,156.814,151.937,154.886,"(NA)"
"26420","Houston-The Woodlands-Sugar Land, TX (Metropolitan Statistical Area)"," ","800","Quantity indexes for real GDP by metropolitan area","41","485","   Transit and ground passenger transportation","(D)","(D)","(D)","(D)","(D)","(D)","(D)","(D)","(D)","(D)","(D)","(D)","(D)","(D)","(NA)"
"26420","Houston-The Woodlands-Sugar Land, TX (Metropolitan Statistical Area)"," ","800","Quantity indexes for real GDP by metropolitan area","42","486","   Pipeline transportation","(D)","(D)","(D)","(D)","(D)","(D)","(D)","(D)","(D)","(D)","(D)","(D)","(D)","(D)","(NA)"
"26420","Houston-The Woodlands-Sugar Land, TX (Metropolitan Statistical Area)"," ","800","Quantity indexes for real GDP by metropolitan area","43","487-488, 492","   Other transportation and support activities","(D)","(D)","(D)","(D)","(D)","(D)","(D)","(D)","(D)","(D)","(D)","(D)","(D)","(D)","(NA)"
"26420","Houston-The Woodlands-Sugar Land, TX (Metropolitan Statistical Area)"," ","800","Quantity indexes for real GDP by metropolitan area","44","493","   Warehousing and storage","(D)","(D)","(D)","(D)","(D)","(D)","(D)","(D)","(D)","(D)","(D)","(D)","(D)","(D)","(NA)"
"26420","Houston-The Woodlands-Sugar Land, TX (Metropolitan Statistical Area)"," ","800","Quantity indexes for real GDP by metropolitan area","45","51","  Information","(D)","(D)","(D)","(D)","(D)","(D)","(D)","(D)","(D)","(D)","(D)","(D)","(D)","(D)","(D)"
"26420","Houston-The Woodlands-Sugar Land, TX (Metropolitan Statistical Area)"," ","800","Quantity indexes for real GDP by metropolitan area","46","511","   Publishing industries, except Internet (includes software)","(D)","(D)","(D)","(D)","(D)","(D)","(D)","(D)",100.000,"(D)","(D)","(D)","(D)","(D)","(NA)"
"26420","Houston-The Woodlands-Sugar Land, TX (Metropolitan Statistical Area)"," ","800","Quantity indexes for real GDP by metropolitan area","47","512","   Motion picture and sound recording industries","(D)","(D)","(D)","(D)","(D)","(D)","(D)","(D)","(D)","(D)","(D)","(D)","(D)","(D)","(NA)"
"26420","Houston-The Woodlands-Sugar Land, TX (Metropolitan Statistical Area)"," ","800","Quantity indexes for real GDP by metropolitan area","48","515, 517","   Broadcasting and telecommunications","(D)","(D)","(D)","(D)","(D)","(D)","(D)","(D)","(D)","(D)","(D)","(D)","(D)","(D)","(NA)"
"26420","Houston-The Woodlands-Sugar Land, TX (Metropolitan Statistical Area)"," ","800","Quantity indexes for real GDP by metropolitan area","49","518, 519","   Data processing, internet publishing, and other information services","(D)","(D)","(D)","(D)","(D)","(D)","(D)","(D)","(D)","(D)","(D)","(D)","(D)","(D)","(NA)"
"26420","Houston-The Woodlands-Sugar Land, TX (Metropolitan Statistical Area)"," ","800","Quantity indexes for real GDP by metropolitan area","50","52, 53","  Finance, insurance, real estate, rental, and leasing",87.184,84.295,84.129,84.454,89.935,91.926,95.547,98.907,100.000,104.085,109.514,117.317,119.905,123.263,127.159
"26420","Houston-The Woodlands-Sugar Land, TX (Metropolitan Statistical Area)"," ","800","Quantity indexes for real GDP by metropolitan area","51","52","   Finance and insurance",100.616,92.998,93.965,91.115,99.070,100.211,95.890,94.552,100.000,100.162,100.519,107.045,104.782,109.663,114.553
"26420","Houston-The Woodlands-Sugar Land, TX (Metropolitan Statistical Area)"," ","800","Quantity indexes for real GDP by metropolitan area","52","521-522","    Federal Reserve banks, credit intermediation, and related services","(D)","(D)","(D)","(D)","(D)","(D)","(D)","(D)","(D)","(D)","(D)","(D)","(D)","(D)","(NA)"
"26420","Houston-The Woodlands-Sugar Land, TX (Metropolitan Statistical Area)"," ","800","Quantity indexes for real GDP by metropolitan area","53","523","    Securities, commodity contracts, and investments","(D)","(D)","(D)","(D)","(D)","(D)","(D)","(D)","(D)","(D)","(D)","(D)","(D)","(D)","(NA)"
"26420","Houston-The Woodlands-Sugar Land, TX (Metropolitan Statistical Area)"," ","800","Quantity indexes for real GDP by metropolitan area","54","524","    Insurance carriers and related activities","(D)","(D)","(D)","(D)",97.864,102.754,"(D)","(D)",100.000,98.268,97.566,96.136,"(D)",118.739,"(NA)"
"26420","Houston-The Woodlands-Sugar Land, TX (Metropolitan Statistical Area)"," ","800","Quantity indexes for real GDP by metropolitan area","55","525","    Funds, trusts, and other financial vehicles","(D)","(D)","(D)","(D)","(D)","(D)","(D)","(D)","(D)","(D)","(D)","(D)","(D)","(D)","(NA)"
"26420","Houston-The Woodlands-Sugar Land, TX (Metropolitan Statistical Area)"," ","800","Quantity indexes for real GDP by metropolitan area","56","53","   Real estate and rental and leasing",80.976,80.251,79.568,81.350,85.688,88.068,95.294,100.773,100.000,105.718,113.318,121.669,126.424,129.076,132.501
"26420","Houston-The Woodlands-Sugar Land, TX (Metropolitan Statistical Area)"," ","800","Quantity indexes for real GDP by metropolitan area","57","531","    Real estate","(D)","(D)","(D)","(D)","(D)","(D)","(D)","(D)","(D)","(D)","(D)","(D)","(D)","(D)","(NA)"
"26420","Houston-The Woodlands-Sugar Land, TX (Metropolitan Statistical Area)"," ","800","Quantity indexes for real GDP by metropolitan area","58","532-533","    Rental and leasing services and lessors of intangible assets","(D)","(D)","(D)","(D)","(D)","(D)","(D)","(D)","(D)","(D)","(D)","(D)","(D)","(D)","(NA)"
"26420","Houston-The Woodlands-Sugar Land, TX (Metropolitan Statistical Area)"," ","800","Quantity indexes for real GDP by metropolitan area","59","54, 55, 56","  Professional and business services",74.384,76.458,76.145,80.337,86.285,92.045,98.419,105.818,100.000,104.300,110.232,116.604,120.210,132.906,133.020
"26420","Houston-The Woodlands-Sugar Land, TX (Metropolitan Statistical Area)"," ","800","Quantity indexes for real GDP by metropolitan area","60","54","   Professional, scientific, and technical services","(D)","(D)","(D)","(D)","(D)","(D)","(D)","(D)","(D)","(D)","(D)","(D)","(D)","(D)","(D)"
"26420","Houston-The Woodlands-Sugar Land, TX (Metropolitan Statistical Area)"," ","800","Quantity indexes for real GDP by metropolitan area","64","55","   Management of companies and enterprises","(D)","(D)","(D)","(D)","(D)","(D)","(D)","(D)","(D)","(D)","(D)","(D)","(D)","(D)","(D)"
"26420","Houston-The Woodlands-Sugar Land, TX (Metropolitan Statistical Area)"," ","800","Quantity indexes for real GDP by metropolitan area","65","56","   Administrative and waste management services","(D)","(D)","(D)","(D)","(D)","(D)","(D)","(D)","(D)","(D)","(D)","(D)","(D)","(D)","(D)"
"26420","Houston-The Woodlands-Sugar Land, TX (Metropolitan Statistical Area)"," ","800","Quantity indexes for real GDP by metropolitan area","66","561","    Administrative and support services","(D)","(D)","(D)",78.453,87.779,"(D)","(D)",104.822,100.000,105.219,118.782,124.125,132.355,142.611,"(NA)"
"26420","Houston-The Woodlands-Sugar Land, TX (Metropolitan Statistical Area)"," ","800","Quantity indexes for real GDP by metropolitan area","67","562","    Waste management and remediation services","(D)","(D)","(D)","(D)","(D)","(D)","(D)","(D)","(D)","(D)","(D)","(D)","(D)","(D)","(NA)"
"26420","Houston-The Woodlands-Sugar Land, TX (Metropolitan Statistical Area)"," ","800","Quantity indexes for real GDP by metropolitan area","68","61, 62","  Educational services, health care, and social assistance",73.819,78.376,79.559,82.106,82.542,87.001,89.354,94.774,100.000,102.254,104.486,106.207,109.993,114.943,121.076
"26420","Houston-The Woodlands-Sugar Land, TX (Metropolitan Statistical Area)"," ","800","Quantity indexes for real GDP by metropolitan area","69","61","   Educational services","(D)","(D)","(D)","(D)","(D)","(D)","(D)","(D)","(D)","(D)","(D)","(D)","(D)","(D)","(D)"
"26420","Houston-The Woodlands-Sugar Land, TX (Metropolitan Statistical Area)"," ","800","Quantity indexes for real GDP by metropolitan area","70","62","   Health care and social assistance","(D)","(D)","(D)","(D)","(D)","(D)","(D)","(D)","(D)","(D)","(D)","(D)","(D)","(D)","(D)"
"26420","Houston-The Woodlands-Sugar Land, TX (Metropolitan Statistical Area)"," ","800","Quantity indexes for real GDP by metropolitan area","71","621","    Ambulatory health care services",68.222,73.405,74.758,76.644,80.074,85.853,88.162,94.780,100.000,103.163,106.458,109.083,112.529,117.263,"(NA)"
"26420","Houston-The Woodlands-Sugar Land, TX (Metropolitan Statistical Area)"," ","800","Quantity indexes for real GDP by metropolitan area","72","622-623","    Hospitals and nursing and residential care facilities","(D)","(D)","(D)","(D)","(D)","(D)","(D)","(D)","(D)","(D)","(D)","(D)","(D)","(D)","(NA)"
"26420","Houston-The Woodlands-Sugar Land, TX (Metropolitan Statistical Area)"," ","800","Quantity indexes for real GDP by metropolitan area","73","624","    Social assistance","(D)","(D)","(D)","(D)","(D)","(D)","(D)","(D)","(D)","(D)","(D)","(D)","(D)","(D)","(NA)"
"26420","Houston-The Woodlands-Sugar Land, TX (Metropolitan Statistical Area)"," ","800","Quantity indexes for real GDP by metropolitan area","74","71, 72","  Arts, entertainment, recreation, accommodation, and food services",88.901,92.076,93.654,97.403,98.945,103.678,103.765,102.423,100.000,101.650,105.569,111.065,115.998,127.829,132.192
"26420","Houston-The Woodlands-Sugar Land, TX (Metropolitan Statistical Area)"," ","800","Quantity indexes for real GDP by metropolitan area","75","71","   Arts, entertainment, and recreation",73.592,85.051,85.084,88.963,94.192,98.316,97.544,"(D)",100.000,100.909,97.877,101.819,104.888,"(D)","(D)"
"26420","Houston-The Woodlands-Sugar Land, TX (Metropolitan Statistical Area)"," ","800","Quantity indexes for real GDP by metropolitan area","76","711-712","    Performing arts, spectator sports, museums, and related activities","(D)","(D)","(D)","(D)","(D)","(D)","(D)","(D)","(D)","(D)","(D)","(D)","(D)","(D)","(NA)"
"26420","Houston-The Woodlands-Sugar Land, TX (Metropolitan Statistical Area)"," ","800","Quantity indexes for real GDP by metropolitan area","77","713","    Amusements, gambling, and recreation industries","(D)","(D)","(D)","(D)","(D)","(D)","(D)","(D)","(D)","(D)","(D)","(D)","(D)","(D)","(NA)"
"26420","Houston-The Woodlands-Sugar Land, TX (Metropolitan Statistical Area)"," ","800","Quantity indexes for real GDP by metropolitan area","78","72","   Accommodation and food services",93.459,94.169,96.209,99.917,100.343,105.259,105.605,"(D)",100.000,101.862,107.780,113.721,119.185,"(D)","(D)"
"26420","Houston-The Woodlands-Sugar Land, TX (Metropolitan Statistical Area)"," ","800","Quantity indexes for real GDP by metropolitan area","79","721","    Accommodation",98.315,100.725,"(D)","(D)",99.958,102.359,106.656,"(D)",100.000,97.580,103.260,116.121,127.374,"(D)","(NA)"
"26420","Houston-The Woodlands-Sugar Land, TX (Metropolitan Statistical Area)"," ","800","Quantity indexes for real GDP by metropolitan area","80","722","    Food services and drinking places",92.344,92.646,"(D)","(D)",100.457,105.975,105.404,103.123,100.000,102.786,108.755,113.186,117.395,131.322,"(NA)"
"26420","Houston-The Woodlands-Sugar Land, TX (Metropolitan Statistical Area)"," ","800","Quantity indexes for real GDP by metropolitan area","81","81","  Other services, except government","(D)","(D)","(D)","(D)","(D)","(D)","(D)","(D)","(D)","(D)","(D)","(D)","(D)","(D)","(D)"
"26420","Houston-The Woodlands-Sugar Land, TX (Metropolitan Statistical Area)"," ","800","Quantity indexes for real GDP by metropolitan area","82","92"," Government",86.426,89.096,92.468,92.076,93.267,93.733,95.902,97.629,100.000,101.414,99.183,100.868,102.042,104.181,104.961
"26420","Houston-The Woodlands-Sugar Land, TX (Metropolitan Statistical Area)"," ","800","Quantity indexes for real GDP by metropolitan area","83","...","  Federal civilian",91.204,94.650,96.960,97.776,99.492,100.664,101.910,101.008,100.000,100.290,96.595,96.607,94.775,96.115,"(NA)"
"26420","Houston-The Woodlands-Sugar Land, TX (Metropolitan Statistical Area)"," ","800","Quantity indexes for real GDP by metropolitan area","84","...","  Federal military",51.801,62.355,76.592,82.080,84.790,79.574,78.114,87.429,100.000,95.076,85.903,79.376,77.012,73.126,"(NA)"
"26420","Houston-The Woodlands-Sugar Land, TX (Metropolitan Statistical Area)"," ","800","Quantity indexes for real GDP by metropolitan area","85","...","  State and local",86.918,89.189,92.342,91.530,92.577,93.143,95.627,97.465,100.000,101.825,100.083,102.335,104.116,106.594,"(NA)"
"26420","Houston-The Woodlands-Sugar Land, TX (Metropolitan Statistical Area)"," ","800","Quantity indexes for real GDP by metropolitan area","86","11, 21","Natural resources and mining",87.551,96.326,81.480,77.424,74.521,79.156,87.333,83.864,100.000,"(D)","(D)","(D)",108.846,113.776,132.556
"26420","Houston-The Woodlands-Sugar Land, TX (Metropolitan Statistical Area)"," ","800","Quantity indexes for real GDP by metropolitan area","87","42, 44-45","Trade",79.663,79.809,83.183,86.896,93.171,99.828,106.665,107.671,100.000,106.711,113.353,123.885,"(D)","(D)","(D)"
"26420","Houston-The Woodlands-Sugar Land, TX (Metropolitan Statistical Area)"," ","800","Quantity indexes for real GDP by metropolitan area","88","...","Transportation and utilities",107.299,88.692,87.342,93.213,93.888,107.802,"(D)","(D)",100.000,109.060,112.520,118.099,"(D)","(D)","(D)"
"26420","Houston-The Woodlands-Sugar Land, TX (Metropolitan Statistical Area)"," ","800","Quantity indexes for real GDP by metropolitan area","89","...","Private goods-producing industries",82.507,85.007,80.709,90.030,84.713,91.218,101.594,93.451,100.000,"(D)","(D)","(D)",117.002,115.304,126.357
"26420","Houston-The Woodlands-Sugar Land, TX (Metropolitan Statistical Area)"," ","800","Quantity indexes for real GDP by metropolitan area","90","...","Private services-providing industries",84.156,82.705,82.830,85.948,90.160,95.906,100.420,104.485,100.000,"(D)","(D)","(D)",119.230,126.618,128.649
"26420","Houston-The Woodlands-Sugar Land, TX (Metropolitan Statistical Area)"," ","900","Real GDP by metropolitan area","1","...","All industry total",313611,314184,309847,329152,329731,351127,376961,370986,374070,378776,392018,414764,438899,450740,471290
"26420","Houston-The Woodlands-Sugar Land, TX (Metropolitan Statistical Area)"," ","900","Real GDP by metropolitan area","2","..."," Private industries",289529,289365,284105,303462,303734,324846,349938,343589,346011,350322,364105,386293,410009,421234,441557
"26420","Houston-The Woodlands-Sugar Land, TX (Metropolitan Statistical Area)"," ","900","Real GDP by metropolitan area","3","11","  Agriculture, forestry, fishing, and hunting","(D)","(D)",292,307,314,426,284,259,299,"(D)","(D)","(D)",250,254,269
"26420","Houston-The Woodlands-Sugar Land, TX (Metropolitan Statistical Area)"," ","900","Real GDP by metropolitan area","4","111-112","   Farms",120,159,190,206,207,295,171,151,191,111,73,115,133,132,"(NA)"
"26420","Houston-The Woodlands-Sugar Land, TX (Metropolitan Statistical Area)"," ","900","Real GDP by metropolitan area","5","113-115","   Forestry, fishing, and related activities","(D)","(D)",99,96,103,125,113,110,108,"(D)","(D)","(D)",110,116,"(NA)"
"26420","Houston-The Woodlands-Sugar Land, TX (Metropolitan Statistical Area)"," ","900","Real GDP by metropolitan area","6","21","  Mining","(D)","(D)",53635,50926,48998,51974,57491,55218,65850,53954,55196,65041,71743,74999,87413
"26420","Houston-The Woodlands-Sugar Land, TX (Metropolitan Statistical Area)"," ","900","Real GDP by metropolitan area","7","211","   Oil and gas extraction","(D)","(D)","(D)","(D)","(D)","(D)","(D)","(D)","(D)","(D)","(D)","(D)",60292,62490,"(NA)"
"26420","Houston-The Woodlands-Sugar Land, TX (Metropolitan Statistical Area)"," ","900","Real GDP by metropolitan area","8","212","   Mining, except oil and gas","(D)","(D)","(D)","(D)","(D)","(D)","(D)","(D)","(D)","(D)","(D)","(D)",329,321,"(NA)"
"26420","Houston-The Woodlands-Sugar Land, TX (Metropolitan Statistical Area)"," ","900","Real GDP by metropolitan area","9","213","   Support activities for mining","(D)","(D)","(D)","(D)","(D)","(D)","(D)","(D)","(D)","(D)",10662,10531,11052,12269,"(NA)"
"26420","Houston-The Woodlands-Sugar Land, TX (Metropolitan Statistical Area)"," ","900","Real GDP by metropolitan area","10","22","  Utilities","(D)","(D)","(D)","(D)","(D)","(D)","(D)","(D)","(D)","(D)","(D)","(D)","(D)",13625,13375
"26420","Houston-The Woodlands-Sugar Land, TX (Metropolitan Statistical Area)"," ","900","Real GDP by metropolitan area","11","23","  Construction",22403,22331,22090,21477,20910,21724,22576,22597,21309,20826,21080,22462,23960,24540,25583
"26420","Houston-The Woodlands-Sugar Land, TX (Metropolitan Statistical Area)"," ","900","Real GDP by metropolitan area","12","31-33","  Manufacturing",42051,41384,43400,59908,54415,60262,69426,58378,56100,64777,67516,64313,72396,65937,69328
"26420","Houston-The Woodlands-Sugar Land, TX (Metropolitan Statistical Area)"," ","900","Real GDP by metropolitan area","13","...","   Durable goods manufacturing",11706,12016,12104,14811,17172,20796,"(D)","(D)","(D)","(D)","(D)","(D)",27020,27979,25702
"26420","Houston-The Woodlands-Sugar Land, TX (Metropolitan Statistical Area)"," ","900","Real GDP by metropolitan area","14","321","    Wood products manufacturing","(D)","(D)","(D)","(D)","(D)","(D)","(D)","(D)","(D)","(D)","(D)","(D)","(D)","(D)","(NA)"
"26420","Houston-The Woodlands-Sugar Land, TX (Metropolitan Statistical Area)"," ","900","Real GDP by metropolitan area","15","327","    Nonmetallic mineral products manufacturing","(D)","(D)","(D)",890,1002,859,862,"(D)","(D)","(D)","(D)","(D)","(D)","(D)","(NA)"
"26420","Houston-The Woodlands-Sugar Land, TX (Metropolitan Statistical Area)"," ","900","Real GDP by metropolitan area","16","331","    Primary metals manufacturing","(D)","(D)","(D)","(D)","(D)","(D)","(D)","(D)","(D)","(D)","(D)","(D)",611,612,"(NA)"
"26420","Houston-The Woodlands-Sugar Land, TX (Metropolitan Statistical Area)"," ","900","Real GDP by metropolitan area","17","332","    Fabricated metal products","(D)","(D)","(D)","(D)",4492,"(D)",6339,"(D)","(D)",4983,6090,6931,6814,7353,"(NA)"
"26420","Houston-The Woodlands-Sugar Land, TX (Metropolitan Statistical Area)"," ","900","Real GDP by metropolitan area","18","333","    Machinery manufacturing","(D)","(D)","(D)","(D)","(D)","(D)","(D)","(D)","(D)","(D)","(D)","(D)",10831,"(D)","(NA)"
"26420","Houston-The Woodlands-Sugar Land, TX (Metropolitan Statistical Area)"," ","900","Real GDP by metropolitan area","19","334","    Computer and electronic products manufacturing",1300,1737,"(D)","(D)","(D)","(D)","(D)","(D)","(D)","(D)","(D)","(D)","(D)","(D)","(NA)"
"26420","Houston-The Woodlands-Sugar Land, TX (Metropolitan Statistical Area)"," ","900","Real GDP by metropolitan area","20","335","    Electrical equipment, appliance, and components manufacturing","(D)","(D)","(D)","(D)","(D)","(D)","(D)","(D)","(D)","(D)","(D)","(D)","(D)","(D)","(NA)"
"26420","Houston-The Woodlands-Sugar Land, TX (Metropolitan Statistical Area)"," ","900","Real GDP by metropolitan area","21","3361-3363","    Motor vehicles, bodies and trailers, and parts manufacturing","(D)","(D)","(D)","(D)","(D)","(D)","(D)","(D)","(D)","(D)","(D)","(D)","(D)","(D)","(NA)"
"26420","Houston-The Woodlands-Sugar Land, TX (Metropolitan Statistical Area)"," ","900","Real GDP by metropolitan area","22","3364-3366, 3369","    Other transportation equipment manufacturing","(D)","(D)","(D)","(D)","(D)","(D)","(D)","(D)","(D)","(D)","(D)","(D)",855,856,"(NA)"
"26420","Houston-The Woodlands-Sugar Land, TX (Metropolitan Statistical Area)"," ","900","Real GDP by metropolitan area","23","337","    Furniture and related products manufacturing","(D)","(D)","(D)","(D)","(D)","(D)","(D)","(D)","(D)","(D)","(D)","(D)",151,150,"(NA)"
"26420","Houston-The Woodlands-Sugar Land, TX (Metropolitan Statistical Area)"," ","900","Real GDP by metropolitan area","24","339","    Miscellaneous manufacturing","(D)","(D)","(D)","(D)","(D)","(D)","(D)","(D)","(D)","(D)","(D)",682,"(D)","(D)","(NA)"
"26420","Houston-The Woodlands-Sugar Land, TX (Metropolitan Statistical Area)"," ","900","Real GDP by metropolitan area","25","...","   Nondurable goods manufacturing",30175,28979,31097,45373,37032,39235,"(D)","(D)","(D)","(D)","(D)","(D)",45580,39047,43962
"26420","Houston-The Woodlands-Sugar Land, TX (Metropolitan Statistical Area)"," ","900","Real GDP by metropolitan area","26","311-312","    Food and beverage and tobacco products manufacturing","(D)","(D)","(D)","(D)","(D)","(D)","(D)","(D)","(D)","(D)","(D)","(D)","(D)",1747,"(NA)"
"26420","Houston-The Woodlands-Sugar Land, TX (Metropolitan Statistical Area)"," ","900","Real GDP by metropolitan area","27","313-314","    Textile mills and textile product mills","(D)","(D)","(D)","(D)","(D)","(D)","(D)","(D)","(D)","(D)","(D)","(D)",63,81,"(NA)"
"26420","Houston-The Woodlands-Sugar Land, TX (Metropolitan Statistical Area)"," ","900","Real GDP by metropolitan area","28","315-316","    Apparel and leather and allied products manufacturing","(D)","(D)","(D)","(D)","(D)","(D)","(D)","(D)","(D)","(D)","(D)","(D)",34,34,"(NA)"
"26420","Houston-The Woodlands-Sugar Land, TX (Metropolitan Statistical Area)"," ","900","Real GDP by metropolitan area","29","322","    Paper products manufacturing","(D)","(D)","(D)","(D)","(D)","(D)","(D)","(D)","(D)","(D)","(D)","(D)",152,152,"(NA)"
"26420","Houston-The Woodlands-Sugar Land, TX (Metropolitan Statistical Area)"," ","900","Real GDP by metropolitan area","30","323","    Printing and related support activities","(D)","(D)","(D)","(D)","(D)","(D)","(D)","(D)","(D)","(D)","(D)","(D)","(D)",455,"(NA)"
"26420","Houston-The Woodlands-Sugar Land, TX (Metropolitan Statistical Area)"," ","900","Real GDP by metropolitan area","31","324","    Petroleum and coal products manufacturing","(D)","(D)","(D)","(D)","(D)","(D)","(D)","(D)","(D)","(D)","(D)","(D)",18096,13171,"(NA)"
"26420","Houston-The Woodlands-Sugar Land, TX (Metropolitan Statistical Area)"," ","900","Real GDP by metropolitan area","32","325","    Chemical products manufacturing","(D)","(D)","(D)","(D)","(D)","(D)","(D)","(D)",17937,"(D)","(D)","(D)",22872,22517,"(NA)"
"26420","Houston-The Woodlands-Sugar Land, TX (Metropolitan Statistical Area)"," ","900","Real GDP by metropolitan area","33","326","    Plastics and rubber products manufacturing","(D)","(D)","(D)","(D)","(D)","(D)","(D)","(D)","(D)","(D)","(D)","(D)",1476,1487,"(NA)"
"26420","Houston-The Woodlands-Sugar Land, TX (Metropolitan Statistical Area)"," ","900","Real GDP by metropolitan area","34","42","  Wholesale trade",20077,19453,20621,22432,24633,26836,29612,30483,26825,29343,31752,35228,"(D)","(D)","(D)"
"26420","Houston-The Woodlands-Sugar Land, TX (Metropolitan Statistical Area)"," ","900","Real GDP by metropolitan area","35","44-45","  Retail trade",14237,14873,15184,15040,15586,16286,16538,16129,16422,16800,17254,18320,19082,19926,20765
"26420","Houston-The Woodlands-Sugar Land, TX (Metropolitan Statistical Area)"," ","900","Real GDP by metropolitan area","36","48-49","  Transportation and warehousing","(D)","(D)","(D)","(D)","(D)","(D)","(D)","(D)","(D)","(D)","(D)","(D)",16972,"(D)","(D)"
"26420","Houston-The Woodlands-Sugar Land, TX (Metropolitan Statistical Area)"," ","900","Real GDP by metropolitan area","37","481","   Air transportation","(D)","(D)","(D)","(D)","(D)","(D)","(D)","(D)","(D)","(D)","(D)","(D)","(D)",2887,"(NA)"
"26420","Houston-The Woodlands-Sugar Land, TX (Metropolitan Statistical Area)"," ","900","Real GDP by metropolitan area","38","482","   Rail transportation","(D)","(D)","(D)","(D)","(D)","(D)","(D)","(D)","(D)","(D)","(D)","(D)","(D)","(D)","(NA)"
"26420","Houston-The Woodlands-Sugar Land, TX (Metropolitan Statistical Area)"," ","900","Real GDP by metropolitan area","39","483","   Water transportation","(D)","(D)","(D)","(D)","(D)","(D)","(D)","(D)","(D)",971,1059,"(D)","(D)",1230,"(NA)"
"26420","Houston-The Woodlands-Sugar Land, TX (Metropolitan Statistical Area)"," ","900","Real GDP by metropolitan area","40","484","   Truck transportation",2129,2283,2446,2684,2831,3174,3245,2743,2553,3121,3509,4003,3878,3954,"(NA)"
"26420","Houston-The Woodlands-Sugar Land, TX (Metropolitan Statistical Area)"," ","900","Real GDP by metropolitan area","41","485","   Transit and ground passenger transportation","(D)","(D)","(D)","(D)","(D)","(D)","(D)","(D)","(D)","(D)","(D)","(D)",269,277,"(NA)"
"26420","Houston-The Woodlands-Sugar Land, TX (Metropolitan Statistical Area)"," ","900","Real GDP by metropolitan area","42","486","   Pipeline transportation","(D)","(D)","(D)","(D)","(D)","(D)","(D)","(D)","(D)","(D)","(D)","(D)",3551,3720,"(NA)"
"26420","Houston-The Woodlands-Sugar Land, TX (Metropolitan Statistical Area)"," ","900","Real GDP by metropolitan area","43","487-488, 492","   Other transportation and support activities","(D)","(D)","(D)","(D)","(D)","(D)","(D)","(D)","(D)","(D)","(D)","(D)",3182,3250,"(NA)"
"26420","Houston-The Woodlands-Sugar Land, TX (Metropolitan Statistical Area)"," ","900","Real GDP by metropolitan area","44","493","   Warehousing and storage","(D)","(D)","(D)","(D)","(D)","(D)","(D)","(D)","(D)","(D)","(D)","(D)",1388,1617,"(NA)"
"26420","Houston-The Woodlands-Sugar Land, TX (Metropolitan Statistical Area)"," ","900","Real GDP by metropolitan area","45","51","  Information",5957,6858,6374,6744,6856,7060,"(D)","(D)","(D)","(D)","(D)","(D)","(D)","(D)","(D)"
"26420","Houston-The Woodlands-Sugar Land, TX (Metropolitan Statistical Area)"," ","900","Real GDP by metropolitan area","46","511","   Publishing industries, except Internet (includes software)","(D)","(D)","(D)","(D)","(D)","(D)","(D)","(D)",1488,"(D)","(D)","(D)","(D)","(D)","(NA)"
"26420","Houston-The Woodlands-Sugar Land, TX (Metropolitan Statistical Area)"," ","900","Real GDP by metropolitan area","47","512","   Motion picture and sound recording industries","(D)","(D)","(D)","(D)","(D)","(D)","(D)","(D)","(D)","(D)","(D)","(D)",534,478,"(NA)"
"26420","Houston-The Woodlands-Sugar Land, TX (Metropolitan Statistical Area)"," ","900","Real GDP by metropolitan area","48","515, 517","   Broadcasting and telecommunications","(D)","(D)","(D)","(D)","(D)","(D)","(D)","(D)","(D)","(D)","(D)","(D)",5158,"(D)","(NA)"
"26420","Houston-The Woodlands-Sugar Land, TX (Metropolitan Statistical Area)"," ","900","Real GDP by metropolitan area","49","518, 519","   Data processing, internet publishing, and other information services","(D)","(D)","(D)","(D)","(D)","(D)","(D)","(D)","(D)","(D)","(D)","(D)","(D)",663,"(NA)"
"26420","Houston-The Woodlands-Sugar Land, TX (Metropolitan Statistical Area)"," ","900","Real GDP by metropolitan area","50","52, 53","  Finance, insurance, real estate, rental, and leasing",39598,38286,38210,38358,40847,41752,43396,44922,45419,47274,49740,53284,54459,55984,57754
"26420","Houston-The Woodlands-Sugar Land, TX (Metropolitan Statistical Area)"," ","900","Real GDP by metropolitan area","51","52","   Finance and insurance",13230,12228,12355,11981,13027,13177,12608,12433,13149,13170,13217,14075,13778,14420,15063
"26420","Houston-The Woodlands-Sugar Land, TX (Metropolitan Statistical Area)"," ","900","Real GDP by metropolitan area","52","521-522","    Federal Reserve banks, credit intermediation, and related services","(D)","(D)","(D)","(D)","(D)","(D)","(D)","(D)","(D)","(D)","(D)","(D)","(D)","(D)","(NA)"
"26420","Houston-The Woodlands-Sugar Land, TX (Metropolitan Statistical Area)"," ","900","Real GDP by metropolitan area","53","523","    Securities, commodity contracts, and investments","(D)","(D)","(D)","(D)","(D)","(D)","(D)","(D)","(D)","(D)","(D)","(D)",3097,3144,"(NA)"
"26420","Houston-The Woodlands-Sugar Land, TX (Metropolitan Statistical Area)"," ","900","Real GDP by metropolitan area","54","524","    Insurance carriers and related activities","(D)","(D)","(D)","(D)",5009,5259,"(D)","(D)",5118,5029,4994,4920,"(D)",6077,"(NA)"
"26420","Houston-The Woodlands-Sugar Land, TX (Metropolitan Statistical Area)"," ","900","Real GDP by metropolitan area","55","525","    Funds, trusts, and other financial vehicles","(D)","(D)","(D)","(D)","(D)","(D)","(D)","(D)","(D)","(D)","(D)","(D)","(D)","(D)","(NA)"
"26420","Houston-The Woodlands-Sugar Land, TX (Metropolitan Statistical Area)"," ","900","Real GDP by metropolitan area","56","53","   Real estate and rental and leasing",26131,25897,25676,26251,27651,28419,30751,32519,32270,34115,36567,39262,40797,41653,42758
"26420","Houston-The Woodlands-Sugar Land, TX (Metropolitan Statistical Area)"," ","900","Real GDP by metropolitan area","57","531","    Real estate","(D)","(D)","(D)","(D)","(D)","(D)","(D)","(D)","(D)","(D)","(D)","(D)","(D)","(D)","(NA)"
"26420","Houston-The Woodlands-Sugar Land, TX (Metropolitan Statistical Area)"," ","900","Real GDP by metropolitan area","58","532-533","    Rental and leasing services and lessors of intangible assets","(D)","(D)","(D)","(D)","(D)","(D)","(D)","(D)","(D)","(D)","(D)","(D)","(D)","(D)","(NA)"
"26420","Houston-The Woodlands-Sugar Land, TX (Metropolitan Statistical Area)"," ","900","Real GDP by metropolitan area","59","54, 55, 56","  Professional and business services",33106,34029,33889,35755,38402,40966,43802,47096,44506,46420,49060,51896,53501,59152,59202
"26420","Houston-The Woodlands-Sugar Land, TX (Metropolitan Statistical Area)"," ","900","Real GDP by metropolitan area","60","54","   Professional, scientific, and technical services",22903,23733,"(D)","(D)","(D)","(D)","(D)",31231,"(D)","(D)","(D)","(D)","(D)","(D)","(D)"
"26420","Houston-The Woodlands-Sugar Land, TX (Metropolitan Statistical Area)"," ","900","Real GDP by metropolitan area","64","55","   Management of companies and enterprises",1698,1788,"(D)","(D)","(D)","(D)","(D)","(D)","(D)","(D)","(D)","(D)","(D)","(D)","(D)"
"26420","Houston-The Woodlands-Sugar Land, TX (Metropolitan Statistical Area)"," ","900","Real GDP by metropolitan area","65","56","   Administrative and waste management services",8421,8449,"(D)","(D)","(D)","(D)","(D)","(D)","(D)","(D)","(D)","(D)",15564,16752,"(D)"
"26420","Houston-The Woodlands-Sugar Land, TX (Metropolitan Statistical Area)"," ","900","Real GDP by metropolitan area","66","561","    Administrative and support services","(D)","(D)","(D)",8544,9560,"(D)","(D)",11416,10891,11459,12936,13518,14415,15532,"(NA)"
"26420","Houston-The Woodlands-Sugar Land, TX (Metropolitan Statistical Area)"," ","900","Real GDP by metropolitan area","67","562","    Waste management and remediation services","(D)","(D)","(D)","(D)","(D)","(D)","(D)","(D)","(D)","(D)","(D)","(D)",1154,1227,"(NA)"
"26420","Houston-The Woodlands-Sugar Land, TX (Metropolitan Statistical Area)"," ","900","Real GDP by metropolitan area","68","61, 62","  Educational services, health care, and social assistance",13664,14507,14726,15198,15278,16104,16539,17542,18510,18927,19340,19659,20359,21276,22411
"26420","Houston-The Woodlands-Sugar Land, TX (Metropolitan Statistical Area)"," ","900","Real GDP by metropolitan area","69","61","   Educational services","(D)","(D)","(D)","(D)","(D)",2250,"(D)","(D)","(D)","(D)","(D)","(D)","(D)",2799,"(D)"
"26420","Houston-The Woodlands-Sugar Land, TX (Metropolitan Statistical Area)"," ","900","Real GDP by metropolitan area","70","62","   Health care and social assistance","(D)","(D)","(D)","(D)","(D)",13855,"(D)","(D)","(D)","(D)","(D)","(D)","(D)",18484,"(D)"
"26420","Houston-The Woodlands-Sugar Land, TX (Metropolitan Statistical Area)"," ","900","Real GDP by metropolitan area","71","621","    Ambulatory health care services",6100,6564,6685,6854,7160,7677,7884,8475,8942,9225,9520,9754,10062,10486,"(NA)"
"26420","Houston-The Woodlands-Sugar Land, TX (Metropolitan Statistical Area)"," ","900","Real GDP by metropolitan area","72","622-623","    Hospitals and nursing and residential care facilities","(D)","(D)","(D)","(D)","(D)","(D)","(D)","(D)","(D)","(D)","(D)","(D)","(D)",6848,"(NA)"
"26420","Houston-The Woodlands-Sugar Land, TX (Metropolitan Statistical Area)"," ","900","Real GDP by metropolitan area","73","624","    Social assistance","(D)","(D)","(D)","(D)","(D)","(D)","(D)","(D)","(D)",1013,"(D)","(D)",1092,1147,"(NA)"
"26420","Houston-The Woodlands-Sugar Land, TX (Metropolitan Statistical Area)"," ","900","Real GDP by metropolitan area","74","71, 72","  Arts, entertainment, recreation, accommodation, and food services",8214,8507,8653,9000,9142,9580,9587,9464,9240,9392,9754,10262,10718,11811,12214
"26420","Houston-The Woodlands-Sugar Land, TX (Metropolitan Statistical Area)"," ","900","Real GDP by metropolitan area","75","71","   Arts, entertainment, and recreation",1519,1755,1756,1836,1944,2029,2013,"(D)",2063,2082,2020,2101,2164,"(D)","(D)"
"26420","Houston-The Woodlands-Sugar Land, TX (Metropolitan Statistical Area)"," ","900","Real GDP by metropolitan area","76","711-712","    Performing arts, spectator sports, museums, and related activities","(D)","(D)","(D)","(D)","(D)","(D)","(D)","(D)","(D)","(D)","(D)","(D)",1174,"(D)","(NA)"
"26420","Houston-The Woodlands-Sugar Land, TX (Metropolitan Statistical Area)"," ","900","Real GDP by metropolitan area","77","713","    Amusements, gambling, and recreation industries","(D)","(D)","(D)","(D)","(D)","(D)","(D)","(D)","(D)","(D)","(D)","(D)",993,1122,"(NA)"
"26420","Houston-The Woodlands-Sugar Land, TX (Metropolitan Statistical Area)"," ","900","Real GDP by metropolitan area","78","72","   Accommodation and food services",6707,6758,6904,7170,7201,7554,7578,"(D)",7176,7310,7735,8161,8553,"(D)","(D)"
"26420","Houston-The Woodlands-Sugar Land, TX (Metropolitan Statistical Area)"," ","900","Real GDP by metropolitan area","79","721","    Accommodation",1258,1289,"(D)","(D)",1279,1310,1365,"(D)",1280,1249,1322,1486,1630,"(D)","(NA)"
"26420","Houston-The Woodlands-Sugar Land, TX (Metropolitan Statistical Area)"," ","900","Real GDP by metropolitan area","80","722","    Food services and drinking places",5445,5463,"(D)","(D)",5923,6249,6215,6080,5896,6061,6412,6674,6922,7743,"(NA)"
"26420","Houston-The Woodlands-Sugar Land, TX (Metropolitan Statistical Area)"," ","900","Real GDP by metropolitan area","81","81","  Other services, except government",6787,6926,6558,6552,6659,6952,7124,7010,"(D)",6981,7325,7730,7666,8073,8276
"26420","Houston-The Woodlands-Sugar Land, TX (Metropolitan Statistical Area)"," ","900","Real GDP by metropolitan area","82","92"," Government",24251,25000,25946,25836,26170,26301,26910,27394,28060,28456,27830,28303,28633,29233,29452
"26420","Houston-The Woodlands-Sugar Land, TX (Metropolitan Statistical Area)"," ","900","Real GDP by metropolitan area","83","...","  Federal civilian",3418,3547,3634,3664,3729,3773,3819,3786,3748,3759,3620,3621,3552,3602,"(NA)"
"26420","Houston-The Woodlands-Sugar Land, TX (Metropolitan Statistical Area)"," ","900","Real GDP by metropolitan area","84","...","  Federal military",442,532,654,701,724,679,667,746,854,812,733,678,657,624,"(NA)"
"26420","Houston-The Woodlands-Sugar Land, TX (Metropolitan Statistical Area)"," ","900","Real GDP by metropolitan area","85","...","  State and local",20389,20922,21662,21471,21717,21850,22432,22863,23458,23886,23478,24006,24424,25005,"(NA)"
"26420","Houston-The Woodlands-Sugar Land, TX (Metropolitan Statistical Area)"," ","900","Real GDP by metropolitan area","86","11, 21","Natural resources and mining",57913,63718,53898,51214,49295,52361,57769,55475,66148,"(D)","(D)","(D)",72000,75261,87683
"26420","Houston-The Woodlands-Sugar Land, TX (Metropolitan Statistical Area)"," ","900","Real GDP by metropolitan area","87","42, 44-45","Trade",34452,34515,35974,37580,40294,43173,46130,46565,43247,46149,49022,53577,"(D)","(D)","(D)"
"26420","Houston-The Woodlands-Sugar Land, TX (Metropolitan Statistical Area)"," ","900","Real GDP by metropolitan area","88","...","Transportation and utilities",28684,23710,23349,24919,25099,28819,"(D)","(D)",26733,29155,30080,31571,"(D)","(D)","(D)"
"26420","Houston-The Woodlands-Sugar Land, TX (Metropolitan Statistical Area)"," ","900","Real GDP by metropolitan area","89","...","Private goods-producing industries",118444,122033,115863,129244,121611,130949,145845,134156,143557,"(D)","(D)","(D)",167964,165526,181393
"26420","Houston-The Woodlands-Sugar Land, TX (Metropolitan Statistical Area)"," ","900","Real GDP by metropolitan area","90","...","Private services-providing industries",170377,167439,167693,174004,182531,194166,203304,211533,202454,"(D)","(D)","(D)",241387,256344,260455
"26420","Houston-The Woodlands-Sugar Land, TX (Metropolitan Statistical Area)"," ","1000","Per capita real GDP by metropolitan area","1","...","All industry total",65094,63638,61522,64130,63001,64740,68033,65356,64206,63670,64682,67039,69295,69449,70797
"Note: See the included footnote file."
NAICS Industry detail is based on the 2007 North American Industry Classification System (NAICS).
"Source: U.S. Department of Commerce / Bureau of Economic Analysis / Regional Product Division"
