"GeoFIPS","GeoName","Region","ComponentId","ComponentName","IndustryId","IndustryClassification","Description","2001","2002","2003","2004","2005","2006","2007","2008","2009","2010","2011","2012","2013","2014","2015"
"26980","Iowa City, IA (Metropolitan Statistical Area)"," ","200","Gross domestic product (GDP) by metropolitan area","1","...","All industry total",5157,5184,5436,5834,6047,6460,6784,7007,7169,7458,7869,8281,8780,9207,9419
"26980","Iowa City, IA (Metropolitan Statistical Area)"," ","200","Gross domestic product (GDP) by metropolitan area","2","..."," Private industries",3458,3421,3597,3923,4036,4330,4518,4558,4594,4795,5118,5377,5726,5997,6138
"26980","Iowa City, IA (Metropolitan Statistical Area)"," ","200","Gross domestic product (GDP) by metropolitan area","3","11","  Agriculture, forestry, fishing, and hunting","(D)","(D)","(D)","(D)","(D)","(D)","(D)","(D)","(D)","(D)","(D)","(D)",361,342,"(D)"
"26980","Iowa City, IA (Metropolitan Statistical Area)"," ","200","Gross domestic product (GDP) by metropolitan area","4","111-112","   Farms",55,58,63,124,78,116,126,166,128,141,274,255,328,306,"(NA)"
"26980","Iowa City, IA (Metropolitan Statistical Area)"," ","200","Gross domestic product (GDP) by metropolitan area","5","113-115","   Forestry, fishing, and related activities","(D)","(D)","(D)","(D)","(D)","(D)","(D)","(D)","(D)","(D)","(D)","(D)",33,36,"(NA)"
"26980","Iowa City, IA (Metropolitan Statistical Area)"," ","200","Gross domestic product (GDP) by metropolitan area","6","21","  Mining","(D)","(D)","(D)","(D)","(D)","(D)","(D)","(D)","(D)","(D)","(D)","(D)",18,20,"(D)"
"26980","Iowa City, IA (Metropolitan Statistical Area)"," ","200","Gross domestic product (GDP) by metropolitan area","7","211","   Oil and gas extraction","(L)","(L)","(L)","(L)","(L)","(L)","(L)","(L)","(L)","(L)","(L)","(L)","(L)","(L)","(NA)"
"26980","Iowa City, IA (Metropolitan Statistical Area)"," ","200","Gross domestic product (GDP) by metropolitan area","8","212","   Mining, except oil and gas","(D)","(D)","(D)","(D)","(D)","(D)","(D)","(D)","(D)","(D)","(D)","(D)",18,20,"(NA)"
"26980","Iowa City, IA (Metropolitan Statistical Area)"," ","200","Gross domestic product (GDP) by metropolitan area","9","213","   Support activities for mining","(L)","(L)","(L)","(L)","(L)","(L)","(L)","(L)","(L)","(L)","(L)","(L)","(L)","(L)","(NA)"
"26980","Iowa City, IA (Metropolitan Statistical Area)"," ","200","Gross domestic product (GDP) by metropolitan area","10","22","  Utilities","(D)","(D)",32,"(D)","(D)","(D)","(D)","(D)","(D)","(D)","(D)","(D)","(D)","(D)","(D)"
"26980","Iowa City, IA (Metropolitan Statistical Area)"," ","200","Gross domestic product (GDP) by metropolitan area","11","23","  Construction",185,179,208,238,259,270,266,261,293,266,271,286,291,310,335
"26980","Iowa City, IA (Metropolitan Statistical Area)"," ","200","Gross domestic product (GDP) by metropolitan area","12","31-33","  Manufacturing",622,644,649,626,582,625,583,528,517,634,649,758,828,844,830
"26980","Iowa City, IA (Metropolitan Statistical Area)"," ","200","Gross domestic product (GDP) by metropolitan area","13","...","   Durable goods manufacturing",150,142,153,224,"(D)","(D)",238,240,210,280,314,387,324,342,352
"26980","Iowa City, IA (Metropolitan Statistical Area)"," ","200","Gross domestic product (GDP) by metropolitan area","14","321","    Wood products manufacturing","(D)","(D)","(D)","(D)","(D)","(D)","(D)","(D)","(D)","(D)","(D)","(D)","(D)","(D)","(NA)"
"26980","Iowa City, IA (Metropolitan Statistical Area)"," ","200","Gross domestic product (GDP) by metropolitan area","15","327","    Nonmetallic mineral products manufacturing",14,12,13,17,13,16,12,"(D)",8,8,8,10,10,12,"(NA)"
"26980","Iowa City, IA (Metropolitan Statistical Area)"," ","200","Gross domestic product (GDP) by metropolitan area","16","331","    Primary metals manufacturing","(D)","(D)","(D)","(D)","(L)","(D)","(D)","(D)","(D)","(D)","(D)","(D)","(D)","(D)","(NA)"
"26980","Iowa City, IA (Metropolitan Statistical Area)"," ","200","Gross domestic product (GDP) by metropolitan area","17","332","    Fabricated metal products",34,26,22,14,13,13,11,10,7,8,7,8,9,9,"(NA)"
"26980","Iowa City, IA (Metropolitan Statistical Area)"," ","200","Gross domestic product (GDP) by metropolitan area","18","333","    Machinery manufacturing","(D)","(D)","(D)","(D)","(D)","(D)","(D)","(D)","(D)",38,"(D)",65,43,55,"(NA)"
"26980","Iowa City, IA (Metropolitan Statistical Area)"," ","200","Gross domestic product (GDP) by metropolitan area","19","334","    Computer and electronic products manufacturing","(D)","(D)","(D)","(D)","(D)","(D)","(D)","(D)","(D)","(D)","(D)","(D)","(D)","(D)","(NA)"
"26980","Iowa City, IA (Metropolitan Statistical Area)"," ","200","Gross domestic product (GDP) by metropolitan area","20","335","    Electrical equipment, appliance, and components manufacturing","(D)","(D)","(D)","(L)","(L)","(L)","(L)","(L)","(L)","(L)","(D)","(D)","(D)","(D)","(NA)"
"26980","Iowa City, IA (Metropolitan Statistical Area)"," ","200","Gross domestic product (GDP) by metropolitan area","21","3361-3363","    Motor vehicles, bodies and trailers, and parts manufacturing","(D)","(L)","(L)","(D)","(D)","(D)","(D)","(D)","(D)","(D)","(D)","(D)",99,"(D)","(NA)"
"26980","Iowa City, IA (Metropolitan Statistical Area)"," ","200","Gross domestic product (GDP) by metropolitan area","22","3364-3366, 3369","    Other transportation equipment manufacturing","(L)","(L)","(L)","(L)","(L)","(L)","(L)","(L)","(L)","(L)","(L)","(L)","(L)","(L)","(NA)"
"26980","Iowa City, IA (Metropolitan Statistical Area)"," ","200","Gross domestic product (GDP) by metropolitan area","23","337","    Furniture and related products manufacturing",2,"(D)","(D)","(D)","(D)",3,3,3,2,2,2,"(D)",2,"(D)","(NA)"
"26980","Iowa City, IA (Metropolitan Statistical Area)"," ","200","Gross domestic product (GDP) by metropolitan area","24","339","    Miscellaneous manufacturing","(D)","(D)","(D)","(D)","(D)","(D)","(D)","(D)","(D)","(D)","(D)","(D)","(D)","(D)","(NA)"
"26980","Iowa City, IA (Metropolitan Statistical Area)"," ","200","Gross domestic product (GDP) by metropolitan area","25","...","   Nondurable goods manufacturing",471,502,496,402,"(D)","(D)",345,288,308,354,335,371,504,502,477
"26980","Iowa City, IA (Metropolitan Statistical Area)"," ","200","Gross domestic product (GDP) by metropolitan area","26","311-312","    Food and beverage and tobacco products manufacturing","(D)","(D)","(D)","(D)","(D)",32,40,53,"(D)","(D)","(D)","(D)","(D)","(D)","(NA)"
"26980","Iowa City, IA (Metropolitan Statistical Area)"," ","200","Gross domestic product (GDP) by metropolitan area","27","313-314","    Textile mills and textile product mills","(D)","(D)","(D)","(D)","(D)","(D)","(D)","(D)","(D)","(D)","(D)","(D)","(D)",1,"(NA)"
"26980","Iowa City, IA (Metropolitan Statistical Area)"," ","200","Gross domestic product (GDP) by metropolitan area","28","315-316","    Apparel and leather and allied products manufacturing","(D)","(D)","(D)","(D)","(D)","(D)","(L)","(L)","(L)","(L)","(L)","(L)","(L)","(L)","(NA)"
"26980","Iowa City, IA (Metropolitan Statistical Area)"," ","200","Gross domestic product (GDP) by metropolitan area","29","322","    Paper products manufacturing",32,"(D)","(D)","(D)","(D)","(D)","(D)","(D)","(D)","(D)","(D)","(D)","(D)","(D)","(NA)"
"26980","Iowa City, IA (Metropolitan Statistical Area)"," ","200","Gross domestic product (GDP) by metropolitan area","30","323","    Printing and related support activities","(D)","(D)","(D)",38,34,35,"(D)","(D)",36,35,"(D)","(D)","(D)","(D)","(NA)"
"26980","Iowa City, IA (Metropolitan Statistical Area)"," ","200","Gross domestic product (GDP) by metropolitan area","31","324","    Petroleum and coal products manufacturing","(D)","(D)","(D)","(D)","(D)","(D)","(D)","(D)","(D)","(D)","(D)","(D)","(D)","(D)","(NA)"
"26980","Iowa City, IA (Metropolitan Statistical Area)"," ","200","Gross domestic product (GDP) by metropolitan area","32","325","    Chemical products manufacturing","(D)","(D)","(D)","(D)","(D)","(D)",174,131,"(D)","(D)","(D)","(D)","(D)","(D)","(NA)"
"26980","Iowa City, IA (Metropolitan Statistical Area)"," ","200","Gross domestic product (GDP) by metropolitan area","33","326","    Plastics and rubber products manufacturing","(D)","(D)","(D)","(D)","(D)","(D)","(D)","(D)","(D)","(D)","(D)","(D)",33,32,"(NA)"
"26980","Iowa City, IA (Metropolitan Statistical Area)"," ","200","Gross domestic product (GDP) by metropolitan area","34","42","  Wholesale trade",123,127,131,148,163,173,186,200,205,215,213,232,248,241,244
"26980","Iowa City, IA (Metropolitan Statistical Area)"," ","200","Gross domestic product (GDP) by metropolitan area","35","44-45","  Retail trade",333,336,356,366,376,377,390,405,423,425,447,484,510,524,553
"26980","Iowa City, IA (Metropolitan Statistical Area)"," ","200","Gross domestic product (GDP) by metropolitan area","36","48-49","  Transportation and warehousing","(D)","(D)",239,"(D)","(D)","(D)","(D)","(D)","(D)","(D)","(D)","(D)","(D)","(D)","(D)"
"26980","Iowa City, IA (Metropolitan Statistical Area)"," ","200","Gross domestic product (GDP) by metropolitan area","37","481","   Air transportation","(D)","(L)","(L)","(D)","(D)","(D)","(L)","(D)","(D)","(D)","(D)","(D)","(D)","(D)","(NA)"
"26980","Iowa City, IA (Metropolitan Statistical Area)"," ","200","Gross domestic product (GDP) by metropolitan area","38","482","   Rail transportation",7,7,7,9,9,11,12,13,14,15,15,16,17,18,"(NA)"
"26980","Iowa City, IA (Metropolitan Statistical Area)"," ","200","Gross domestic product (GDP) by metropolitan area","39","483","   Water transportation","(L)","(L)","(L)","(L)","(L)","(L)","(L)","(L)","(L)","(L)","(L)","(L)","(L)","(L)","(NA)"
"26980","Iowa City, IA (Metropolitan Statistical Area)"," ","200","Gross domestic product (GDP) by metropolitan area","40","484","   Truck transportation",133,161,202,238,266,292,298,297,262,265,259,273,261,246,"(NA)"
"26980","Iowa City, IA (Metropolitan Statistical Area)"," ","200","Gross domestic product (GDP) by metropolitan area","41","485","   Transit and ground passenger transportation","(D)","(D)","(D)","(D)","(D)","(D)","(D)","(D)","(D)","(D)","(D)","(D)","(D)","(D)","(NA)"
"26980","Iowa City, IA (Metropolitan Statistical Area)"," ","200","Gross domestic product (GDP) by metropolitan area","42","486","   Pipeline transportation",6,8,9,8,9,9,"(D)","(D)","(D)","(D)","(D)","(D)","(D)","(D)","(NA)"
"26980","Iowa City, IA (Metropolitan Statistical Area)"," ","200","Gross domestic product (GDP) by metropolitan area","43","487-488, 492","   Other transportation and support activities","(D)","(D)","(D)","(D)","(D)","(D)","(D)","(D)","(D)","(D)","(D)","(D)",20,24,"(NA)"
"26980","Iowa City, IA (Metropolitan Statistical Area)"," ","200","Gross domestic product (GDP) by metropolitan area","44","493","   Warehousing and storage",3,"(D)","(D)","(D)","(D)","(D)","(D)","(D)","(D)","(D)","(D)","(D)","(D)","(D)","(NA)"
"26980","Iowa City, IA (Metropolitan Statistical Area)"," ","200","Gross domestic product (GDP) by metropolitan area","45","51","  Information",167,226,243,306,345,311,316,346,331,331,317,272,288,334,340
"26980","Iowa City, IA (Metropolitan Statistical Area)"," ","200","Gross domestic product (GDP) by metropolitan area","46","511","   Publishing industries, except Internet (includes software)","(D)",46,31,"(D)","(D)",48,57,58,44,34,37,37,39,66,"(NA)"
"26980","Iowa City, IA (Metropolitan Statistical Area)"," ","200","Gross domestic product (GDP) by metropolitan area","47","512","   Motion picture and sound recording industries","(D)","(D)","(D)","(D)","(D)","(D)","(D)","(D)","(D)","(D)","(D)","(D)",6,"(D)","(NA)"
"26980","Iowa City, IA (Metropolitan Statistical Area)"," ","200","Gross domestic product (GDP) by metropolitan area","48","515, 517","   Broadcasting and telecommunications","(D)","(D)","(D)","(D)","(D)","(D)","(D)","(D)","(D)","(D)","(D)","(D)","(D)","(D)","(NA)"
"26980","Iowa City, IA (Metropolitan Statistical Area)"," ","200","Gross domestic product (GDP) by metropolitan area","49","518, 519","   Data processing, internet publishing, and other information services","(D)",150,"(D)","(D)","(D)","(D)",204,"(D)","(D)","(D)","(D)",183,"(D)",216,"(NA)"
"26980","Iowa City, IA (Metropolitan Statistical Area)"," ","200","Gross domestic product (GDP) by metropolitan area","50","52, 53","  Finance, insurance, real estate, rental, and leasing",979,789,797,878,932,1005,1097,975,1016,1058,1156,1148,1224,1351,1398
"26980","Iowa City, IA (Metropolitan Statistical Area)"," ","200","Gross domestic product (GDP) by metropolitan area","51","52","   Finance and insurance",184,195,244,280,306,279,335,225,253,258,289,307,313,370,388
"26980","Iowa City, IA (Metropolitan Statistical Area)"," ","200","Gross domestic product (GDP) by metropolitan area","52","521-522","    Federal Reserve banks, credit intermediation, and related services",77,84,90,76,82,83,83,81,88,81,102,"(D)","(D)","(D)","(NA)"
"26980","Iowa City, IA (Metropolitan Statistical Area)"," ","200","Gross domestic product (GDP) by metropolitan area","53","523","    Securities, commodity contracts, and investments","(D)","(D)","(D)","(D)",7,8,8,"(D)","(D)","(D)","(D)",9,"(D)",13,"(NA)"
"26980","Iowa City, IA (Metropolitan Statistical Area)"," ","200","Gross domestic product (GDP) by metropolitan area","54","524","    Insurance carriers and related activities",99,105,150,198,216,189,244,139,159,170,179,173,178,238,"(NA)"
"26980","Iowa City, IA (Metropolitan Statistical Area)"," ","200","Gross domestic product (GDP) by metropolitan area","55","525","    Funds, trusts, and other financial vehicles","(D)","(D)","(D)","(D)","(L)","(L)","(L)","(D)","(D)","(D)","(D)","(D)","(L)","(D)","(NA)"
"26980","Iowa City, IA (Metropolitan Statistical Area)"," ","200","Gross domestic product (GDP) by metropolitan area","56","53","   Real estate and rental and leasing",795,594,553,598,627,725,762,750,763,800,868,841,911,981,1011
"26980","Iowa City, IA (Metropolitan Statistical Area)"," ","200","Gross domestic product (GDP) by metropolitan area","57","531","    Real estate","(D)","(D)","(D)","(D)","(D)","(D)",702,675,686,715,783,762,821,887,"(NA)"
"26980","Iowa City, IA (Metropolitan Statistical Area)"," ","200","Gross domestic product (GDP) by metropolitan area","58","532-533","    Rental and leasing services and lessors of intangible assets","(D)","(D)","(D)","(D)","(D)","(D)",60,75,77,85,84,79,90,94,"(NA)"
"26980","Iowa City, IA (Metropolitan Statistical Area)"," ","200","Gross domestic product (GDP) by metropolitan area","59","54, 55, 56","  Professional and business services",208,220,235,236,233,290,308,337,329,355,389,434,442,463,493
"26980","Iowa City, IA (Metropolitan Statistical Area)"," ","200","Gross domestic product (GDP) by metropolitan area","60","54","   Professional, scientific, and technical services",116,119,125,129,129,139,150,172,169,171,180,211,240,238,254
"26980","Iowa City, IA (Metropolitan Statistical Area)"," ","200","Gross domestic product (GDP) by metropolitan area","64","55","   Management of companies and enterprises",9,"(D)","(D)","(D)","(D)","(D)","(D)","(D)","(D)","(D)",22,23,24,23,30
"26980","Iowa City, IA (Metropolitan Statistical Area)"," ","200","Gross domestic product (GDP) by metropolitan area","65","56","   Administrative and waste management services",84,"(D)","(D)","(D)","(D)","(D)","(D)","(D)","(D)","(D)",187,200,177,202,209
"26980","Iowa City, IA (Metropolitan Statistical Area)"," ","200","Gross domestic product (GDP) by metropolitan area","66","561","    Administrative and support services","(D)",82,91,86,83,129,134,140,134,155,178,191,170,193,"(NA)"
"26980","Iowa City, IA (Metropolitan Statistical Area)"," ","200","Gross domestic product (GDP) by metropolitan area","67","562","    Waste management and remediation services","(D)","(D)","(D)","(D)","(D)","(D)","(D)","(D)","(D)","(D)",9,9,8,9,"(NA)"
"26980","Iowa City, IA (Metropolitan Statistical Area)"," ","200","Gross domestic product (GDP) by metropolitan area","68","61, 62","  Educational services, health care, and social assistance",330,343,361,388,409,439,467,498,541,542,560,594,614,643,674
"26980","Iowa City, IA (Metropolitan Statistical Area)"," ","200","Gross domestic product (GDP) by metropolitan area","69","61","   Educational services","(D)","(D)","(D)","(D)","(D)",100,"(D)",111,125,126,130,141,152,161,164
"26980","Iowa City, IA (Metropolitan Statistical Area)"," ","200","Gross domestic product (GDP) by metropolitan area","70","62","   Health care and social assistance","(D)","(D)","(D)","(D)","(D)",339,"(D)",387,415,416,430,452,462,481,510
"26980","Iowa City, IA (Metropolitan Statistical Area)"," ","200","Gross domestic product (GDP) by metropolitan area","71","621","    Ambulatory health care services",133,140,139,147,153,"(D)",179,193,205,209,213,216,223,230,"(NA)"
"26980","Iowa City, IA (Metropolitan Statistical Area)"," ","200","Gross domestic product (GDP) by metropolitan area","72","622-623","    Hospitals and nursing and residential care facilities",100,103,113,121,127,138,143,153,163,158,170,185,185,194,"(NA)"
"26980","Iowa City, IA (Metropolitan Statistical Area)"," ","200","Gross domestic product (GDP) by metropolitan area","73","624","    Social assistance","(D)","(D)","(D)","(D)","(D)","(D)","(D)",41,47,48,47,51,54,58,"(NA)"
"26980","Iowa City, IA (Metropolitan Statistical Area)"," ","200","Gross domestic product (GDP) by metropolitan area","74","71, 72","  Arts, entertainment, recreation, accommodation, and food services",157,159,167,"(D)","(D)",208,255,265,257,258,274,306,349,373,387
"26980","Iowa City, IA (Metropolitan Statistical Area)"," ","200","Gross domestic product (GDP) by metropolitan area","75","71","   Arts, entertainment, and recreation",16,13,19,"(D)","(D)",23,27,27,26,27,25,35,66,66,67
"26980","Iowa City, IA (Metropolitan Statistical Area)"," ","200","Gross domestic product (GDP) by metropolitan area","76","711-712","    Performing arts, spectator sports, museums, and related activities",8,4,"(D)",8,11,11,12,13,"(D)","(D)",10,13,18,18,"(NA)"
"26980","Iowa City, IA (Metropolitan Statistical Area)"," ","200","Gross domestic product (GDP) by metropolitan area","77","713","    Amusements, gambling, and recreation industries",8,9,"(D)","(D)","(D)",13,15,14,"(D)","(D)",14,22,48,48,"(NA)"
"26980","Iowa City, IA (Metropolitan Statistical Area)"," ","200","Gross domestic product (GDP) by metropolitan area","78","72","   Accommodation and food services",140,146,148,154,162,185,228,238,231,231,249,271,283,306,320
"26980","Iowa City, IA (Metropolitan Statistical Area)"," ","200","Gross domestic product (GDP) by metropolitan area","79","721","    Accommodation",30,31,30,32,34,"(D)","(D)","(D)","(D)","(D)","(D)","(D)","(D)","(D)","(NA)"
"26980","Iowa City, IA (Metropolitan Statistical Area)"," ","200","Gross domestic product (GDP) by metropolitan area","80","722","    Food services and drinking places",110,115,118,122,128,"(D)","(D)","(D)","(D)","(D)","(D)","(D)","(D)","(D)","(NA)"
"26980","Iowa City, IA (Metropolitan Statistical Area)"," ","200","Gross domestic product (GDP) by metropolitan area","81","81","  Other services, except government",96,102,102,110,109,112,119,134,140,136,136,144,150,161,168
"26980","Iowa City, IA (Metropolitan Statistical Area)"," ","200","Gross domestic product (GDP) by metropolitan area","82","92"," Government",1700,1763,1838,1911,2011,2130,2266,2450,2575,2663,2750,2903,3055,3211,3281
"26980","Iowa City, IA (Metropolitan Statistical Area)"," ","200","Gross domestic product (GDP) by metropolitan area","83","...","  Federal civilian",127,153,185,155,143,154,158,162,187,193,193,197,193,222,"(NA)"
"26980","Iowa City, IA (Metropolitan Statistical Area)"," ","200","Gross domestic product (GDP) by metropolitan area","84","...","  Federal military",18,21,26,28,32,30,30,32,37,41,49,48,51,53,"(NA)"
"26980","Iowa City, IA (Metropolitan Statistical Area)"," ","200","Gross domestic product (GDP) by metropolitan area","85","...","  State and local",1555,1589,1628,1728,1836,1946,2078,2256,2351,2429,2508,2658,2811,2935,"(NA)"
"26980","Iowa City, IA (Metropolitan Statistical Area)"," ","200","Gross domestic product (GDP) by metropolitan area","86","11, 21","Natural resources and mining",66,69,76,"(D)","(D)",136,146,192,158,176,314,307,379,362,319
"26980","Iowa City, IA (Metropolitan Statistical Area)"," ","200","Gross domestic product (GDP) by metropolitan area","87","42, 44-45","Trade",456,464,487,514,539,550,576,604,628,640,660,717,758,765,797
"26980","Iowa City, IA (Metropolitan Statistical Area)"," ","200","Gross domestic product (GDP) by metropolitan area","88","...","Transportation and utilities",191,226,271,315,347,383,386,416,384,401,392,412,404,393,399
"26980","Iowa City, IA (Metropolitan Statistical Area)"," ","200","Gross domestic product (GDP) by metropolitan area","89","...","Private goods-producing industries",873,891,933,1001,936,1031,995,981,968,1075,1234,1351,1498,1515,1483
"26980","Iowa City, IA (Metropolitan Statistical Area)"," ","200","Gross domestic product (GDP) by metropolitan area","90","...","Private services-providing industries",2585,2529,2664,2922,3100,3298,3524,3576,3627,3720,3885,4026,4227,4481,4655
"26980","Iowa City, IA (Metropolitan Statistical Area)"," ","800","Quantity indexes for real GDP by metropolitan area","1","...","All industry total",88.847,87.295,89.429,93.081,93.833,97.231,98.955,99.889,100.000,102.773,106.203,109.358,113.488,116.744,117.041
"26980","Iowa City, IA (Metropolitan Statistical Area)"," ","800","Quantity indexes for real GDP by metropolitan area","2","..."," Private industries",88.618,86.149,89.189,95.222,95.806,100.213,101.936,101.026,100.000,103.980,108.584,111.340,116.199,119.717,120.423
"26980","Iowa City, IA (Metropolitan Statistical Area)"," ","800","Quantity indexes for real GDP by metropolitan area","3","11","  Agriculture, forestry, fishing, and hunting","(D)","(D)","(D)","(D)","(D)","(D)","(D)","(D)","(D)","(D)","(D)","(D)","(D)","(D)","(D)"
"26980","Iowa City, IA (Metropolitan Statistical Area)"," ","800","Quantity indexes for real GDP by metropolitan area","4","111-112","   Farms",42.796,49.441,47.443,78.044,59.634,93.130,74.591,97.075,100.000,94.821,136.043,123.349,155.119,158.715,"(NA)"
"26980","Iowa City, IA (Metropolitan Statistical Area)"," ","800","Quantity indexes for real GDP by metropolitan area","5","113-115","   Forestry, fishing, and related activities","(D)","(D)","(D)","(D)","(D)","(D)","(D)","(D)","(D)","(D)","(D)","(D)","(D)","(D)","(NA)"
"26980","Iowa City, IA (Metropolitan Statistical Area)"," ","800","Quantity indexes for real GDP by metropolitan area","6","21","  Mining","(D)","(D)","(D)","(D)","(D)","(D)","(D)","(D)","(D)","(D)","(D)","(D)","(D)","(D)","(D)"
"26980","Iowa City, IA (Metropolitan Statistical Area)"," ","800","Quantity indexes for real GDP by metropolitan area","7","211","   Oil and gas extraction",0.000,0.000,0.000,0.000,0.000,0.000,0.000,0.000,0.000,0.000,0.000,0.000,0.000,0.000,"(NA)"
"26980","Iowa City, IA (Metropolitan Statistical Area)"," ","800","Quantity indexes for real GDP by metropolitan area","8","212","   Mining, except oil and gas","(D)","(D)","(D)","(D)","(D)","(D)","(D)","(D)","(D)","(D)","(D)","(D)","(D)","(D)","(NA)"
"26980","Iowa City, IA (Metropolitan Statistical Area)"," ","800","Quantity indexes for real GDP by metropolitan area","9","213","   Support activities for mining",0.000,0.000,0.000,0.000,0.000,0.000,0.000,0.000,0.000,0.000,0.000,0.000,0.000,0.000,"(NA)"
"26980","Iowa City, IA (Metropolitan Statistical Area)"," ","800","Quantity indexes for real GDP by metropolitan area","10","22","  Utilities","(D)","(D)","(D)","(D)","(D)","(D)","(D)","(D)","(D)","(D)","(D)","(D)","(D)","(D)","(D)"
"26980","Iowa City, IA (Metropolitan Statistical Area)"," ","800","Quantity indexes for real GDP by metropolitan area","11","23","  Construction",97.864,90.416,100.459,106.762,104.604,99.689,92.084,90.409,100.000,92.443,92.880,95.293,93.880,94.008,98.770
"26980","Iowa City, IA (Metropolitan Statistical Area)"," ","800","Quantity indexes for real GDP by metropolitan area","12","31-33","  Manufacturing",129.300,133.816,135.581,133.083,122.730,130.547,123.217,109.679,100.000,124.309,126.466,142.326,151.614,150.450,141.163
"26980","Iowa City, IA (Metropolitan Statistical Area)"," ","800","Quantity indexes for real GDP by metropolitan area","13","...","   Durable goods manufacturing",60.927,57.969,64.376,97.240,"(D)","(D)",114.962,121.364,100.000,137.846,159.390,191.395,156.548,161.111,157.609
"26980","Iowa City, IA (Metropolitan Statistical Area)"," ","800","Quantity indexes for real GDP by metropolitan area","14","321","    Wood products manufacturing","(D)","(D)","(D)","(D)","(D)","(D)","(D)","(D)","(D)","(D)","(D)","(D)","(D)","(D)","(NA)"
"26980","Iowa City, IA (Metropolitan Statistical Area)"," ","800","Quantity indexes for real GDP by metropolitan area","15","327","    Nonmetallic mineral products manufacturing",207.940,175.033,190.968,246.817,179.348,192.604,150.705,"(D)",100.000,98.288,107.304,131.441,120.814,133.087,"(NA)"
"26980","Iowa City, IA (Metropolitan Statistical Area)"," ","800","Quantity indexes for real GDP by metropolitan area","16","331","    Primary metals manufacturing","(D)","(D)","(D)","(D)","(D)","(D)","(D)","(D)","(D)","(D)","(D)","(D)","(D)","(D)","(NA)"
"26980","Iowa City, IA (Metropolitan Statistical Area)"," ","800","Quantity indexes for real GDP by metropolitan area","17","332","    Fabricated metal products",630.654,477.616,421.482,254.153,222.923,228.179,193.919,166.066,100.000,115.865,115.091,123.687,126.330,131.627,"(NA)"
"26980","Iowa City, IA (Metropolitan Statistical Area)"," ","800","Quantity indexes for real GDP by metropolitan area","18","333","    Machinery manufacturing","(D)","(D)","(D)","(D)","(D)","(D)","(D)","(D)","(D)","(D)","(D)","(D)","(D)","(D)","(NA)"
"26980","Iowa City, IA (Metropolitan Statistical Area)"," ","800","Quantity indexes for real GDP by metropolitan area","19","334","    Computer and electronic products manufacturing","(D)","(D)","(D)","(D)","(D)","(D)","(D)","(D)","(D)","(D)","(D)","(D)","(D)","(D)","(NA)"
"26980","Iowa City, IA (Metropolitan Statistical Area)"," ","800","Quantity indexes for real GDP by metropolitan area","20","335","    Electrical equipment, appliance, and components manufacturing","(D)","(D)","(D)",0.000,644.025,0.000,0.000,1319.165,100.000,449.052,"(D)","(D)","(D)","(D)","(NA)"
"26980","Iowa City, IA (Metropolitan Statistical Area)"," ","800","Quantity indexes for real GDP by metropolitan area","21","3361-3363","    Motor vehicles, bodies and trailers, and parts manufacturing","(D)","(D)","(D)","(D)","(D)","(D)","(D)","(D)","(D)","(D)","(D)","(D)","(D)","(D)","(NA)"
"26980","Iowa City, IA (Metropolitan Statistical Area)"," ","800","Quantity indexes for real GDP by metropolitan area","22","3364-3366, 3369","    Other transportation equipment manufacturing",0.000,0.000,0.000,0.000,0.000,0.000,0.000,0.000,0.000,0.000,0.000,0.000,0.000,0.000,"(NA)"
"26980","Iowa City, IA (Metropolitan Statistical Area)"," ","800","Quantity indexes for real GDP by metropolitan area","23","337","    Furniture and related products manufacturing",120.105,"(D)","(D)","(D)","(D)",183.906,175.588,138.271,100.000,94.415,104.625,"(D)",84.377,"(D)","(NA)"
"26980","Iowa City, IA (Metropolitan Statistical Area)"," ","800","Quantity indexes for real GDP by metropolitan area","24","339","    Miscellaneous manufacturing","(D)","(D)","(D)","(D)","(D)","(D)","(D)","(D)","(D)","(D)","(D)","(D)","(D)","(D)","(NA)"
"26980","Iowa City, IA (Metropolitan Statistical Area)"," ","800","Quantity indexes for real GDP by metropolitan area","25","...","   Nondurable goods manufacturing",189.628,201.261,198.443,162.580,"(D)","(D)",129.848,101.576,100.000,115.196,104.938,110.757,146.581,141.990,129.343
"26980","Iowa City, IA (Metropolitan Statistical Area)"," ","800","Quantity indexes for real GDP by metropolitan area","26","311-312","    Food and beverage and tobacco products manufacturing","(D)","(D)","(D)","(D)","(D)","(D)","(D)","(D)","(D)","(D)","(D)","(D)","(D)","(D)","(NA)"
"26980","Iowa City, IA (Metropolitan Statistical Area)"," ","800","Quantity indexes for real GDP by metropolitan area","27","313-314","    Textile mills and textile product mills","(D)","(D)","(D)","(D)","(D)","(D)","(D)","(D)","(D)","(D)","(D)","(D)","(D)","(D)","(NA)"
"26980","Iowa City, IA (Metropolitan Statistical Area)"," ","800","Quantity indexes for real GDP by metropolitan area","28","315-316","    Apparel and leather and allied products manufacturing","(D)","(D)","(D)","(D)","(D)","(D)",245.632,128.329,100.000,126.795,111.085,110.425,49.099,44.319,"(NA)"
"26980","Iowa City, IA (Metropolitan Statistical Area)"," ","800","Quantity indexes for real GDP by metropolitan area","29","322","    Paper products manufacturing","(D)","(D)","(D)","(D)","(D)","(D)","(D)","(D)","(D)","(D)","(D)","(D)","(D)","(D)","(NA)"
"26980","Iowa City, IA (Metropolitan Statistical Area)"," ","800","Quantity indexes for real GDP by metropolitan area","30","323","    Printing and related support activities","(D)","(D)","(D)",107.899,94.754,92.793,"(D)","(D)",100.000,97.945,"(D)","(D)","(D)","(D)","(NA)"
"26980","Iowa City, IA (Metropolitan Statistical Area)"," ","800","Quantity indexes for real GDP by metropolitan area","31","324","    Petroleum and coal products manufacturing","(D)","(D)","(D)","(D)","(D)","(D)","(D)","(D)","(D)","(D)","(D)","(D)","(D)","(D)","(NA)"
"26980","Iowa City, IA (Metropolitan Statistical Area)"," ","800","Quantity indexes for real GDP by metropolitan area","32","325","    Chemical products manufacturing","(D)","(D)","(D)","(D)","(D)","(D)","(D)","(D)","(D)","(D)","(D)","(D)","(D)","(D)","(NA)"
"26980","Iowa City, IA (Metropolitan Statistical Area)"," ","800","Quantity indexes for real GDP by metropolitan area","33","326","    Plastics and rubber products manufacturing","(D)","(D)","(D)","(D)","(D)","(D)","(D)","(D)","(D)","(D)","(D)","(D)","(D)","(D)","(NA)"
"26980","Iowa City, IA (Metropolitan Statistical Area)"," ","800","Quantity indexes for real GDP by metropolitan area","34","42","  Wholesale trade",73.246,76.127,78.975,86.748,93.100,95.365,100.478,104.574,100.000,102.497,99.005,104.813,110.637,106.736,107.554
"26980","Iowa City, IA (Metropolitan Statistical Area)"," ","800","Quantity indexes for real GDP by metropolitan area","35","44-45","  Retail trade",88.767,89.902,95.669,96.415,96.712,94.434,94.839,96.788,100.000,99.618,102.780,108.451,113.093,114.722,119.205
"26980","Iowa City, IA (Metropolitan Statistical Area)"," ","800","Quantity indexes for real GDP by metropolitan area","36","48-49","  Transportation and warehousing","(D)","(D)","(D)","(D)","(D)","(D)","(D)","(D)","(D)","(D)","(D)","(D)","(D)","(D)","(D)"
"26980","Iowa City, IA (Metropolitan Statistical Area)"," ","800","Quantity indexes for real GDP by metropolitan area","37","481","   Air transportation","(D)","(D)","(D)","(D)","(D)","(D)","(D)","(D)","(D)","(D)","(D)","(D)","(D)","(D)","(NA)"
"26980","Iowa City, IA (Metropolitan Statistical Area)"," ","800","Quantity indexes for real GDP by metropolitan area","38","482","   Rail transportation",73.778,72.147,71.869,86.788,83.266,92.259,95.600,98.762,100.000,107.172,99.732,99.767,102.263,104.771,"(NA)"
"26980","Iowa City, IA (Metropolitan Statistical Area)"," ","800","Quantity indexes for real GDP by metropolitan area","39","483","   Water transportation",0.000,0.000,0.000,0.000,0.000,0.000,0.000,0.000,0.000,0.000,0.000,0.000,0.000,0.000,"(NA)"
"26980","Iowa City, IA (Metropolitan Statistical Area)"," ","800","Quantity indexes for real GDP by metropolitan area","40","484","   Truck transportation",58.710,70.397,86.947,101.517,109.733,118.878,119.686,116.337,100.000,106.920,105.129,107.520,99.354,89.496,"(NA)"
"26980","Iowa City, IA (Metropolitan Statistical Area)"," ","800","Quantity indexes for real GDP by metropolitan area","41","485","   Transit and ground passenger transportation","(D)","(D)","(D)","(D)","(D)","(D)","(D)","(D)","(D)","(D)","(D)","(D)","(D)","(D)","(NA)"
"26980","Iowa City, IA (Metropolitan Statistical Area)"," ","800","Quantity indexes for real GDP by metropolitan area","42","486","   Pipeline transportation","(D)","(D)","(D)","(D)","(D)","(D)","(D)","(D)","(D)","(D)","(D)","(D)","(D)","(D)","(NA)"
"26980","Iowa City, IA (Metropolitan Statistical Area)"," ","800","Quantity indexes for real GDP by metropolitan area","43","487-488, 492","   Other transportation and support activities","(D)","(D)","(D)","(D)","(D)","(D)","(D)","(D)","(D)","(D)","(D)","(D)","(D)","(D)","(NA)"
"26980","Iowa City, IA (Metropolitan Statistical Area)"," ","800","Quantity indexes for real GDP by metropolitan area","44","493","   Warehousing and storage","(D)","(D)","(D)","(D)","(D)","(D)","(D)","(D)","(D)","(D)","(D)","(D)","(D)","(D)","(NA)"
"26980","Iowa City, IA (Metropolitan Statistical Area)"," ","800","Quantity indexes for real GDP by metropolitan area","45","51","  Information",49.286,66.372,71.356,91.026,102.799,92.044,96.403,105.688,100.000,101.135,97.725,84.496,89.670,104.873,107.325
"26980","Iowa City, IA (Metropolitan Statistical Area)"," ","800","Quantity indexes for real GDP by metropolitan area","46","511","   Publishing industries, except Internet (includes software)","(D)",109.001,73.586,"(D)","(D)",112.169,132.565,133.340,100.000,77.446,83.593,83.819,87.966,147.502,"(NA)"
"26980","Iowa City, IA (Metropolitan Statistical Area)"," ","800","Quantity indexes for real GDP by metropolitan area","47","512","   Motion picture and sound recording industries","(D)","(D)","(D)","(D)","(D)","(D)","(D)","(D)","(D)","(D)","(D)","(D)","(D)","(D)","(NA)"
"26980","Iowa City, IA (Metropolitan Statistical Area)"," ","800","Quantity indexes for real GDP by metropolitan area","48","515, 517","   Broadcasting and telecommunications","(D)","(D)","(D)","(D)","(D)","(D)","(D)","(D)","(D)","(D)","(D)","(D)","(D)","(D)","(NA)"
"26980","Iowa City, IA (Metropolitan Statistical Area)"," ","800","Quantity indexes for real GDP by metropolitan area","49","518, 519","   Data processing, internet publishing, and other information services","(D)","(D)","(D)","(D)","(D)","(D)","(D)","(D)","(D)","(D)","(D)","(D)","(D)","(D)","(NA)"
"26980","Iowa City, IA (Metropolitan Statistical Area)"," ","800","Quantity indexes for real GDP by metropolitan area","50","52, 53","  Finance, insurance, real estate, rental, and leasing",112.174,87.494,85.992,92.540,96.177,101.543,109.328,96.216,100.000,103.779,112.136,108.680,113.062,121.727,122.871
"26980","Iowa City, IA (Metropolitan Statistical Area)"," ","800","Quantity indexes for real GDP by metropolitan area","51","52","   Finance and insurance",77.598,80.474,97.121,108.012,115.453,104.875,125.775,85.136,100.000,98.972,108.429,111.155,109.875,125.756,129.456
"26980","Iowa City, IA (Metropolitan Statistical Area)"," ","800","Quantity indexes for real GDP by metropolitan area","52","521-522","    Federal Reserve banks, credit intermediation, and related services",83.157,89.646,92.732,77.653,82.342,80.683,80.023,78.700,100.000,87.805,109.743,"(D)","(D)","(D)","(NA)"
"26980","Iowa City, IA (Metropolitan Statistical Area)"," ","800","Quantity indexes for real GDP by metropolitan area","53","523","    Securities, commodity contracts, and investments","(D)","(D)","(D)","(D)","(D)","(D)","(D)","(D)","(D)","(D)","(D)","(D)","(D)","(D)","(NA)"
"26980","Iowa City, IA (Metropolitan Statistical Area)"," ","800","Quantity indexes for real GDP by metropolitan area","54","524","    Insurance carriers and related activities",70.538,73.734,100.023,127.861,136.413,119.611,154.941,89.380,100.000,105.388,107.763,102.244,103.858,135.561,"(NA)"
"26980","Iowa City, IA (Metropolitan Statistical Area)"," ","800","Quantity indexes for real GDP by metropolitan area","55","525","    Funds, trusts, and other financial vehicles","(D)","(D)","(D)","(D)","(D)","(D)","(D)","(D)","(D)","(D)","(D)","(D)","(D)","(D)","(NA)"
"26980","Iowa City, IA (Metropolitan Statistical Area)"," ","800","Quantity indexes for real GDP by metropolitan area","56","53","   Real estate and rental and leasing",124.959,90.077,81.859,86.783,88.994,100.288,103.286,100.017,100.000,105.403,113.377,107.755,114.149,120.221,120.447
"26980","Iowa City, IA (Metropolitan Statistical Area)"," ","800","Quantity indexes for real GDP by metropolitan area","57","531","    Real estate","(D)","(D)","(D)","(D)","(D)","(D)",105.310,99.820,100.000,104.835,113.854,108.433,114.171,120.283,"(NA)"
"26980","Iowa City, IA (Metropolitan Statistical Area)"," ","800","Quantity indexes for real GDP by metropolitan area","58","532-533","    Rental and leasing services and lessors of intangible assets","(D)","(D)","(D)","(D)","(D)","(D)",83.842,101.792,100.000,110.468,109.137,101.702,114.065,119.765,"(NA)"
"26980","Iowa City, IA (Metropolitan Statistical Area)"," ","800","Quantity indexes for real GDP by metropolitan area","59","54, 55, 56","  Professional and business services",76.231,79.460,83.810,81.321,77.986,93.775,96.238,103.500,100.000,107.229,116.719,128.414,128.706,132.635,138.462
"26980","Iowa City, IA (Metropolitan Statistical Area)"," ","800","Quantity indexes for real GDP by metropolitan area","60","54","   Professional, scientific, and technical services",84.363,85.703,87.687,87.802,84.264,87.914,91.332,102.990,100.000,99.929,103.595,119.130,133.418,129.855,136.833
"26980","Iowa City, IA (Metropolitan Statistical Area)"," ","800","Quantity indexes for real GDP by metropolitan area","64","55","   Management of companies and enterprises","(D)","(D)","(D)","(D)","(D)","(D)","(D)","(D)","(D)","(D)","(D)","(D)","(D)","(D)","(D)"
"26980","Iowa City, IA (Metropolitan Statistical Area)"," ","800","Quantity indexes for real GDP by metropolitan area","65","56","   Administrative and waste management services","(D)","(D)","(D)","(D)","(D)","(D)","(D)","(D)","(D)","(D)","(D)","(D)","(D)","(D)","(D)"
"26980","Iowa City, IA (Metropolitan Statistical Area)"," ","800","Quantity indexes for real GDP by metropolitan area","66","561","    Administrative and support services","(D)",68.262,75.782,69.564,66.800,101.127,101.961,105.131,100.000,117.145,133.778,142.401,124.429,138.616,"(NA)"
"26980","Iowa City, IA (Metropolitan Statistical Area)"," ","800","Quantity indexes for real GDP by metropolitan area","67","562","    Waste management and remediation services","(D)","(D)","(D)","(D)","(D)","(D)","(D)","(D)","(D)","(D)","(D)","(D)","(D)","(D)","(NA)"
"26980","Iowa City, IA (Metropolitan Statistical Area)"," ","800","Quantity indexes for real GDP by metropolitan area","68","61, 62","  Educational services, health care, and social assistance",79.302,79.377,81.055,84.317,86.082,89.672,91.854,95.630,100.000,97.888,99.521,103.383,105.284,108.706,111.295
"26980","Iowa City, IA (Metropolitan Statistical Area)"," ","800","Quantity indexes for real GDP by metropolitan area","69","61","   Educational services","(D)","(D)","(D)","(D)","(D)",89.770,"(D)",92.458,100.000,97.818,97.752,103.178,107.642,111.595,109.103
"26980","Iowa City, IA (Metropolitan Statistical Area)"," ","800","Quantity indexes for real GDP by metropolitan area","70","62","   Health care and social assistance","(D)","(D)","(D)","(D)","(D)",89.651,"(D)",96.587,100.000,97.910,100.062,103.438,104.528,107.779,112.030
"26980","Iowa City, IA (Metropolitan Statistical Area)"," ","800","Quantity indexes for real GDP by metropolitan area","71","621","    Ambulatory health care services",78.034,80.927,78.965,81.298,82.910,"(D)",91.433,97.564,100.000,99.731,100.416,100.399,103.284,105.742,"(NA)"
"26980","Iowa City, IA (Metropolitan Statistical Area)"," ","800","Quantity indexes for real GDP by metropolitan area","72","622-623","    Hospitals and nursing and residential care facilities",83.133,81.075,85.272,87.664,89.016,93.331,93.528,97.751,100.000,94.999,101.043,107.740,106.127,109.786,"(NA)"
"26980","Iowa City, IA (Metropolitan Statistical Area)"," ","800","Quantity indexes for real GDP by metropolitan area","73","624","    Social assistance","(D)","(D)","(D)","(D)","(D)","(D)","(D)",88.374,100.000,100.029,95.227,101.800,104.464,109.633,"(NA)"
"26980","Iowa City, IA (Metropolitan Statistical Area)"," ","800","Quantity indexes for real GDP by metropolitan area","74","71, 72","  Arts, entertainment, recreation, accommodation, and food services",78.835,76.859,79.974,"(D)","(D)",90.659,106.988,107.442,100.000,100.504,106.882,114.765,127.428,132.804,131.863
"26980","Iowa City, IA (Metropolitan Statistical Area)"," ","800","Quantity indexes for real GDP by metropolitan area","75","71","   Arts, entertainment, and recreation",78.682,60.876,88.199,"(D)","(D)",99.756,108.883,108.958,100.000,104.963,96.509,132.400,246.457,244.207,239.061
"26980","Iowa City, IA (Metropolitan Statistical Area)"," ","800","Quantity indexes for real GDP by metropolitan area","76","711-712","    Performing arts, spectator sports, museums, and related activities","(D)","(D)","(D)","(D)","(D)","(D)","(D)","(D)","(D)","(D)","(D)","(D)","(D)","(D)","(NA)"
"26980","Iowa City, IA (Metropolitan Statistical Area)"," ","800","Quantity indexes for real GDP by metropolitan area","77","713","    Amusements, gambling, and recreation industries","(D)","(D)","(D)","(D)","(D)","(D)","(D)","(D)","(D)","(D)","(D)","(D)","(D)","(D)","(NA)"
"26980","Iowa City, IA (Metropolitan Statistical Area)"," ","800","Quantity indexes for real GDP by metropolitan area","78","72","   Accommodation and food services",78.867,78.701,79.045,80.686,81.434,89.624,106.776,107.272,100.000,100.011,108.025,112.831,114.453,120.643,120.150
"26980","Iowa City, IA (Metropolitan Statistical Area)"," ","800","Quantity indexes for real GDP by metropolitan area","79","721","    Accommodation","(D)","(D)","(D)","(D)","(D)","(D)","(D)","(D)","(D)","(D)","(D)","(D)","(D)","(D)","(NA)"
"26980","Iowa City, IA (Metropolitan Statistical Area)"," ","800","Quantity indexes for real GDP by metropolitan area","80","722","    Food services and drinking places","(D)","(D)","(D)","(D)","(D)","(D)","(D)","(D)","(D)","(D)","(D)","(D)","(D)","(D)","(NA)"
"26980","Iowa City, IA (Metropolitan Statistical Area)"," ","800","Quantity indexes for real GDP by metropolitan area","81","81","  Other services, except government",93.911,94.923,92.885,96.992,92.547,91.231,93.101,100.730,100.000,94.873,92.874,95.634,96.924,101.189,101.765
"26980","Iowa City, IA (Metropolitan Statistical Area)"," ","800","Quantity indexes for real GDP by metropolitan area","82","92"," Government",89.591,89.909,90.236,89.256,90.329,91.837,93.567,97.851,100.000,100.645,102.025,105.879,108.728,111.525,111.111
"26980","Iowa City, IA (Metropolitan Statistical Area)"," ","800","Quantity indexes for real GDP by metropolitan area","83","...","  Federal civilian",92.086,105.093,120.556,96.251,85.311,88.767,87.785,88.204,100.000,99.474,97.293,98.892,94.575,106.678,"(NA)"
"26980","Iowa City, IA (Metropolitan Statistical Area)"," ","800","Quantity indexes for real GDP by metropolitan area","84","...","  Federal military",69.664,74.474,85.032,88.882,94.270,86.362,77.942,83.943,100.000,107.185,125.909,121.773,129.261,133.141,"(NA)"
"26980","Iowa City, IA (Metropolitan Statistical Area)"," ","800","Quantity indexes for real GDP by metropolitan area","85","...","  State and local",89.635,88.864,87.784,88.654,90.650,92.153,94.339,98.848,100.000,100.635,102.026,106.188,109.534,111.576,"(NA)"
"26980","Iowa City, IA (Metropolitan Statistical Area)"," ","800","Quantity indexes for real GDP by metropolitan area","86","11, 21","Natural resources and mining",46.242,51.537,50.995,"(D)","(D)",91.760,74.825,96.364,100.000,97.336,133.851,127.551,154.558,159.615,168.968
"26980","Iowa City, IA (Metropolitan Statistical Area)"," ","800","Quantity indexes for real GDP by metropolitan area","87","42, 44-45","Trade",84.008,85.684,90.552,93.473,95.651,94.788,96.932,99.280,100.000,100.563,101.527,107.243,112.277,112.075,115.350
"26980","Iowa City, IA (Metropolitan Statistical Area)"," ","800","Quantity indexes for real GDP by metropolitan area","88","...","Transportation and utilities",59.279,69.778,82.105,94.255,100.325,108.330,107.382,112.976,100.000,108.641,106.375,109.498,104.317,97.106,91.459
"26980","Iowa City, IA (Metropolitan Statistical Area)"," ","800","Quantity indexes for real GDP by metropolitan area","89","...","Private goods-producing industries",104.488,106.236,109.554,114.882,105.734,113.420,104.286,101.464,100.000,110.131,118.886,126.006,136.258,136.792,135.162
"26980","Iowa City, IA (Metropolitan Statistical Area)"," ","800","Quantity indexes for real GDP by metropolitan area","90","...","Private services-providing industries",84.345,80.736,83.701,89.919,93.101,96.632,101.294,100.909,100.000,102.331,105.793,107.313,110.632,115.010,116.368
"26980","Iowa City, IA (Metropolitan Statistical Area)"," ","900","Real GDP by metropolitan area","1","...","All industry total",6369,6258,6411,6673,6727,6970,7094,7161,7169,7368,7614,7840,8136,8369,8391
"26980","Iowa City, IA (Metropolitan Statistical Area)"," ","900","Real GDP by metropolitan area","2","..."," Private industries",4071,3958,4097,4375,4401,4604,4683,4641,4594,4777,4988,5115,5338,5500,5532
"26980","Iowa City, IA (Metropolitan Statistical Area)"," ","900","Real GDP by metropolitan area","3","11","  Agriculture, forestry, fishing, and hunting","(D)","(D)","(D)","(D)","(D)","(D)","(D)","(D)","(D)","(D)","(D)","(D)",227,233,"(D)"
"26980","Iowa City, IA (Metropolitan Statistical Area)"," ","900","Real GDP by metropolitan area","4","111-112","   Farms",55,63,61,100,76,119,95,124,128,121,174,158,198,203,"(NA)"
"26980","Iowa City, IA (Metropolitan Statistical Area)"," ","900","Real GDP by metropolitan area","5","113-115","   Forestry, fishing, and related activities","(D)","(D)","(D)","(D)","(D)","(D)","(D)","(D)","(D)","(D)","(D)","(D)",29,30,"(NA)"
"26980","Iowa City, IA (Metropolitan Statistical Area)"," ","900","Real GDP by metropolitan area","6","21","  Mining","(D)","(D)","(D)","(D)","(D)","(D)","(D)","(D)","(D)","(D)","(D)","(D)",15,18,"(D)"
"26980","Iowa City, IA (Metropolitan Statistical Area)"," ","900","Real GDP by metropolitan area","7","211","   Oil and gas extraction","(L)","(L)","(L)","(L)","(L)","(L)","(L)","(L)","(L)","(L)","(L)","(L)","(L)","(L)","(NA)"
"26980","Iowa City, IA (Metropolitan Statistical Area)"," ","900","Real GDP by metropolitan area","8","212","   Mining, except oil and gas","(D)","(D)","(D)","(D)","(D)","(D)","(D)","(D)","(D)","(D)","(D)","(D)",15,18,"(NA)"
"26980","Iowa City, IA (Metropolitan Statistical Area)"," ","900","Real GDP by metropolitan area","9","213","   Support activities for mining","(L)","(L)","(L)","(L)","(L)","(L)","(L)","(L)","(L)","(L)","(L)","(L)","(L)","(L)","(NA)"
"26980","Iowa City, IA (Metropolitan Statistical Area)"," ","900","Real GDP by metropolitan area","10","22","  Utilities","(D)","(D)",44,"(D)","(D)","(D)","(D)","(D)","(D)","(D)","(D)","(D)","(D)","(D)","(D)"
"26980","Iowa City, IA (Metropolitan Statistical Area)"," ","900","Real GDP by metropolitan area","11","23","  Construction",286,265,294,312,306,292,269,264,293,270,272,279,275,275,289
"26980","Iowa City, IA (Metropolitan Statistical Area)"," ","900","Real GDP by metropolitan area","12","31-33","  Manufacturing",669,692,702,689,635,676,638,568,517,643,654,736,785,779,730
"26980","Iowa City, IA (Metropolitan Statistical Area)"," ","900","Real GDP by metropolitan area","13","...","   Durable goods manufacturing",128,122,135,204,"(D)","(D)",241,254,210,289,334,401,328,338,330
"26980","Iowa City, IA (Metropolitan Statistical Area)"," ","900","Real GDP by metropolitan area","14","321","    Wood products manufacturing","(D)","(D)","(D)","(D)","(D)","(D)","(D)","(D)","(D)","(D)","(D)","(D)","(D)","(D)","(NA)"
"26980","Iowa City, IA (Metropolitan Statistical Area)"," ","900","Real GDP by metropolitan area","15","327","    Nonmetallic mineral products manufacturing",17,14,16,20,15,16,12,"(D)",8,8,9,11,10,11,"(NA)"
"26980","Iowa City, IA (Metropolitan Statistical Area)"," ","900","Real GDP by metropolitan area","16","331","    Primary metals manufacturing","(D)","(D)","(D)","(D)","(L)","(D)","(D)","(D)","(D)","(D)","(D)","(D)","(D)","(D)","(NA)"
"26980","Iowa City, IA (Metropolitan Statistical Area)"," ","900","Real GDP by metropolitan area","17","332","    Fabricated metal products",44,33,30,18,16,16,14,12,7,8,8,9,9,9,"(NA)"
"26980","Iowa City, IA (Metropolitan Statistical Area)"," ","900","Real GDP by metropolitan area","18","333","    Machinery manufacturing","(D)","(D)","(D)","(D)","(D)","(D)","(D)","(D)","(D)",40,"(D)",66,41,52,"(NA)"
"26980","Iowa City, IA (Metropolitan Statistical Area)"," ","900","Real GDP by metropolitan area","19","334","    Computer and electronic products manufacturing","(D)","(D)","(D)","(D)","(D)","(D)","(D)","(D)","(D)","(D)","(D)","(D)","(D)","(D)","(NA)"
"26980","Iowa City, IA (Metropolitan Statistical Area)"," ","900","Real GDP by metropolitan area","20","335","    Electrical equipment, appliance, and components manufacturing","(D)","(D)","(D)","(L)","(L)","(L)","(L)","(L)","(L)","(L)","(D)","(D)","(D)","(D)","(NA)"
"26980","Iowa City, IA (Metropolitan Statistical Area)"," ","900","Real GDP by metropolitan area","21","3361-3363","    Motor vehicles, bodies and trailers, and parts manufacturing","(D)","(L)","(L)","(D)","(D)","(D)","(D)","(D)","(D)","(D)","(D)","(D)",107,"(D)","(NA)"
"26980","Iowa City, IA (Metropolitan Statistical Area)"," ","900","Real GDP by metropolitan area","22","3364-3366, 3369","    Other transportation equipment manufacturing","(L)","(L)","(L)","(L)","(L)","(L)","(L)","(L)","(L)","(L)","(L)","(L)","(L)","(L)","(NA)"
"26980","Iowa City, IA (Metropolitan Statistical Area)"," ","900","Real GDP by metropolitan area","23","337","    Furniture and related products manufacturing",3,"(D)","(D)","(D)","(D)",4,4,3,2,2,2,"(D)",2,"(D)","(NA)"
"26980","Iowa City, IA (Metropolitan Statistical Area)"," ","900","Real GDP by metropolitan area","24","339","    Miscellaneous manufacturing","(D)","(D)","(D)","(D)","(D)","(D)","(D)","(D)","(D)","(D)","(D)","(D)","(D)","(D)","(NA)"
"26980","Iowa City, IA (Metropolitan Statistical Area)"," ","900","Real GDP by metropolitan area","25","...","   Nondurable goods manufacturing",584,620,611,500,"(D)","(D)",400,313,308,355,323,341,451,437,398
"26980","Iowa City, IA (Metropolitan Statistical Area)"," ","900","Real GDP by metropolitan area","26","311-312","    Food and beverage and tobacco products manufacturing","(D)","(D)","(D)","(D)","(D)",39,49,60,"(D)","(D)","(D)","(D)","(D)","(D)","(NA)"
"26980","Iowa City, IA (Metropolitan Statistical Area)"," ","900","Real GDP by metropolitan area","27","313-314","    Textile mills and textile product mills","(D)","(D)","(D)","(D)","(D)","(D)","(D)","(D)","(D)","(D)","(D)","(D)","(D)","(L)","(NA)"
"26980","Iowa City, IA (Metropolitan Statistical Area)"," ","900","Real GDP by metropolitan area","28","315-316","    Apparel and leather and allied products manufacturing","(D)","(D)","(D)","(D)","(D)","(D)","(L)","(L)","(L)","(L)","(L)","(L)","(L)","(L)","(NA)"
"26980","Iowa City, IA (Metropolitan Statistical Area)"," ","900","Real GDP by metropolitan area","29","322","    Paper products manufacturing",37,"(D)","(D)","(D)","(D)","(D)","(D)","(D)","(D)","(D)","(D)","(D)","(D)","(D)","(NA)"
"26980","Iowa City, IA (Metropolitan Statistical Area)"," ","900","Real GDP by metropolitan area","30","323","    Printing and related support activities","(D)","(D)","(D)",39,34,33,"(D)","(D)",36,35,"(D)","(D)","(D)","(D)","(NA)"
"26980","Iowa City, IA (Metropolitan Statistical Area)"," ","900","Real GDP by metropolitan area","31","324","    Petroleum and coal products manufacturing","(D)","(D)","(D)","(D)","(D)","(D)","(D)","(D)","(D)","(D)","(D)","(D)","(D)","(D)","(NA)"
"26980","Iowa City, IA (Metropolitan Statistical Area)"," ","900","Real GDP by metropolitan area","32","325","    Chemical products manufacturing","(D)","(D)","(D)","(D)","(D)","(D)",211,143,"(D)","(D)","(D)","(D)","(D)","(D)","(NA)"
"26980","Iowa City, IA (Metropolitan Statistical Area)"," ","900","Real GDP by metropolitan area","33","326","    Plastics and rubber products manufacturing","(D)","(D)","(D)","(D)","(D)","(D)","(D)","(D)","(D)","(D)","(D)","(D)",31,30,"(NA)"
"26980","Iowa City, IA (Metropolitan Statistical Area)"," ","900","Real GDP by metropolitan area","34","42","  Wholesale trade",150,156,162,178,191,196,206,215,205,210,203,215,227,219,221
"26980","Iowa City, IA (Metropolitan Statistical Area)"," ","900","Real GDP by metropolitan area","35","44-45","  Retail trade",376,380,405,408,409,400,401,410,423,422,435,459,479,486,504
"26980","Iowa City, IA (Metropolitan Statistical Area)"," ","900","Real GDP by metropolitan area","36","48-49","  Transportation and warehousing","(D)","(D)",272,"(D)","(D)","(D)","(D)","(D)","(D)","(D)","(D)","(D)","(D)","(D)","(D)"
"26980","Iowa City, IA (Metropolitan Statistical Area)"," ","900","Real GDP by metropolitan area","37","481","   Air transportation","(D)","(L)","(L)","(D)","(D)","(D)","(L)","(D)","(D)","(D)","(D)","(D)","(D)","(D)","(NA)"
"26980","Iowa City, IA (Metropolitan Statistical Area)"," ","900","Real GDP by metropolitan area","38","482","   Rail transportation",10,10,10,12,12,13,13,14,14,15,14,14,14,15,"(NA)"
"26980","Iowa City, IA (Metropolitan Statistical Area)"," ","900","Real GDP by metropolitan area","39","483","   Water transportation","(L)","(L)","(L)","(L)","(L)","(L)","(L)","(L)","(L)","(L)","(L)","(L)","(L)","(L)","(NA)"
"26980","Iowa City, IA (Metropolitan Statistical Area)"," ","900","Real GDP by metropolitan area","40","484","   Truck transportation",154,185,228,266,288,312,314,305,262,280,276,282,261,235,"(NA)"
"26980","Iowa City, IA (Metropolitan Statistical Area)"," ","900","Real GDP by metropolitan area","41","485","   Transit and ground passenger transportation","(D)","(D)","(D)","(D)","(D)","(D)","(D)","(D)","(D)","(D)","(D)","(D)","(D)","(D)","(NA)"
"26980","Iowa City, IA (Metropolitan Statistical Area)"," ","900","Real GDP by metropolitan area","42","486","   Pipeline transportation",6,8,10,10,12,11,"(D)","(D)","(D)","(D)","(D)","(D)","(D)","(D)","(NA)"
"26980","Iowa City, IA (Metropolitan Statistical Area)"," ","900","Real GDP by metropolitan area","43","487-488, 492","   Other transportation and support activities","(D)","(D)","(D)","(D)","(D)","(D)","(D)","(D)","(D)","(D)","(D)","(D)",17,19,"(NA)"
"26980","Iowa City, IA (Metropolitan Statistical Area)"," ","900","Real GDP by metropolitan area","44","493","   Warehousing and storage",4,"(D)","(D)","(D)","(D)","(D)","(D)","(D)","(D)","(D)","(D)","(D)","(D)","(D)","(NA)"
"26980","Iowa City, IA (Metropolitan Statistical Area)"," ","900","Real GDP by metropolitan area","45","51","  Information",163,220,236,301,340,305,319,350,331,335,323,280,297,347,355
"26980","Iowa City, IA (Metropolitan Statistical Area)"," ","900","Real GDP by metropolitan area","46","511","   Publishing industries, except Internet (includes software)","(D)",48,33,"(D)","(D)",50,59,59,44,34,37,37,39,66,"(NA)"
"26980","Iowa City, IA (Metropolitan Statistical Area)"," ","900","Real GDP by metropolitan area","47","512","   Motion picture and sound recording industries","(D)","(D)","(D)","(D)","(D)","(D)","(D)","(D)","(D)","(D)","(D)","(D)",6,"(D)","(NA)"
"26980","Iowa City, IA (Metropolitan Statistical Area)"," ","900","Real GDP by metropolitan area","48","515, 517","   Broadcasting and telecommunications","(D)","(D)","(D)","(D)","(D)","(D)","(D)","(D)","(D)","(D)","(D)","(D)","(D)","(D)","(NA)"
"26980","Iowa City, IA (Metropolitan Statistical Area)"," ","900","Real GDP by metropolitan area","49","518, 519","   Data processing, internet publishing, and other information services","(D)",145,"(D)","(D)","(D)","(D)",205,"(D)","(D)","(D)","(D)",189,"(D)",229,"(NA)"
"26980","Iowa City, IA (Metropolitan Statistical Area)"," ","900","Real GDP by metropolitan area","50","52, 53","  Finance, insurance, real estate, rental, and leasing",1140,889,874,941,978,1032,1111,978,1016,1055,1140,1105,1149,1237,1249
"26980","Iowa City, IA (Metropolitan Statistical Area)"," ","900","Real GDP by metropolitan area","51","52","   Finance and insurance",197,204,246,274,292,266,319,216,253,251,275,282,278,319,328
"26980","Iowa City, IA (Metropolitan Statistical Area)"," ","900","Real GDP by metropolitan area","52","521-522","    Federal Reserve banks, credit intermediation, and related services",73,79,81,68,72,71,70,69,88,77,96,"(D)","(D)","(D)","(NA)"
"26980","Iowa City, IA (Metropolitan Statistical Area)"," ","900","Real GDP by metropolitan area","53","523","    Securities, commodity contracts, and investments","(D)","(D)","(D)","(D)",8,8,8,"(D)","(D)","(D)","(D)",8,"(D)",9,"(NA)"
"26980","Iowa City, IA (Metropolitan Statistical Area)"," ","900","Real GDP by metropolitan area","54","524","    Insurance carriers and related activities",112,117,159,203,217,190,246,142,159,168,171,163,165,216,"(NA)"
"26980","Iowa City, IA (Metropolitan Statistical Area)"," ","900","Real GDP by metropolitan area","55","525","    Funds, trusts, and other financial vehicles","(D)","(D)","(D)","(D)","(L)","(L)","(L)","(D)","(D)","(D)","(D)","(D)","(L)","(D)","(NA)"
"26980","Iowa City, IA (Metropolitan Statistical Area)"," ","900","Real GDP by metropolitan area","56","53","   Real estate and rental and leasing",954,687,625,662,679,765,788,763,763,804,865,822,871,917,919
"26980","Iowa City, IA (Metropolitan Statistical Area)"," ","900","Real GDP by metropolitan area","57","531","    Real estate","(D)","(D)","(D)","(D)","(D)","(D)",723,685,686,719,781,744,784,825,"(NA)"
"26980","Iowa City, IA (Metropolitan Statistical Area)"," ","900","Real GDP by metropolitan area","58","532-533","    Rental and leasing services and lessors of intangible assets","(D)","(D)","(D)","(D)","(D)","(D)",64,78,77,85,84,78,88,92,"(NA)"
"26980","Iowa City, IA (Metropolitan Statistical Area)"," ","900","Real GDP by metropolitan area","59","54, 55, 56","  Professional and business services",251,262,276,268,257,309,317,341,329,353,385,423,424,437,456
"26980","Iowa City, IA (Metropolitan Statistical Area)"," ","900","Real GDP by metropolitan area","60","54","   Professional, scientific, and technical services",143,145,148,148,142,149,154,174,169,169,175,201,226,220,231
"26980","Iowa City, IA (Metropolitan Statistical Area)"," ","900","Real GDP by metropolitan area","64","55","   Management of companies and enterprises",14,"(D)","(D)","(D)","(D)","(D)","(D)","(D)","(D)","(D)",22,22,24,23,29
"26980","Iowa City, IA (Metropolitan Statistical Area)"," ","900","Real GDP by metropolitan area","65","56","   Administrative and waste management services",95,"(D)","(D)","(D)","(D)","(D)","(D)","(D)","(D)","(D)",188,199,174,194,195
"26980","Iowa City, IA (Metropolitan Statistical Area)"," ","900","Real GDP by metropolitan area","66","561","    Administrative and support services","(D)",92,102,93,90,136,137,141,134,157,179,191,167,186,"(NA)"
"26980","Iowa City, IA (Metropolitan Statistical Area)"," ","900","Real GDP by metropolitan area","67","562","    Waste management and remediation services","(D)","(D)","(D)","(D)","(D)","(D)","(D)","(D)","(D)","(D)",8,8,7,8,"(NA)"
"26980","Iowa City, IA (Metropolitan Statistical Area)"," ","900","Real GDP by metropolitan area","68","61, 62","  Educational services, health care, and social assistance",429,429,438,456,465,485,497,517,541,529,538,559,569,588,602
"26980","Iowa City, IA (Metropolitan Statistical Area)"," ","900","Real GDP by metropolitan area","69","61","   Educational services","(D)","(D)","(D)","(D)","(D)",113,"(D)",116,125,123,123,129,135,140,137
"26980","Iowa City, IA (Metropolitan Statistical Area)"," ","900","Real GDP by metropolitan area","70","62","   Health care and social assistance","(D)","(D)","(D)","(D)","(D)",372,"(D)",401,415,406,415,429,434,447,465
"26980","Iowa City, IA (Metropolitan Statistical Area)"," ","900","Real GDP by metropolitan area","71","621","    Ambulatory health care services",160,166,162,166,170,"(D)",187,200,205,204,206,206,212,217,"(NA)"
"26980","Iowa City, IA (Metropolitan Statistical Area)"," ","900","Real GDP by metropolitan area","72","622-623","    Hospitals and nursing and residential care facilities",136,132,139,143,145,152,152,159,163,155,165,176,173,179,"(NA)"
"26980","Iowa City, IA (Metropolitan Statistical Area)"," ","900","Real GDP by metropolitan area","73","624","    Social assistance","(D)","(D)","(D)","(D)","(D)","(D)","(D)",42,47,47,45,48,49,52,"(NA)"
"26980","Iowa City, IA (Metropolitan Statistical Area)"," ","900","Real GDP by metropolitan area","74","71, 72","  Arts, entertainment, recreation, accommodation, and food services",202,197,205,"(D)","(D)",233,275,276,257,258,274,295,327,341,339
"26980","Iowa City, IA (Metropolitan Statistical Area)"," ","900","Real GDP by metropolitan area","75","71","   Arts, entertainment, and recreation",20,16,23,"(D)","(D)",26,28,28,26,27,25,34,63,63,61
"26980","Iowa City, IA (Metropolitan Statistical Area)"," ","900","Real GDP by metropolitan area","76","711-712","    Performing arts, spectator sports, museums, and related activities",11,5,"(D)",10,12,12,13,14,"(D)","(D)",10,12,17,17,"(NA)"
"26980","Iowa City, IA (Metropolitan Statistical Area)"," ","900","Real GDP by metropolitan area","77","713","    Amusements, gambling, and recreation industries",10,11,"(D)","(D)","(D)",14,15,14,"(D)","(D)",14,22,47,46,"(NA)"
"26980","Iowa City, IA (Metropolitan Statistical Area)"," ","900","Real GDP by metropolitan area","78","72","   Accommodation and food services",182,182,183,187,188,207,247,248,231,231,250,261,265,279,278
"26980","Iowa City, IA (Metropolitan Statistical Area)"," ","900","Real GDP by metropolitan area","79","721","    Accommodation",36,37,36,38,37,"(D)","(D)","(D)","(D)","(D)","(D)","(D)","(D)","(D)","(NA)"
"26980","Iowa City, IA (Metropolitan Statistical Area)"," ","900","Real GDP by metropolitan area","80","722","    Food services and drinking places",150,148,150,152,155,"(D)","(D)","(D)","(D)","(D)","(D)","(D)","(D)","(D)","(NA)"
"26980","Iowa City, IA (Metropolitan Statistical Area)"," ","900","Real GDP by metropolitan area","81","81","  Other services, except government",131,133,130,136,129,128,130,141,140,133,130,134,136,142,142
"26980","Iowa City, IA (Metropolitan Statistical Area)"," ","900","Real GDP by metropolitan area","82","92"," Government",2307,2315,2324,2298,2326,2365,2409,2520,2575,2592,2627,2726,2800,2872,2861
"26980","Iowa City, IA (Metropolitan Statistical Area)"," ","900","Real GDP by metropolitan area","83","...","  Federal civilian",172,197,225,180,160,166,164,165,187,186,182,185,177,199,"(NA)"
"26980","Iowa City, IA (Metropolitan Statistical Area)"," ","900","Real GDP by metropolitan area","84","...","  Federal military",26,28,32,33,35,32,29,31,37,40,47,46,48,50,"(NA)"
"26980","Iowa City, IA (Metropolitan Statistical Area)"," ","900","Real GDP by metropolitan area","85","...","  State and local",2107,2089,2063,2084,2131,2166,2217,2323,2351,2365,2398,2496,2575,2623,"(NA)"
"26980","Iowa City, IA (Metropolitan Statistical Area)"," ","900","Real GDP by metropolitan area","86","11, 21","Natural resources and mining",73,81,80,"(D)","(D)",145,118,152,158,153,211,201,243,251,266
"26980","Iowa City, IA (Metropolitan Statistical Area)"," ","900","Real GDP by metropolitan area","87","42, 44-45","Trade",528,538,569,587,601,596,609,624,628,632,638,674,706,704,725
"26980","Iowa City, IA (Metropolitan Statistical Area)"," ","900","Real GDP by metropolitan area","88","...","Transportation and utilities",228,268,315,362,385,416,412,434,384,417,408,420,401,373,351
"26980","Iowa City, IA (Metropolitan Statistical Area)"," ","900","Real GDP by metropolitan area","89","...","Private goods-producing industries",1011,1028,1060,1112,1023,1097,1009,982,968,1066,1150,1219,1318,1324,1308
"26980","Iowa City, IA (Metropolitan Statistical Area)"," ","900","Real GDP by metropolitan area","90","...","Private services-providing industries",3059,2928,3035,3261,3376,3504,3673,3659,3627,3711,3837,3892,4012,4171,4220
"26980","Iowa City, IA (Metropolitan Statistical Area)"," ","1000","Per capita real GDP by metropolitan area","1","...","All industry total",47318,45997,46504,47614,47489,48508,48547,48126,47303,48167,48944,49359,50275,50922,50395
"Note: See the included footnote file."
NAICS Industry detail is based on the 2007 North American Industry Classification System (NAICS).
"Source: U.S. Department of Commerce / Bureau of Economic Analysis / Regional Product Division"
