"GeoFIPS","GeoName","Region","ComponentId","ComponentName","IndustryId","IndustryClassification","Description","2001","2002","2003","2004","2005","2006","2007","2008","2009","2010","2011","2012","2013","2014","2015"
"29740","Las Cruces, NM (Metropolitan Statistical Area)"," ","200","Gross domestic product (GDP) by metropolitan area","1","...","All industry total",3398,3789,4142,4565,4876,5083,5413,5714,6010,6216,6240,6150,6069,6266,6369
"29740","Las Cruces, NM (Metropolitan Statistical Area)"," ","200","Gross domestic product (GDP) by metropolitan area","2","..."," Private industries",2168,2470,2732,3070,3284,3393,3628,3809,4031,4185,4184,4086,4036,4220,4312
"29740","Las Cruces, NM (Metropolitan Statistical Area)"," ","200","Gross domestic product (GDP) by metropolitan area","3","11","  Agriculture, forestry, fishing, and hunting","(D)","(D)","(D)",230,"(D)",220,269,194,277,349,303,200,202,213,169
"29740","Las Cruces, NM (Metropolitan Statistical Area)"," ","200","Gross domestic product (GDP) by metropolitan area","4","111-112","   Farms",133,124,157,196,216,184,237,161,244,314,267,163,163,163,"(NA)"
"29740","Las Cruces, NM (Metropolitan Statistical Area)"," ","200","Gross domestic product (GDP) by metropolitan area","5","113-115","   Forestry, fishing, and related activities","(D)","(D)","(D)",33,"(D)",36,32,33,33,35,37,37,40,50,"(NA)"
"29740","Las Cruces, NM (Metropolitan Statistical Area)"," ","200","Gross domestic product (GDP) by metropolitan area","6","21","  Mining","(D)","(D)","(D)",4,"(D)",12,14,16,8,11,17,12,9,10,8
"29740","Las Cruces, NM (Metropolitan Statistical Area)"," ","200","Gross domestic product (GDP) by metropolitan area","7","211","   Oil and gas extraction",1,1,2,2,4,5,"(D)",6,"(D)","(D)","(D)","(D)","(D)",5,"(NA)"
"29740","Las Cruces, NM (Metropolitan Statistical Area)"," ","200","Gross domestic product (GDP) by metropolitan area","8","212","   Mining, except oil and gas","(D)","(D)","(D)","(D)","(D)",4,"(D)",8,5,6,6,"(D)","(D)","(D)","(NA)"
"29740","Las Cruces, NM (Metropolitan Statistical Area)"," ","200","Gross domestic product (GDP) by metropolitan area","9","213","   Support activities for mining","(L)","(L)","(L)","(D)","(D)",3,5,3,"(D)","(D)","(D)",1,1,"(D)","(NA)"
"29740","Las Cruces, NM (Metropolitan Statistical Area)"," ","200","Gross domestic product (GDP) by metropolitan area","10","22","  Utilities",55,53,52,57,59,73,80,81,95,108,113,96,104,108,118
"29740","Las Cruces, NM (Metropolitan Statistical Area)"," ","200","Gross domestic product (GDP) by metropolitan area","11","23","  Construction",146,153,164,181,218,253,276,258,243,235,237,234,240,240,254
"29740","Las Cruces, NM (Metropolitan Statistical Area)"," ","200","Gross domestic product (GDP) by metropolitan area","12","31-33","  Manufacturing",179,287,391,525,450,372,308,319,341,322,327,294,273,262,253
"29740","Las Cruces, NM (Metropolitan Statistical Area)"," ","200","Gross domestic product (GDP) by metropolitan area","13","...","   Durable goods manufacturing",77,183,276,422,354,285,213,200,220,210,223,189,176,171,169
"29740","Las Cruces, NM (Metropolitan Statistical Area)"," ","200","Gross domestic product (GDP) by metropolitan area","14","321","    Wood products manufacturing",1,2,2,2,3,4,4,3,2,"(D)","(D)","(D)","(D)","(D)","(NA)"
"29740","Las Cruces, NM (Metropolitan Statistical Area)"," ","200","Gross domestic product (GDP) by metropolitan area","15","327","    Nonmetallic mineral products manufacturing",6,7,8,9,12,13,12,10,9,8,7,9,9,9,"(NA)"
"29740","Las Cruces, NM (Metropolitan Statistical Area)"," ","200","Gross domestic product (GDP) by metropolitan area","16","331","    Primary metals manufacturing","(D)","(D)",7,9,8,8,8,10,10,7,6,8,13,"(D)","(NA)"
"29740","Las Cruces, NM (Metropolitan Statistical Area)"," ","200","Gross domestic product (GDP) by metropolitan area","17","332","    Fabricated metal products",13,12,11,10,10,11,12,11,10,13,16,25,19,16,"(NA)"
"29740","Las Cruces, NM (Metropolitan Statistical Area)"," ","200","Gross domestic product (GDP) by metropolitan area","18","333","    Machinery manufacturing","(D)",7,7,8,8,8,8,7,7,7,6,5,4,4,"(NA)"
"29740","Las Cruces, NM (Metropolitan Statistical Area)"," ","200","Gross domestic product (GDP) by metropolitan area","19","334","    Computer and electronic products manufacturing",16,124,218,355,"(D)","(D)",128,122,115,104,114,63,62,67,"(NA)"
"29740","Las Cruces, NM (Metropolitan Statistical Area)"," ","200","Gross domestic product (GDP) by metropolitan area","20","335","    Electrical equipment, appliance, and components manufacturing","(L)","(L)","(D)","(D)","(D)","(D)","(D)","(D)","(D)","(D)","(D)","(D)","(D)","(D)","(NA)"
"29740","Las Cruces, NM (Metropolitan Statistical Area)"," ","200","Gross domestic product (GDP) by metropolitan area","21","3361-3363","    Motor vehicles, bodies and trailers, and parts manufacturing","(D)","(D)","(D)","(D)","(D)","(D)","(D)","(D)","(D)","(D)","(D)",5,1,"(L)","(NA)"
"29740","Las Cruces, NM (Metropolitan Statistical Area)"," ","200","Gross domestic product (GDP) by metropolitan area","22","3364-3366, 3369","    Other transportation equipment manufacturing","(D)","(D)","(D)","(D)","(D)","(D)","(D)","(D)","(D)","(D)","(D)","(D)","(D)","(D)","(NA)"
"29740","Las Cruces, NM (Metropolitan Statistical Area)"," ","200","Gross domestic product (GDP) by metropolitan area","23","337","    Furniture and related products manufacturing",2,2,2,2,2,3,3,2,2,1,1,1,1,1,"(NA)"
"29740","Las Cruces, NM (Metropolitan Statistical Area)"," ","200","Gross domestic product (GDP) by metropolitan area","24","339","    Miscellaneous manufacturing",3,2,2,2,2,2,3,3,3,2,2,2,2,3,"(NA)"
"29740","Las Cruces, NM (Metropolitan Statistical Area)"," ","200","Gross domestic product (GDP) by metropolitan area","25","...","   Nondurable goods manufacturing",102,104,114,103,96,87,95,120,121,112,104,105,98,91,84
"29740","Las Cruces, NM (Metropolitan Statistical Area)"," ","200","Gross domestic product (GDP) by metropolitan area","26","311-312","    Food and beverage and tobacco products manufacturing",46,"(D)","(D)",65,"(D)","(D)","(D)","(D)",81,73,64,74,63,54,"(NA)"
"29740","Las Cruces, NM (Metropolitan Statistical Area)"," ","200","Gross domestic product (GDP) by metropolitan area","27","313-314","    Textile mills and textile product mills",2,"(D)","(L)",1,2,1,1,1,1,2,"(D)","(D)","(D)","(D)","(NA)"
"29740","Las Cruces, NM (Metropolitan Statistical Area)"," ","200","Gross domestic product (GDP) by metropolitan area","28","315-316","    Apparel and leather and allied products manufacturing","(D)","(D)","(D)","(D)",1,"(D)","(D)","(D)","(D)","(D)","(D)","(D)","(D)","(D)","(NA)"
"29740","Las Cruces, NM (Metropolitan Statistical Area)"," ","200","Gross domestic product (GDP) by metropolitan area","29","322","    Paper products manufacturing","(D)","(D)","(D)","(D)","(D)","(D)","(D)","(D)","(D)","(D)","(D)","(D)","(D)","(D)","(NA)"
"29740","Las Cruces, NM (Metropolitan Statistical Area)"," ","200","Gross domestic product (GDP) by metropolitan area","30","323","    Printing and related support activities",3,2,2,2,2,3,3,4,4,4,4,4,4,4,"(NA)"
"29740","Las Cruces, NM (Metropolitan Statistical Area)"," ","200","Gross domestic product (GDP) by metropolitan area","31","324","    Petroleum and coal products manufacturing","(D)","(D)","(D)","(D)","(L)","(L)","(L)","(L)","(L)","(L)","(L)","(L)","(L)","(L)","(NA)"
"29740","Las Cruces, NM (Metropolitan Statistical Area)"," ","200","Gross domestic product (GDP) by metropolitan area","32","325","    Chemical products manufacturing","(D)","(D)","(D)","(D)","(D)",4,6,14,8,"(D)",8,"(D)","(D)","(D)","(NA)"
"29740","Las Cruces, NM (Metropolitan Statistical Area)"," ","200","Gross domestic product (GDP) by metropolitan area","33","326","    Plastics and rubber products manufacturing","(D)","(D)",20,16,11,11,"(D)","(D)",17,"(D)","(D)",10,10,10,"(NA)"
"29740","Las Cruces, NM (Metropolitan Statistical Area)"," ","200","Gross domestic product (GDP) by metropolitan area","34","42","  Wholesale trade",78,76,82,97,110,113,123,136,132,141,130,131,153,154,165
"29740","Las Cruces, NM (Metropolitan Statistical Area)"," ","200","Gross domestic product (GDP) by metropolitan area","35","44-45","  Retail trade",267,283,288,292,306,332,340,334,340,347,350,373,385,405,417
"29740","Las Cruces, NM (Metropolitan Statistical Area)"," ","200","Gross domestic product (GDP) by metropolitan area","36","48-49","  Transportation and warehousing",78,85,97,109,121,134,137,160,160,172,202,227,223,238,262
"29740","Las Cruces, NM (Metropolitan Statistical Area)"," ","200","Gross domestic product (GDP) by metropolitan area","37","481","   Air transportation","(D)","(D)","(D)","(D)","(D)","(D)","(D)","(D)","(D)","(D)","(D)","(D)","(D)","(L)","(NA)"
"29740","Las Cruces, NM (Metropolitan Statistical Area)"," ","200","Gross domestic product (GDP) by metropolitan area","38","482","   Rail transportation",3,3,3,4,4,5,4,6,5,5,6,6,6,7,"(NA)"
"29740","Las Cruces, NM (Metropolitan Statistical Area)"," ","200","Gross domestic product (GDP) by metropolitan area","39","483","   Water transportation","(L)","(L)","(L)","(L)","(L)","(L)","(L)","(L)","(L)","(L)","(L)","(L)","(D)","(D)","(NA)"
"29740","Las Cruces, NM (Metropolitan Statistical Area)"," ","200","Gross domestic product (GDP) by metropolitan area","40","484","   Truck transportation",38,41,48,50,52,57,60,76,82,95,119,136,139,147,"(NA)"
"29740","Las Cruces, NM (Metropolitan Statistical Area)"," ","200","Gross domestic product (GDP) by metropolitan area","41","485","   Transit and ground passenger transportation",13,14,14,12,12,12,13,15,16,16,19,20,20,19,"(NA)"
"29740","Las Cruces, NM (Metropolitan Statistical Area)"," ","200","Gross domestic product (GDP) by metropolitan area","42","486","   Pipeline transportation","(D)","(D)","(D)","(D)","(D)","(D)","(D)","(D)","(L)","(L)","(L)","(L)",1,1,"(NA)"
"29740","Las Cruces, NM (Metropolitan Statistical Area)"," ","200","Gross domestic product (GDP) by metropolitan area","43","487-488, 492","   Other transportation and support activities","(D)","(D)","(D)",28,33,"(D)","(D)","(D)","(D)","(D)","(D)","(D)","(D)","(D)","(NA)"
"29740","Las Cruces, NM (Metropolitan Statistical Area)"," ","200","Gross domestic product (GDP) by metropolitan area","44","493","   Warehousing and storage",1,2,3,4,5,5,5,6,8,10,12,16,11,12,"(NA)"
"29740","Las Cruces, NM (Metropolitan Statistical Area)"," ","200","Gross domestic product (GDP) by metropolitan area","45","51","  Information",71,91,107,110,120,123,134,145,148,151,146,136,145,141,138
"29740","Las Cruces, NM (Metropolitan Statistical Area)"," ","200","Gross domestic product (GDP) by metropolitan area","46","511","   Publishing industries, except Internet (includes software)",10,15,27,30,34,31,40,37,32,33,30,29,29,26,"(NA)"
"29740","Las Cruces, NM (Metropolitan Statistical Area)"," ","200","Gross domestic product (GDP) by metropolitan area","47","512","   Motion picture and sound recording industries","(D)","(D)","(D)","(D)","(D)","(D)","(D)","(D)","(D)","(D)","(D)","(D)","(D)","(D)","(NA)"
"29740","Las Cruces, NM (Metropolitan Statistical Area)"," ","200","Gross domestic product (GDP) by metropolitan area","48","515, 517","   Broadcasting and telecommunications",52,53,60,65,70,75,79,78,76,73,72,77,"(D)","(D)","(NA)"
"29740","Las Cruces, NM (Metropolitan Statistical Area)"," ","200","Gross domestic product (GDP) by metropolitan area","49","518, 519","   Data processing, internet publishing, and other information services","(D)","(D)","(D)","(D)","(D)","(D)","(D)","(D)","(D)","(D)","(D)","(D)",8,14,"(NA)"
"29740","Las Cruces, NM (Metropolitan Statistical Area)"," ","200","Gross domestic product (GDP) by metropolitan area","50","52, 53","  Finance, insurance, real estate, rental, and leasing",275,347,409,459,556,597,704,798,857,864,896,847,741,825,849
"29740","Las Cruces, NM (Metropolitan Statistical Area)"," ","200","Gross domestic product (GDP) by metropolitan area","51","52","   Finance and insurance",86,105,106,112,119,120,115,131,141,134,140,145,150,164,170
"29740","Las Cruces, NM (Metropolitan Statistical Area)"," ","200","Gross domestic product (GDP) by metropolitan area","52","521-522","    Federal Reserve banks, credit intermediation, and related services",53,73,68,70,69,73,66,70,62,71,74,83,88,93,"(NA)"
"29740","Las Cruces, NM (Metropolitan Statistical Area)"," ","200","Gross domestic product (GDP) by metropolitan area","53","523","    Securities, commodity contracts, and investments","(D)","(D)","(D)",8,9,10,8,6,18,"(D)","(D)",12,11,12,"(NA)"
"29740","Las Cruces, NM (Metropolitan Statistical Area)"," ","200","Gross domestic product (GDP) by metropolitan area","54","524","    Insurance carriers and related activities",28,25,31,32,39,36,40,53,60,46,54,50,51,58,"(NA)"
"29740","Las Cruces, NM (Metropolitan Statistical Area)"," ","200","Gross domestic product (GDP) by metropolitan area","55","525","    Funds, trusts, and other financial vehicles","(D)","(D)","(D)",2,2,1,"(L)",1,1,"(D)","(D)","(L)","(L)","(L)","(NA)"
"29740","Las Cruces, NM (Metropolitan Statistical Area)"," ","200","Gross domestic product (GDP) by metropolitan area","56","53","   Real estate and rental and leasing",189,241,303,347,437,477,589,667,717,730,755,701,591,661,679
"29740","Las Cruces, NM (Metropolitan Statistical Area)"," ","200","Gross domestic product (GDP) by metropolitan area","57","531","    Real estate",175,228,289,335,423,462,570,645,695,703,721,658,542,606,"(NA)"
"29740","Las Cruces, NM (Metropolitan Statistical Area)"," ","200","Gross domestic product (GDP) by metropolitan area","58","532-533","    Rental and leasing services and lessors of intangible assets",14,13,13,12,13,15,19,23,22,27,34,43,49,54,"(NA)"
"29740","Las Cruces, NM (Metropolitan Statistical Area)"," ","200","Gross domestic product (GDP) by metropolitan area","59","54, 55, 56","  Professional and business services",255,267,281,316,353,377,405,494,513,545,476,500,515,535,549
"29740","Las Cruces, NM (Metropolitan Statistical Area)"," ","200","Gross domestic product (GDP) by metropolitan area","60","54","   Professional, scientific, and technical services",178,196,203,230,240,263,288,354,364,378,317,336,350,347,356
"29740","Las Cruces, NM (Metropolitan Statistical Area)"," ","200","Gross domestic product (GDP) by metropolitan area","64","55","   Management of companies and enterprises",4,4,4,4,8,8,8,8,7,7,7,4,4,4,5
"29740","Las Cruces, NM (Metropolitan Statistical Area)"," ","200","Gross domestic product (GDP) by metropolitan area","65","56","   Administrative and waste management services",73,68,74,83,105,106,109,132,142,160,153,160,161,184,189
"29740","Las Cruces, NM (Metropolitan Statistical Area)"," ","200","Gross domestic product (GDP) by metropolitan area","66","561","    Administrative and support services",66,62,68,77,99,100,102,124,134,149,143,151,149,170,"(NA)"
"29740","Las Cruces, NM (Metropolitan Statistical Area)"," ","200","Gross domestic product (GDP) by metropolitan area","67","562","    Waste management and remediation services",7,6,6,6,6,6,8,8,8,10,9,9,12,14,"(NA)"
"29740","Las Cruces, NM (Metropolitan Statistical Area)"," ","200","Gross domestic product (GDP) by metropolitan area","68","61, 62","  Educational services, health care, and social assistance",278,337,370,399,436,460,493,524,559,589,625,657,652,683,724
"29740","Las Cruces, NM (Metropolitan Statistical Area)"," ","200","Gross domestic product (GDP) by metropolitan area","69","61","   Educational services",6,8,10,13,15,15,15,16,16,20,21,26,27,29,27
"29740","Las Cruces, NM (Metropolitan Statistical Area)"," ","200","Gross domestic product (GDP) by metropolitan area","70","62","   Health care and social assistance",272,328,360,386,421,446,478,507,543,569,604,631,625,655,696
"29740","Las Cruces, NM (Metropolitan Statistical Area)"," ","200","Gross domestic product (GDP) by metropolitan area","71","621","    Ambulatory health care services",136,153,174,194,220,238,252,258,282,300,327,328,323,345,"(NA)"
"29740","Las Cruces, NM (Metropolitan Statistical Area)"," ","200","Gross domestic product (GDP) by metropolitan area","72","622-623","    Hospitals and nursing and residential care facilities",102,118,123,127,131,135,144,160,174,181,192,208,205,212,"(NA)"
"29740","Las Cruces, NM (Metropolitan Statistical Area)"," ","200","Gross domestic product (GDP) by metropolitan area","73","624","    Social assistance",34,58,63,65,70,73,81,89,88,87,86,95,97,98,"(NA)"
"29740","Las Cruces, NM (Metropolitan Statistical Area)"," ","200","Gross domestic product (GDP) by metropolitan area","74","71, 72","  Arts, entertainment, recreation, accommodation, and food services",146,160,160,163,169,185,201,202,211,215,228,243,255,259,278
"29740","Las Cruces, NM (Metropolitan Statistical Area)"," ","200","Gross domestic product (GDP) by metropolitan area","75","71","   Arts, entertainment, and recreation",26,33,39,42,41,43,51,51,53,55,64,65,68,64,67
"29740","Las Cruces, NM (Metropolitan Statistical Area)"," ","200","Gross domestic product (GDP) by metropolitan area","76","711-712","    Performing arts, spectator sports, museums, and related activities",16,22,28,30,27,29,34,35,"(D)",35,11,14,19,20,"(NA)"
"29740","Las Cruces, NM (Metropolitan Statistical Area)"," ","200","Gross domestic product (GDP) by metropolitan area","77","713","    Amusements, gambling, and recreation industries",10,11,11,12,13,14,17,16,"(D)",20,53,51,49,45,"(NA)"
"29740","Las Cruces, NM (Metropolitan Statistical Area)"," ","200","Gross domestic product (GDP) by metropolitan area","78","72","   Accommodation and food services",121,127,121,121,128,143,151,151,157,159,164,178,187,194,211
"29740","Las Cruces, NM (Metropolitan Statistical Area)"," ","200","Gross domestic product (GDP) by metropolitan area","79","721","    Accommodation",18,21,19,21,22,28,32,26,22,22,22,24,26,26,"(NA)"
"29740","Las Cruces, NM (Metropolitan Statistical Area)"," ","200","Gross domestic product (GDP) by metropolitan area","80","722","    Food services and drinking places",102,106,101,100,106,115,119,125,135,138,142,155,161,169,"(NA)"
"29740","Las Cruces, NM (Metropolitan Statistical Area)"," ","200","Gross domestic product (GDP) by metropolitan area","81","81","  Other services, except government",173,174,138,128,133,141,142,148,145,138,134,136,136,148,127
"29740","Las Cruces, NM (Metropolitan Statistical Area)"," ","200","Gross domestic product (GDP) by metropolitan area","82","92"," Government",1230,1319,1410,1495,1592,1690,1786,1905,1979,2031,2056,2064,2033,2046,2058
"29740","Las Cruces, NM (Metropolitan Statistical Area)"," ","200","Gross domestic product (GDP) by metropolitan area","83","...","  Federal civilian",567,616,647,659,702,714,751,803,838,885,912,896,864,858,"(NA)"
"29740","Las Cruces, NM (Metropolitan Statistical Area)"," ","200","Gross domestic product (GDP) by metropolitan area","84","...","  Federal military",32,38,51,53,60,60,63,73,76,68,60,57,55,50,"(NA)"
"29740","Las Cruces, NM (Metropolitan Statistical Area)"," ","200","Gross domestic product (GDP) by metropolitan area","85","...","  State and local",631,665,713,783,830,916,971,1030,1065,1077,1084,1111,1114,1138,"(NA)"
"29740","Las Cruces, NM (Metropolitan Statistical Area)"," ","200","Gross domestic product (GDP) by metropolitan area","86","11, 21","Natural resources and mining",168,158,193,234,255,232,283,210,286,360,320,212,212,223,177
"29740","Las Cruces, NM (Metropolitan Statistical Area)"," ","200","Gross domestic product (GDP) by metropolitan area","87","42, 44-45","Trade",345,359,370,389,415,445,463,470,472,487,480,504,538,560,582
"29740","Las Cruces, NM (Metropolitan Statistical Area)"," ","200","Gross domestic product (GDP) by metropolitan area","88","...","Transportation and utilities",133,138,149,166,179,207,218,241,255,280,315,323,328,346,381
"29740","Las Cruces, NM (Metropolitan Statistical Area)"," ","200","Gross domestic product (GDP) by metropolitan area","89","...","Private goods-producing industries",493,598,747,940,923,857,867,787,869,917,885,740,725,725,684
"29740","Las Cruces, NM (Metropolitan Statistical Area)"," ","200","Gross domestic product (GDP) by metropolitan area","90","...","Private services-providing industries",1675,1872,1984,2130,2362,2536,2760,3021,3161,3268,3299,3346,3311,3496,3628
"29740","Las Cruces, NM (Metropolitan Statistical Area)"," ","800","Quantity indexes for real GDP by metropolitan area","1","...","All industry total",68.511,74.704,79.591,85.002,89.179,90.738,92.819,96.198,100.000,101.430,99.086,95.899,92.686,93.779,93.405
"29740","Las Cruces, NM (Metropolitan Statistical Area)"," ","800","Quantity indexes for real GDP by metropolitan area","2","..."," Private industries",61.444,69.285,75.415,82.841,88.019,89.333,91.769,95.061,100.000,102.401,99.290,94.892,91.895,94.349,94.676
"29740","Las Cruces, NM (Metropolitan Statistical Area)"," ","800","Quantity indexes for real GDP by metropolitan area","3","11","  Agriculture, forestry, fishing, and hunting","(D)","(D)","(D)",70.077,"(D)",82.181,76.968,54.593,100.000,109.140,72.492,46.539,46.004,51.697,48.273
"29740","Las Cruces, NM (Metropolitan Statistical Area)"," ","800","Quantity indexes for real GDP by metropolitan area","4","111-112","   Farms",54.056,55.393,62.110,65.011,86.181,77.587,73.694,49.524,100.000,110.335,69.401,41.144,40.279,44.260,"(NA)"
"29740","Las Cruces, NM (Metropolitan Statistical Area)"," ","800","Quantity indexes for real GDP by metropolitan area","5","113-115","   Forestry, fishing, and related activities","(D)","(D)","(D)",110.701,"(D)",115.054,98.572,97.000,100.000,99.914,102.195,102.149,105.175,128.233,"(NA)"
"29740","Las Cruces, NM (Metropolitan Statistical Area)"," ","800","Quantity indexes for real GDP by metropolitan area","6","21","  Mining","(D)","(D)","(D)",82.909,"(D)",158.443,171.194,160.202,100.000,115.536,157.154,120.050,93.547,101.206,108.263
"29740","Las Cruces, NM (Metropolitan Statistical Area)"," ","800","Quantity indexes for real GDP by metropolitan area","7","211","   Oil and gas extraction","(D)","(D)","(D)","(D)","(D)","(D)","(D)","(D)","(D)","(D)","(D)","(D)","(D)","(D)","(NA)"
"29740","Las Cruces, NM (Metropolitan Statistical Area)"," ","800","Quantity indexes for real GDP by metropolitan area","8","212","   Mining, except oil and gas","(D)","(D)","(D)","(D)","(D)",124.309,"(D)",186.515,100.000,112.366,97.928,"(D)","(D)","(D)","(NA)"
"29740","Las Cruces, NM (Metropolitan Statistical Area)"," ","800","Quantity indexes for real GDP by metropolitan area","9","213","   Support activities for mining","(D)","(D)","(D)","(D)","(D)","(D)","(D)","(D)","(D)","(D)","(D)","(D)","(D)","(D)","(NA)"
"29740","Las Cruces, NM (Metropolitan Statistical Area)"," ","800","Quantity indexes for real GDP by metropolitan area","10","22","  Utilities",80.965,81.066,74.258,79.004,76.654,88.242,95.810,97.075,100.000,116.300,121.122,106.367,111.639,106.658,108.207
"29740","Las Cruces, NM (Metropolitan Statistical Area)"," ","800","Quantity indexes for real GDP by metropolitan area","11","23","  Construction",93.103,93.357,95.196,97.554,106.123,112.283,115.211,107.517,100.000,98.708,97.804,93.818,93.236,87.619,90.344
"29740","Las Cruces, NM (Metropolitan Statistical Area)"," ","800","Quantity indexes for real GDP by metropolitan area","12","31-33","  Manufacturing",41.233,66.817,96.085,136.373,121.348,105.428,91.758,96.399,100.000,95.438,98.177,85.950,78.318,73.326,68.765
"29740","Las Cruces, NM (Metropolitan Statistical Area)"," ","800","Quantity indexes for real GDP by metropolitan area","13","...","   Durable goods manufacturing",22.863,55.886,91.323,148.999,132.086,113.171,90.515,89.520,100.000,96.462,103.960,87.145,79.945,76.606,74.168
"29740","Las Cruces, NM (Metropolitan Statistical Area)"," ","800","Quantity indexes for real GDP by metropolitan area","14","321","    Wood products manufacturing",40.928,110.532,129.520,111.460,148.120,199.587,217.172,185.626,100.000,"(D)","(D)","(D)","(D)","(D)","(NA)"
"29740","Las Cruces, NM (Metropolitan Statistical Area)"," ","800","Quantity indexes for real GDP by metropolitan area","15","327","    Nonmetallic mineral products manufacturing",84.050,91.561,101.218,126.243,151.007,142.845,138.866,121.587,100.000,94.168,81.306,103.106,99.415,92.693,"(NA)"
"29740","Las Cruces, NM (Metropolitan Statistical Area)"," ","800","Quantity indexes for real GDP by metropolitan area","16","331","    Primary metals manufacturing","(D)","(D)",80.927,74.555,62.818,52.213,47.899,58.481,100.000,55.815,44.405,60.998,114.477,"(D)","(NA)"
"29740","Las Cruces, NM (Metropolitan Statistical Area)"," ","800","Quantity indexes for real GDP by metropolitan area","17","332","    Fabricated metal products",167.300,145.891,140.685,126.429,119.754,130.395,137.448,120.644,100.000,137.388,171.459,251.332,183.204,152.404,"(NA)"
"29740","Las Cruces, NM (Metropolitan Statistical Area)"," ","800","Quantity indexes for real GDP by metropolitan area","18","333","    Machinery manufacturing","(D)",114.440,122.173,143.400,143.061,136.167,133.366,113.893,100.000,114.179,92.098,69.538,60.015,50.641,"(NA)"
"29740","Las Cruces, NM (Metropolitan Statistical Area)"," ","800","Quantity indexes for real GDP by metropolitan area","19","334","    Computer and electronic products manufacturing",6.836,59.533,116.670,207.807,"(D)","(D)",99.305,102.534,100.000,92.537,105.218,58.670,56.979,62.354,"(NA)"
"29740","Las Cruces, NM (Metropolitan Statistical Area)"," ","800","Quantity indexes for real GDP by metropolitan area","20","335","    Electrical equipment, appliance, and components manufacturing","(D)","(D)","(D)","(D)","(D)","(D)","(D)","(D)","(D)","(D)","(D)","(D)","(D)","(D)","(NA)"
"29740","Las Cruces, NM (Metropolitan Statistical Area)"," ","800","Quantity indexes for real GDP by metropolitan area","21","3361-3363","    Motor vehicles, bodies and trailers, and parts manufacturing","(D)","(D)","(D)","(D)","(D)","(D)","(D)","(D)","(D)","(D)","(D)","(D)","(D)","(D)","(NA)"
"29740","Las Cruces, NM (Metropolitan Statistical Area)"," ","800","Quantity indexes for real GDP by metropolitan area","22","3364-3366, 3369","    Other transportation equipment manufacturing","(D)","(D)","(D)","(D)","(D)","(D)","(D)","(D)","(D)","(D)","(D)","(D)","(D)","(D)","(NA)"
"29740","Las Cruces, NM (Metropolitan Statistical Area)"," ","800","Quantity indexes for real GDP by metropolitan area","23","337","    Furniture and related products manufacturing",153.444,135.616,109.457,122.293,124.486,179.041,167.625,116.422,100.000,83.524,71.529,53.871,52.562,52.683,"(NA)"
"29740","Las Cruces, NM (Metropolitan Statistical Area)"," ","800","Quantity indexes for real GDP by metropolitan area","24","339","    Miscellaneous manufacturing",104.123,87.221,78.511,91.624,79.809,90.321,115.726,125.456,100.000,94.252,79.200,79.050,78.040,108.801,"(NA)"
"29740","Las Cruces, NM (Metropolitan Statistical Area)"," ","800","Quantity indexes for real GDP by metropolitan area","25","...","   Nondurable goods manufacturing",101.643,101.906,112.514,103.242,93.248,85.027,92.926,109.708,100.000,93.569,87.661,83.549,75.212,67.465,59.449
"29740","Las Cruces, NM (Metropolitan Statistical Area)"," ","800","Quantity indexes for real GDP by metropolitan area","26","311-312","    Food and beverage and tobacco products manufacturing",69.741,"(D)","(D)",96.118,"(D)","(D)","(D)","(D)",100.000,91.710,82.317,89.073,72.913,59.336,"(NA)"
"29740","Las Cruces, NM (Metropolitan Statistical Area)"," ","800","Quantity indexes for real GDP by metropolitan area","27","313-314","    Textile mills and textile product mills",149.192,"(D)",29.997,123.674,181.950,106.587,102.394,93.538,100.000,193.414,"(D)","(D)","(D)","(D)","(NA)"
"29740","Las Cruces, NM (Metropolitan Statistical Area)"," ","800","Quantity indexes for real GDP by metropolitan area","28","315-316","    Apparel and leather and allied products manufacturing","(D)","(D)","(D)","(D)","(D)","(D)","(D)","(D)","(D)","(D)","(D)","(D)","(D)","(D)","(NA)"
"29740","Las Cruces, NM (Metropolitan Statistical Area)"," ","800","Quantity indexes for real GDP by metropolitan area","29","322","    Paper products manufacturing","(D)","(D)","(D)","(D)","(D)","(D)","(D)","(D)","(D)","(D)","(D)","(D)","(D)","(D)","(NA)"
"29740","Las Cruces, NM (Metropolitan Statistical Area)"," ","800","Quantity indexes for real GDP by metropolitan area","30","323","    Printing and related support activities",74.855,53.113,60.518,63.141,63.884,63.895,64.979,104.045,100.000,94.671,96.891,109.016,108.096,109.866,"(NA)"
"29740","Las Cruces, NM (Metropolitan Statistical Area)"," ","800","Quantity indexes for real GDP by metropolitan area","31","324","    Petroleum and coal products manufacturing","(D)","(D)","(D)","(D)",0.000,0.000,0.000,0.000,0.000,0.000,0.000,0.000,0.000,0.000,"(NA)"
"29740","Las Cruces, NM (Metropolitan Statistical Area)"," ","800","Quantity indexes for real GDP by metropolitan area","32","325","    Chemical products manufacturing","(D)","(D)","(D)","(D)","(D)",58.222,98.267,202.802,100.000,"(D)",99.950,"(D)","(D)","(D)","(NA)"
"29740","Las Cruces, NM (Metropolitan Statistical Area)"," ","800","Quantity indexes for real GDP by metropolitan area","33","326","    Plastics and rubber products manufacturing","(D)","(D)",137.565,113.301,77.412,72.823,"(D)","(D)",100.000,"(D)","(D)",56.440,53.958,58.186,"(NA)"
"29740","Las Cruces, NM (Metropolitan Statistical Area)"," ","800","Quantity indexes for real GDP by metropolitan area","34","42","  Wholesale trade",71.887,71.151,76.884,88.584,97.602,96.960,103.672,111.126,100.000,104.174,94.303,92.025,106.450,106.515,113.274
"29740","Las Cruces, NM (Metropolitan Statistical Area)"," ","800","Quantity indexes for real GDP by metropolitan area","35","44-45","  Retail trade",88.527,94.000,96.365,95.842,97.962,103.348,102.961,99.470,100.000,101.169,100.155,103.828,106.326,110.431,111.793
"29740","Las Cruces, NM (Metropolitan Statistical Area)"," ","800","Quantity indexes for real GDP by metropolitan area","36","48-49","  Transportation and warehousing",58.865,62.730,70.539,78.357,84.373,91.371,91.614,103.435,100.000,109.176,126.826,137.946,131.587,135.199,138.607
"29740","Las Cruces, NM (Metropolitan Statistical Area)"," ","800","Quantity indexes for real GDP by metropolitan area","37","481","   Air transportation","(D)","(D)","(D)","(D)","(D)","(D)","(D)","(D)","(D)","(D)","(D)","(D)","(D)","(D)","(NA)"
"29740","Las Cruces, NM (Metropolitan Statistical Area)"," ","800","Quantity indexes for real GDP by metropolitan area","38","482","   Rail transportation",96.154,85.255,92.477,110.735,118.844,129.628,109.749,126.557,100.000,110.606,117.482,107.038,111.418,115.094,"(NA)"
"29740","Las Cruces, NM (Metropolitan Statistical Area)"," ","800","Quantity indexes for real GDP by metropolitan area","39","483","   Water transportation",0.000,0.000,0.000,0.000,0.000,0.000,0.000,0.000,0.000,0.000,0.000,0.000,"(D)","(D)","(NA)"
"29740","Las Cruces, NM (Metropolitan Statistical Area)"," ","800","Quantity indexes for real GDP by metropolitan area","40","484","   Truck transportation",53.915,58.046,66.157,67.900,68.339,75.106,77.583,96.288,100.000,122.636,154.808,172.509,169.689,172.406,"(NA)"
"29740","Las Cruces, NM (Metropolitan Statistical Area)"," ","800","Quantity indexes for real GDP by metropolitan area","41","485","   Transit and ground passenger transportation",115.328,119.807,112.057,96.031,88.649,90.394,94.423,102.352,100.000,98.069,113.201,110.017,107.013,100.105,"(NA)"
"29740","Las Cruces, NM (Metropolitan Statistical Area)"," ","800","Quantity indexes for real GDP by metropolitan area","42","486","   Pipeline transportation","(D)","(D)","(D)","(D)","(D)","(D)","(D)","(D)",100.000,200.629,262.903,513.410,732.765,800.908,"(NA)"
"29740","Las Cruces, NM (Metropolitan Statistical Area)"," ","800","Quantity indexes for real GDP by metropolitan area","43","487-488, 492","   Other transportation and support activities","(D)","(D)","(D)","(D)","(D)","(D)","(D)","(D)","(D)","(D)","(D)","(D)","(D)","(D)","(NA)"
"29740","Las Cruces, NM (Metropolitan Statistical Area)"," ","800","Quantity indexes for real GDP by metropolitan area","44","493","   Warehousing and storage",21.142,22.586,38.038,56.197,65.025,70.698,66.212,72.188,100.000,134.330,171.711,232.313,170.967,183.325,"(NA)"
"29740","Las Cruces, NM (Metropolitan Statistical Area)"," ","800","Quantity indexes for real GDP by metropolitan area","45","51","  Information",43.874,56.726,67.229,69.494,77.767,81.411,89.836,97.828,100.000,102.246,99.147,92.403,97.584,94.676,94.325
"29740","Las Cruces, NM (Metropolitan Statistical Area)"," ","800","Quantity indexes for real GDP by metropolitan area","46","511","   Publishing industries, except Internet (includes software)",33.815,49.283,88.535,100.824,111.314,101.439,130.021,117.478,100.000,103.297,94.543,92.111,88.842,80.093,"(NA)"
"29740","Las Cruces, NM (Metropolitan Statistical Area)"," ","800","Quantity indexes for real GDP by metropolitan area","47","512","   Motion picture and sound recording industries","(D)","(D)","(D)","(D)","(D)","(D)","(D)","(D)","(D)","(D)","(D)","(D)","(D)","(D)","(NA)"
"29740","Las Cruces, NM (Metropolitan Statistical Area)"," ","800","Quantity indexes for real GDP by metropolitan area","48","515, 517","   Broadcasting and telecommunications",57.458,60.148,67.791,73.774,84.338,93.397,100.285,101.499,100.000,95.756,95.482,102.412,"(D)","(D)","(NA)"
"29740","Las Cruces, NM (Metropolitan Statistical Area)"," ","800","Quantity indexes for real GDP by metropolitan area","49","518, 519","   Data processing, internet publishing, and other information services","(D)","(D)","(D)","(D)","(D)","(D)","(D)","(D)","(D)","(D)","(D)","(D)","(D)","(D)","(NA)"
"29740","Las Cruces, NM (Metropolitan Statistical Area)"," ","800","Quantity indexes for real GDP by metropolitan area","50","52, 53","  Finance, insurance, real estate, rental, and leasing",37.365,45.704,52.633,57.761,68.576,71.878,82.996,93.120,100.000,100.701,103.312,95.331,81.337,88.150,88.264
"29740","Las Cruces, NM (Metropolitan Statistical Area)"," ","800","Quantity indexes for real GDP by metropolitan area","51","52","   Finance and insurance",63.519,76.631,75.031,76.783,80.504,79.766,74.757,85.904,100.000,91.964,94.359,93.474,92.500,97.327,98.650
"29740","Las Cruces, NM (Metropolitan Statistical Area)"," ","800","Quantity indexes for real GDP by metropolitan area","52","521-522","    Federal Reserve banks, credit intermediation, and related services",80.654,109.337,99.988,101.428,98.033,100.990,90.471,96.442,100.000,108.918,112.056,119.261,119.573,121.385,"(NA)"
"29740","Las Cruces, NM (Metropolitan Statistical Area)"," ","800","Quantity indexes for real GDP by metropolitan area","53","523","    Securities, commodity contracts, and investments","(D)","(D)","(D)",47.484,55.761,58.265,43.624,30.230,100.000,"(D)","(D)",57.640,48.250,48.610,"(NA)"
"29740","Las Cruces, NM (Metropolitan Statistical Area)"," ","800","Quantity indexes for real GDP by metropolitan area","54","524","    Insurance carriers and related activities",53.155,47.259,54.389,55.303,65.681,61.457,67.759,91.542,100.000,75.114,86.876,78.393,78.698,88.554,"(NA)"
"29740","Las Cruces, NM (Metropolitan Statistical Area)"," ","800","Quantity indexes for real GDP by metropolitan area","55","525","    Funds, trusts, and other financial vehicles","(D)","(D)","(D)",141.431,176.162,76.900,39.998,97.026,100.000,"(D)","(D)",13.916,22.006,34.893,"(NA)"
"29740","Las Cruces, NM (Metropolitan Statistical Area)"," ","800","Quantity indexes for real GDP by metropolitan area","56","53","   Real estate and rental and leasing",31.495,38.762,47.574,53.453,65.846,70.043,84.712,94.604,100.000,102.451,105.105,95.643,78.871,86.114,85.963
"29740","Las Cruces, NM (Metropolitan Statistical Area)"," ","800","Quantity indexes for real GDP by metropolitan area","57","531","    Real estate",30.010,37.721,46.832,53.120,65.765,69.816,84.442,94.187,100.000,101.705,103.517,92.513,74.420,81.189,"(NA)"
"29740","Las Cruces, NM (Metropolitan Statistical Area)"," ","800","Quantity indexes for real GDP by metropolitan area","58","532-533","    Rental and leasing services and lessors of intangible assets",81.447,73.791,72.346,64.403,68.300,77.353,94.048,108.143,100.000,126.384,156.030,196.300,222.970,245.644,"(NA)"
"29740","Las Cruces, NM (Metropolitan Statistical Area)"," ","800","Quantity indexes for real GDP by metropolitan area","59","54, 55, 56","  Professional and business services",59.331,61.584,63.745,69.571,75.621,77.944,80.666,97.298,100.000,105.715,91.594,94.939,96.323,98.554,99.251
"29740","Las Cruces, NM (Metropolitan Statistical Area)"," ","800","Quantity indexes for real GDP by metropolitan area","60","54","   Professional, scientific, and technical services",59.355,64.634,65.434,72.144,72.674,76.727,80.816,98.406,100.000,102.961,85.294,89.017,91.632,89.603,90.478
"29740","Las Cruces, NM (Metropolitan Statistical Area)"," ","800","Quantity indexes for real GDP by metropolitan area","64","55","   Management of companies and enterprises",85.298,84.510,84.322,64.162,138.373,128.919,113.491,106.522,100.000,94.763,88.722,56.952,51.254,53.224,61.906
"29740","Las Cruces, NM (Metropolitan Statistical Area)"," ","800","Quantity indexes for real GDP by metropolitan area","65","56","   Administrative and waste management services",57.906,53.035,58.556,63.261,79.958,78.453,78.587,93.982,100.000,113.425,108.178,112.397,110.903,124.344,124.175
"29740","Las Cruces, NM (Metropolitan Statistical Area)"," ","800","Quantity indexes for real GDP by metropolitan area","66","561","    Administrative and support services",55.256,51.459,57.326,62.238,79.845,78.371,77.627,93.427,100.000,113.036,108.380,113.090,109.628,122.545,"(NA)"
"29740","Las Cruces, NM (Metropolitan Statistical Area)"," ","800","Quantity indexes for real GDP by metropolitan area","67","562","    Waste management and remediation services",100.903,78.207,78.124,79.523,81.461,79.468,94.789,102.831,100.000,119.472,105.264,102.096,130.013,151.188,"(NA)"
"29740","Las Cruces, NM (Metropolitan Statistical Area)"," ","800","Quantity indexes for real GDP by metropolitan area","68","61, 62","  Educational services, health care, and social assistance",63.196,73.896,78.809,82.524,87.620,90.423,92.923,96.979,100.000,102.886,107.791,111.325,109.238,113.258,117.882
"29740","Las Cruces, NM (Metropolitan Statistical Area)"," ","800","Quantity indexes for real GDP by metropolitan area","69","61","   Educational services",55.531,68.911,80.795,100.001,112.643,104.556,100.525,107.884,100.000,123.443,128.011,149.723,151.604,157.089,145.337
"29740","Las Cruces, NM (Metropolitan Statistical Area)"," ","800","Quantity indexes for real GDP by metropolitan area","70","62","   Health care and social assistance",63.379,74.004,78.729,82.024,86.912,90.017,92.703,96.663,100.000,102.289,107.204,110.197,107.989,111.966,117.106
"29740","Las Cruces, NM (Metropolitan Statistical Area)"," ","800","Quantity indexes for real GDP by metropolitan area","71","621","    Ambulatory health care services",57.990,64.187,71.414,78.068,86.280,92.436,93.765,94.794,100.000,103.885,111.876,110.761,108.723,115.205,"(NA)"
"29740","Las Cruces, NM (Metropolitan Statistical Area)"," ","800","Quantity indexes for real GDP by metropolitan area","72","622-623","    Hospitals and nursing and residential care facilities",79.479,87.186,87.309,86.424,86.392,85.738,88.678,95.982,100.000,102.477,106.855,113.740,110.195,112.835,"(NA)"
"29740","Las Cruces, NM (Metropolitan Statistical Area)"," ","800","Quantity indexes for real GDP by metropolitan area","73","624","    Social assistance",50.151,81.070,86.241,86.502,90.042,90.625,97.330,104.004,100.000,96.783,92.928,101.333,101.196,100.051,"(NA)"
"29740","Las Cruces, NM (Metropolitan Statistical Area)"," ","800","Quantity indexes for real GDP by metropolitan area","74","71, 72","  Arts, entertainment, recreation, accommodation, and food services",91.577,96.533,94.678,94.472,94.108,99.864,104.127,100.947,100.000,101.829,108.412,111.312,113.816,112.785,115.484
"29740","Las Cruces, NM (Metropolitan Statistical Area)"," ","800","Quantity indexes for real GDP by metropolitan area","75","71","   Arts, entertainment, and recreation",61.755,78.173,89.039,93.372,86.280,87.397,99.514,97.692,100.000,103.678,120.080,117.594,121.332,112.585,113.527
"29740","Las Cruces, NM (Metropolitan Statistical Area)"," ","800","Quantity indexes for real GDP by metropolitan area","76","711-712","    Performing arts, spectator sports, museums, and related activities","(D)","(D)","(D)","(D)","(D)","(D)","(D)","(D)","(D)","(D)","(D)","(D)","(D)","(D)","(NA)"
"29740","Las Cruces, NM (Metropolitan Statistical Area)"," ","800","Quantity indexes for real GDP by metropolitan area","77","713","    Amusements, gambling, and recreation industries","(D)","(D)","(D)","(D)","(D)","(D)","(D)","(D)","(D)","(D)","(D)","(D)","(D)","(D)","(NA)"
"29740","Las Cruces, NM (Metropolitan Statistical Area)"," ","800","Quantity indexes for real GDP by metropolitan area","78","72","   Accommodation and food services",101.993,102.948,96.645,94.827,96.865,104.273,105.735,102.075,100.000,101.202,104.449,109.175,111.264,112.797,116.069
"29740","Las Cruces, NM (Metropolitan Statistical Area)"," ","800","Quantity indexes for real GDP by metropolitan area","79","721","    Accommodation",98.717,110.320,102.407,109.030,106.612,133.027,144.199,113.635,100.000,99.048,99.530,102.886,110.371,104.901,"(NA)"
"29740","Las Cruces, NM (Metropolitan Statistical Area)"," ","800","Quantity indexes for real GDP by metropolitan area","80","722","    Food services and drinking places",102.641,101.654,95.637,92.328,95.164,99.125,98.863,100.071,100.000,101.555,105.257,110.211,111.412,114.103,"(NA)"
"29740","Las Cruces, NM (Metropolitan Statistical Area)"," ","800","Quantity indexes for real GDP by metropolitan area","81","81","  Other services, except government",161.896,156.264,120.240,108.168,108.334,110.276,106.889,106.875,100.000,92.524,87.617,86.979,84.713,89.270,74.169
"29740","Las Cruces, NM (Metropolitan Statistical Area)"," ","800","Quantity indexes for real GDP by metropolitan area","82","92"," Government",84.580,86.763,88.740,89.590,91.573,93.651,94.984,98.541,100.000,99.469,98.674,97.948,94.294,92.624,90.834
"29740","Las Cruces, NM (Metropolitan Statistical Area)"," ","800","Quantity indexes for real GDP by metropolitan area","83","...","  Federal civilian",91.895,94.165,94.039,91.322,93.264,91.985,93.033,97.523,100.000,101.744,102.347,100.376,94.597,91.768,"(NA)"
"29740","Las Cruces, NM (Metropolitan Statistical Area)"," ","800","Quantity indexes for real GDP by metropolitan area","84","...","  Federal military",61.349,67.482,82.605,83.012,88.143,84.418,81.928,95.923,100.000,87.693,76.402,70.577,69.141,61.473,"(NA)"
"29740","Las Cruces, NM (Metropolitan Statistical Area)"," ","800","Quantity indexes for real GDP by metropolitan area","85","...","  State and local",80.240,82.081,84.829,88.628,90.415,95.661,97.295,99.537,100.000,98.504,97.340,97.962,95.823,95.472,"(NA)"
"29740","Las Cruces, NM (Metropolitan Statistical Area)"," ","800","Quantity indexes for real GDP by metropolitan area","86","11, 21","Natural resources and mining",60.177,61.360,67.590,70.669,89.136,84.604,79.838,57.629,100.000,109.325,74.780,48.469,47.337,53.105,49.888
"29740","Las Cruces, NM (Metropolitan Statistical Area)"," ","800","Quantity indexes for real GDP by metropolitan area","87","42, 44-45","Trade",84.207,88.047,91.300,93.999,97.948,101.736,103.206,102.656,100.000,102.013,98.494,100.480,106.365,109.324,112.206
"29740","Las Cruces, NM (Metropolitan Statistical Area)"," ","800","Quantity indexes for real GDP by metropolitan area","88","...","Transportation and utilities",66.100,68.707,71.668,78.434,81.559,90.180,93.172,101.125,100.000,111.824,124.730,126.475,124.250,124.770,127.515
"29740","Las Cruces, NM (Metropolitan Statistical Area)"," ","800","Quantity indexes for real GDP by metropolitan area","89","...","Private goods-producing industries",56.137,69.298,85.705,105.317,107.270,100.603,94.351,85.348,100.000,101.132,88.239,71.978,68.821,68.108,66.065
"29740","Las Cruces, NM (Metropolitan Statistical Area)"," ","800","Quantity indexes for real GDP by metropolitan area","90","...","Private services-providing industries",63.514,69.649,72.512,76.073,82.259,85.915,90.909,97.895,100.000,102.755,102.599,101.913,98.972,102.414,103.461
"29740","Las Cruces, NM (Metropolitan Statistical Area)"," ","900","Real GDP by metropolitan area","1","...","All industry total",4117,4490,4783,5109,5360,5453,5578,5781,6010,6096,5955,5763,5570,5636,5614
"29740","Las Cruces, NM (Metropolitan Statistical Area)"," ","900","Real GDP by metropolitan area","2","..."," Private industries",2477,2793,3040,3339,3548,3601,3699,3832,4031,4127,4002,3825,3704,3803,3816
"29740","Las Cruces, NM (Metropolitan Statistical Area)"," ","900","Real GDP by metropolitan area","3","11","  Agriculture, forestry, fishing, and hunting","(D)","(D)","(D)",194,"(D)",228,213,151,277,303,201,129,128,143,134
"29740","Las Cruces, NM (Metropolitan Statistical Area)"," ","900","Real GDP by metropolitan area","4","111-112","   Farms",132,135,152,159,210,189,180,121,244,269,169,100,98,108,"(NA)"
"29740","Las Cruces, NM (Metropolitan Statistical Area)"," ","900","Real GDP by metropolitan area","5","113-115","   Forestry, fishing, and related activities","(D)","(D)","(D)",37,"(D)",38,33,32,33,33,34,34,35,42,"(NA)"
"29740","Las Cruces, NM (Metropolitan Statistical Area)"," ","900","Real GDP by metropolitan area","6","21","  Mining","(D)","(D)","(D)",7,"(D)",13,14,13,8,9,13,10,8,8,9
"29740","Las Cruces, NM (Metropolitan Statistical Area)"," ","900","Real GDP by metropolitan area","7","211","   Oil and gas extraction",1,1,2,3,3,4,"(D)",3,"(D)","(D)","(D)","(D)","(D)",4,"(NA)"
"29740","Las Cruces, NM (Metropolitan Statistical Area)"," ","900","Real GDP by metropolitan area","8","212","   Mining, except oil and gas","(D)","(D)","(D)","(D)","(D)",6,"(D)",9,5,5,5,"(D)","(D)","(D)","(NA)"
"29740","Las Cruces, NM (Metropolitan Statistical Area)"," ","900","Real GDP by metropolitan area","9","213","   Support activities for mining","(L)","(L)","(L)","(D)","(D)",3,4,2,"(D)","(D)","(D)",1,1,"(D)","(NA)"
"29740","Las Cruces, NM (Metropolitan Statistical Area)"," ","900","Real GDP by metropolitan area","10","22","  Utilities",77,77,71,75,73,84,91,92,95,111,115,101,106,102,103
"29740","Las Cruces, NM (Metropolitan Statistical Area)"," ","900","Real GDP by metropolitan area","11","23","  Construction",226,227,231,237,258,273,280,261,243,240,238,228,227,213,219
"29740","Las Cruces, NM (Metropolitan Statistical Area)"," ","900","Real GDP by metropolitan area","12","31-33","  Manufacturing",141,228,328,465,414,360,313,329,341,325,335,293,267,250,235
"29740","Las Cruces, NM (Metropolitan Statistical Area)"," ","900","Real GDP by metropolitan area","13","...","   Durable goods manufacturing",50,123,201,328,291,249,199,197,220,212,229,192,176,169,163
"29740","Las Cruces, NM (Metropolitan Statistical Area)"," ","900","Real GDP by metropolitan area","14","321","    Wood products manufacturing",1,2,2,2,2,3,3,3,2,"(D)","(D)","(D)","(D)","(D)","(NA)"
"29740","Las Cruces, NM (Metropolitan Statistical Area)"," ","900","Real GDP by metropolitan area","15","327","    Nonmetallic mineral products manufacturing",8,8,9,11,14,13,12,11,9,8,7,9,9,8,"(NA)"
"29740","Las Cruces, NM (Metropolitan Statistical Area)"," ","900","Real GDP by metropolitan area","16","331","    Primary metals manufacturing","(D)","(D)",8,7,6,5,5,6,10,6,4,6,11,"(D)","(NA)"
"29740","Las Cruces, NM (Metropolitan Statistical Area)"," ","900","Real GDP by metropolitan area","17","332","    Fabricated metal products",17,15,15,13,12,13,14,12,10,14,18,26,19,16,"(NA)"
"29740","Las Cruces, NM (Metropolitan Statistical Area)"," ","900","Real GDP by metropolitan area","18","333","    Machinery manufacturing","(D)",7,8,9,9,9,9,7,7,7,6,5,4,3,"(NA)"
"29740","Las Cruces, NM (Metropolitan Statistical Area)"," ","900","Real GDP by metropolitan area","19","334","    Computer and electronic products manufacturing",8,69,135,240,"(D)","(D)",115,118,115,107,121,68,66,72,"(NA)"
"29740","Las Cruces, NM (Metropolitan Statistical Area)"," ","900","Real GDP by metropolitan area","20","335","    Electrical equipment, appliance, and components manufacturing","(L)","(L)","(D)","(D)","(D)","(D)","(D)","(D)","(D)","(D)","(D)","(D)","(D)","(D)","(NA)"
"29740","Las Cruces, NM (Metropolitan Statistical Area)"," ","900","Real GDP by metropolitan area","21","3361-3363","    Motor vehicles, bodies and trailers, and parts manufacturing","(D)","(D)","(D)","(D)","(D)","(D)","(D)","(D)","(D)","(D)","(D)",6,1,"(L)","(NA)"
"29740","Las Cruces, NM (Metropolitan Statistical Area)"," ","900","Real GDP by metropolitan area","22","3364-3366, 3369","    Other transportation equipment manufacturing","(D)","(D)","(D)","(D)","(D)","(D)","(D)","(D)","(D)","(D)","(D)","(D)","(D)","(D)","(NA)"
"29740","Las Cruces, NM (Metropolitan Statistical Area)"," ","900","Real GDP by metropolitan area","23","337","    Furniture and related products manufacturing",3,2,2,2,2,3,3,2,2,1,1,1,1,1,"(NA)"
"29740","Las Cruces, NM (Metropolitan Statistical Area)"," ","900","Real GDP by metropolitan area","24","339","    Miscellaneous manufacturing",3,2,2,2,2,2,3,3,3,3,2,2,2,3,"(NA)"
"29740","Las Cruces, NM (Metropolitan Statistical Area)"," ","900","Real GDP by metropolitan area","25","...","   Nondurable goods manufacturing",123,123,136,125,113,103,112,133,121,113,106,101,91,82,72
"29740","Las Cruces, NM (Metropolitan Statistical Area)"," ","900","Real GDP by metropolitan area","26","311-312","    Food and beverage and tobacco products manufacturing",56,"(D)","(D)",78,"(D)","(D)","(D)","(D)",81,74,66,72,59,48,"(NA)"
"29740","Las Cruces, NM (Metropolitan Statistical Area)"," ","900","Real GDP by metropolitan area","27","313-314","    Textile mills and textile product mills",2,"(D)","(L)",1,2,1,1,1,1,2,"(D)","(D)","(D)","(D)","(NA)"
"29740","Las Cruces, NM (Metropolitan Statistical Area)"," ","900","Real GDP by metropolitan area","28","315-316","    Apparel and leather and allied products manufacturing","(D)","(D)","(D)","(D)",1,"(D)","(D)","(D)","(D)","(D)","(D)","(D)","(D)","(D)","(NA)"
"29740","Las Cruces, NM (Metropolitan Statistical Area)"," ","900","Real GDP by metropolitan area","29","322","    Paper products manufacturing","(D)","(D)","(D)","(D)","(D)","(D)","(D)","(D)","(D)","(D)","(D)","(D)","(D)","(D)","(NA)"
"29740","Las Cruces, NM (Metropolitan Statistical Area)"," ","900","Real GDP by metropolitan area","30","323","    Printing and related support activities",3,2,2,2,2,2,3,4,4,4,4,4,4,4,"(NA)"
"29740","Las Cruces, NM (Metropolitan Statistical Area)"," ","900","Real GDP by metropolitan area","31","324","    Petroleum and coal products manufacturing","(D)","(D)","(D)","(D)","(L)","(L)","(L)","(L)","(L)","(L)","(L)","(L)","(L)","(L)","(NA)"
"29740","Las Cruces, NM (Metropolitan Statistical Area)"," ","900","Real GDP by metropolitan area","32","325","    Chemical products manufacturing","(D)","(D)","(D)","(D)","(D)",4,7,15,8,"(D)",8,"(D)","(D)","(D)","(NA)"
"29740","Las Cruces, NM (Metropolitan Statistical Area)"," ","900","Real GDP by metropolitan area","33","326","    Plastics and rubber products manufacturing","(D)","(D)",24,19,13,12,"(D)","(D)",17,"(D)","(D)",10,9,10,"(NA)"
"29740","Las Cruces, NM (Metropolitan Statistical Area)"," ","900","Real GDP by metropolitan area","34","42","  Wholesale trade",95,94,101,117,129,128,137,146,132,137,124,121,140,140,149
"29740","Las Cruces, NM (Metropolitan Statistical Area)"," ","900","Real GDP by metropolitan area","35","44-45","  Retail trade",301,320,328,326,333,351,350,338,340,344,341,353,362,376,380
"29740","Las Cruces, NM (Metropolitan Statistical Area)"," ","900","Real GDP by metropolitan area","36","48-49","  Transportation and warehousing",94,100,113,125,135,146,146,165,160,174,203,220,210,216,221
"29740","Las Cruces, NM (Metropolitan Statistical Area)"," ","900","Real GDP by metropolitan area","37","481","   Air transportation","(D)","(D)","(D)","(D)","(D)","(D)","(D)","(D)","(D)","(D)","(D)","(D)","(D)","(L)","(NA)"
"29740","Las Cruces, NM (Metropolitan Statistical Area)"," ","900","Real GDP by metropolitan area","38","482","   Rail transportation",4,4,4,5,5,6,5,6,5,5,5,5,5,5,"(NA)"
"29740","Las Cruces, NM (Metropolitan Statistical Area)"," ","900","Real GDP by metropolitan area","39","483","   Water transportation","(L)","(L)","(L)","(L)","(L)","(L)","(L)","(L)","(L)","(L)","(L)","(L)","(D)","(D)","(NA)"
"29740","Las Cruces, NM (Metropolitan Statistical Area)"," ","900","Real GDP by metropolitan area","40","484","   Truck transportation",44,47,54,55,56,61,63,79,82,100,126,141,138,141,"(NA)"
"29740","Las Cruces, NM (Metropolitan Statistical Area)"," ","900","Real GDP by metropolitan area","41","485","   Transit and ground passenger transportation",19,19,18,16,14,15,15,17,16,16,18,18,17,16,"(NA)"
"29740","Las Cruces, NM (Metropolitan Statistical Area)"," ","900","Real GDP by metropolitan area","42","486","   Pipeline transportation","(D)","(D)","(D)","(D)","(D)","(D)","(D)","(D)","(L)","(L)","(L)","(L)",1,1,"(NA)"
"29740","Las Cruces, NM (Metropolitan Statistical Area)"," ","900","Real GDP by metropolitan area","43","487-488, 492","   Other transportation and support activities","(D)","(D)","(D)",33,37,"(D)","(D)","(D)","(D)","(D)","(D)","(D)","(D)","(D)","(NA)"
"29740","Las Cruces, NM (Metropolitan Statistical Area)"," ","900","Real GDP by metropolitan area","44","493","   Warehousing and storage",2,2,3,4,5,6,5,6,8,10,13,18,13,14,"(NA)"
"29740","Las Cruces, NM (Metropolitan Statistical Area)"," ","900","Real GDP by metropolitan area","45","51","  Information",65,84,100,103,115,121,133,145,148,152,147,137,145,140,140
"29740","Las Cruces, NM (Metropolitan Statistical Area)"," ","900","Real GDP by metropolitan area","46","511","   Publishing industries, except Internet (includes software)",11,16,28,32,35,32,41,37,32,33,30,29,28,26,"(NA)"
"29740","Las Cruces, NM (Metropolitan Statistical Area)"," ","900","Real GDP by metropolitan area","47","512","   Motion picture and sound recording industries","(D)","(D)","(D)","(D)","(D)","(D)","(D)","(D)","(D)","(D)","(D)","(D)","(D)","(D)","(NA)"
"29740","Las Cruces, NM (Metropolitan Statistical Area)"," ","900","Real GDP by metropolitan area","48","515, 517","   Broadcasting and telecommunications",44,46,52,56,64,71,76,77,76,73,73,78,"(D)","(D)","(NA)"
"29740","Las Cruces, NM (Metropolitan Statistical Area)"," ","900","Real GDP by metropolitan area","49","518, 519","   Data processing, internet publishing, and other information services","(D)","(D)","(D)","(D)","(D)","(D)","(D)","(D)","(D)","(D)","(D)","(D)",8,15,"(NA)"
"29740","Las Cruces, NM (Metropolitan Statistical Area)"," ","900","Real GDP by metropolitan area","50","52, 53","  Finance, insurance, real estate, rental, and leasing",320,392,451,495,588,616,712,798,857,863,886,817,697,756,757
"29740","Las Cruces, NM (Metropolitan Statistical Area)"," ","900","Real GDP by metropolitan area","51","52","   Finance and insurance",89,108,105,108,113,112,105,121,141,129,133,131,130,137,139
"29740","Las Cruces, NM (Metropolitan Statistical Area)"," ","900","Real GDP by metropolitan area","52","521-522","    Federal Reserve banks, credit intermediation, and related services",50,68,62,63,61,63,56,60,62,67,69,74,74,75,"(NA)"
"29740","Las Cruces, NM (Metropolitan Statistical Area)"," ","900","Real GDP by metropolitan area","53","523","    Securities, commodity contracts, and investments","(D)","(D)","(D)",9,10,11,8,5,18,"(D)","(D)",10,9,9,"(NA)"
"29740","Las Cruces, NM (Metropolitan Statistical Area)"," ","900","Real GDP by metropolitan area","54","524","    Insurance carriers and related activities",32,28,32,33,39,37,40,55,60,45,52,47,47,53,"(NA)"
"29740","Las Cruces, NM (Metropolitan Statistical Area)"," ","900","Real GDP by metropolitan area","55","525","    Funds, trusts, and other financial vehicles","(D)","(D)","(D)",1,1,1,"(L)",1,1,"(D)","(D)","(L)","(L)","(L)","(NA)"
"29740","Las Cruces, NM (Metropolitan Statistical Area)"," ","900","Real GDP by metropolitan area","56","53","   Real estate and rental and leasing",226,278,341,383,472,502,607,678,717,734,753,686,565,617,616
"29740","Las Cruces, NM (Metropolitan Statistical Area)"," ","900","Real GDP by metropolitan area","57","531","    Real estate",209,262,326,369,457,485,587,655,695,707,720,643,517,564,"(NA)"
"29740","Las Cruces, NM (Metropolitan Statistical Area)"," ","900","Real GDP by metropolitan area","58","532-533","    Rental and leasing services and lessors of intangible assets",18,16,16,14,15,17,20,23,22,27,34,42,48,53,"(NA)"
"29740","Las Cruces, NM (Metropolitan Statistical Area)"," ","900","Real GDP by metropolitan area","59","54, 55, 56","  Professional and business services",305,316,327,357,388,400,414,499,513,543,470,487,494,506,509
"29740","Las Cruces, NM (Metropolitan Statistical Area)"," ","900","Real GDP by metropolitan area","60","54","   Professional, scientific, and technical services",216,235,238,262,264,279,294,358,364,375,310,324,333,326,329
"29740","Las Cruces, NM (Metropolitan Statistical Area)"," ","900","Real GDP by metropolitan area","64","55","   Management of companies and enterprises",6,6,6,5,10,10,8,8,7,7,7,4,4,4,5
"29740","Las Cruces, NM (Metropolitan Statistical Area)"," ","900","Real GDP by metropolitan area","65","56","   Administrative and waste management services",82,75,83,90,114,111,112,133,142,161,154,160,157,177,176
"29740","Las Cruces, NM (Metropolitan Statistical Area)"," ","900","Real GDP by metropolitan area","66","561","    Administrative and support services",74,69,77,83,107,105,104,125,134,151,145,151,146,164,"(NA)"
"29740","Las Cruces, NM (Metropolitan Statistical Area)"," ","900","Real GDP by metropolitan area","67","562","    Waste management and remediation services",8,7,7,7,7,7,8,9,8,10,9,9,11,13,"(NA)"
"29740","Las Cruces, NM (Metropolitan Statistical Area)"," ","900","Real GDP by metropolitan area","68","61, 62","  Educational services, health care, and social assistance",353,413,441,461,490,506,520,542,559,575,603,623,611,633,659
"29740","Las Cruces, NM (Metropolitan Statistical Area)"," ","900","Real GDP by metropolitan area","69","61","   Educational services",9,11,13,16,18,16,16,17,16,19,20,24,24,25,23
"29740","Las Cruces, NM (Metropolitan Statistical Area)"," ","900","Real GDP by metropolitan area","70","62","   Health care and social assistance",344,402,428,446,472,489,504,525,543,556,583,599,587,608,636
"29740","Las Cruces, NM (Metropolitan Statistical Area)"," ","900","Real GDP by metropolitan area","71","621","    Ambulatory health care services",164,181,201,220,243,261,264,267,282,293,315,312,307,325,"(NA)"
"29740","Las Cruces, NM (Metropolitan Statistical Area)"," ","900","Real GDP by metropolitan area","72","622-623","    Hospitals and nursing and residential care facilities",138,152,152,150,150,149,154,167,174,178,186,198,191,196,"(NA)"
"29740","Las Cruces, NM (Metropolitan Statistical Area)"," ","900","Real GDP by metropolitan area","73","624","    Social assistance",44,71,76,76,79,79,85,91,88,85,81,89,89,88,"(NA)"
"29740","Las Cruces, NM (Metropolitan Statistical Area)"," ","900","Real GDP by metropolitan area","74","71, 72","  Arts, entertainment, recreation, accommodation, and food services",193,203,200,199,198,211,220,213,211,215,229,235,240,238,243
"29740","Las Cruces, NM (Metropolitan Statistical Area)"," ","900","Real GDP by metropolitan area","75","71","   Arts, entertainment, and recreation",33,42,48,50,46,47,53,52,53,55,64,63,65,60,61
"29740","Las Cruces, NM (Metropolitan Statistical Area)"," ","900","Real GDP by metropolitan area","76","711-712","    Performing arts, spectator sports, museums, and related activities",21,29,35,36,31,32,36,36,"(D)",35,11,14,18,18,"(NA)"
"29740","Las Cruces, NM (Metropolitan Statistical Area)"," ","900","Real GDP by metropolitan area","77","713","    Amusements, gambling, and recreation industries",12,13,12,14,15,15,18,17,"(D)",20,54,50,48,43,"(NA)"
"29740","Las Cruces, NM (Metropolitan Statistical Area)"," ","900","Real GDP by metropolitan area","78","72","   Accommodation and food services",161,162,152,149,152,164,166,161,157,159,164,172,175,178,183
"29740","Las Cruces, NM (Metropolitan Statistical Area)"," ","900","Real GDP by metropolitan area","79","721","    Accommodation",22,25,23,24,24,30,32,25,22,22,22,23,25,23,"(NA)"
"29740","Las Cruces, NM (Metropolitan Statistical Area)"," ","900","Real GDP by metropolitan area","80","722","    Food services and drinking places",139,137,129,125,129,134,134,135,135,137,142,149,151,154,"(NA)"
"29740","Las Cruces, NM (Metropolitan Statistical Area)"," ","900","Real GDP by metropolitan area","81","81","  Other services, except government",235,227,175,157,157,160,155,155,145,134,127,126,123,130,108
"29740","Las Cruces, NM (Metropolitan Statistical Area)"," ","900","Real GDP by metropolitan area","82","92"," Government",1674,1717,1756,1773,1813,1854,1880,1950,1979,1969,1953,1939,1866,1833,1798
"29740","Las Cruces, NM (Metropolitan Statistical Area)"," ","900","Real GDP by metropolitan area","83","...","  Federal civilian",770,790,788,766,782,771,780,818,838,853,858,842,793,769,"(NA)"
"29740","Las Cruces, NM (Metropolitan Statistical Area)"," ","900","Real GDP by metropolitan area","84","...","  Federal military",46,51,62,63,67,64,62,73,76,66,58,53,52,47,"(NA)"
"29740","Las Cruces, NM (Metropolitan Statistical Area)"," ","900","Real GDP by metropolitan area","85","...","  State and local",855,874,904,944,963,1019,1036,1060,1065,1049,1037,1044,1021,1017,"(NA)"
"29740","Las Cruces, NM (Metropolitan Statistical Area)"," ","900","Real GDP by metropolitan area","86","11, 21","Natural resources and mining",172,175,193,202,254,242,228,165,286,312,214,138,135,152,142
"29740","Las Cruces, NM (Metropolitan Statistical Area)"," ","900","Real GDP by metropolitan area","87","42, 44-45","Trade",397,415,431,444,462,480,487,484,472,481,465,474,502,516,529
"29740","Las Cruces, NM (Metropolitan Statistical Area)"," ","900","Real GDP by metropolitan area","88","...","Transportation and utilities",169,175,183,200,208,230,238,258,255,285,318,323,317,318,325
"29740","Las Cruces, NM (Metropolitan Statistical Area)"," ","900","Real GDP by metropolitan area","89","...","Private goods-producing industries",488,603,745,916,933,875,820,742,869,879,767,626,598,592,574
"29740","Las Cruces, NM (Metropolitan Statistical Area)"," ","900","Real GDP by metropolitan area","90","...","Private services-providing industries",2008,2202,2292,2405,2600,2716,2874,3095,3161,3248,3243,3222,3129,3237,3270
"29740","Las Cruces, NM (Metropolitan Statistical Area)"," ","1000","Per capita real GDP by metropolitan area","1","...","All industry total",23329,25157,26275,27623,28328,28153,28194,28784,29259,28995,27972,26906,26066,26377,26195
"Note: See the included footnote file."
NAICS Industry detail is based on the 2007 North American Industry Classification System (NAICS).
"Source: U.S. Department of Commerce / Bureau of Economic Analysis / Regional Product Division"
