"GeoFIPS","GeoName","Region","ComponentId","ComponentName","IndustryId","IndustryClassification","Description","2001","2002","2003","2004","2005","2006","2007","2008","2009","2010","2011","2012","2013","2014","2015"
"24860","Greenville-Anderson-Mauldin, SC (Metropolitan Statistical Area)"," ","200","Gross domestic product (GDP) by metropolitan area","1","...","All industry total",24750,25091,26223,25737,27179,28237,29987,30517,30040,31234,32718,33294,34459,36251,38306
"24860","Greenville-Anderson-Mauldin, SC (Metropolitan Statistical Area)"," ","200","Gross domestic product (GDP) by metropolitan area","2","..."," Private industries",22077,22259,23186,22526,23759,24644,26206,26510,25988,27358,28754,29181,30269,31911,33812
"24860","Greenville-Anderson-Mauldin, SC (Metropolitan Statistical Area)"," ","200","Gross domestic product (GDP) by metropolitan area","3","11","  Agriculture, forestry, fishing, and hunting","(D)","(D)","(D)","(D)","(D)","(D)","(D)","(D)","(D)","(D)","(D)","(D)",68,74,59
"24860","Greenville-Anderson-Mauldin, SC (Metropolitan Statistical Area)"," ","200","Gross domestic product (GDP) by metropolitan area","4","111-112","   Farms",37,42,23,46,43,18,10,9,21,31,8,23,44,49,"(NA)"
"24860","Greenville-Anderson-Mauldin, SC (Metropolitan Statistical Area)"," ","200","Gross domestic product (GDP) by metropolitan area","5","113-115","   Forestry, fishing, and related activities","(D)","(D)","(D)","(D)","(D)","(D)","(D)","(D)","(D)","(D)","(D)","(D)",24,25,"(NA)"
"24860","Greenville-Anderson-Mauldin, SC (Metropolitan Statistical Area)"," ","200","Gross domestic product (GDP) by metropolitan area","6","21","  Mining","(D)","(D)","(D)","(D)","(D)","(D)","(D)","(D)","(D)","(D)","(D)","(D)",23,34,35
"24860","Greenville-Anderson-Mauldin, SC (Metropolitan Statistical Area)"," ","200","Gross domestic product (GDP) by metropolitan area","7","211","   Oil and gas extraction","(L)","(L)","(L)","(L)","(L)","(L)","(L)","(L)","(L)","(L)","(D)","(D)","(D)","(L)","(NA)"
"24860","Greenville-Anderson-Mauldin, SC (Metropolitan Statistical Area)"," ","200","Gross domestic product (GDP) by metropolitan area","8","212","   Mining, except oil and gas","(D)","(D)","(D)","(D)","(D)","(D)","(D)","(D)","(D)","(D)","(D)","(D)",21,33,"(NA)"
"24860","Greenville-Anderson-Mauldin, SC (Metropolitan Statistical Area)"," ","200","Gross domestic product (GDP) by metropolitan area","9","213","   Support activities for mining","(D)","(D)","(D)","(D)","(D)","(D)","(D)","(D)","(D)","(D)","(D)","(D)","(D)",1,"(NA)"
"24860","Greenville-Anderson-Mauldin, SC (Metropolitan Statistical Area)"," ","200","Gross domestic product (GDP) by metropolitan area","10","22","  Utilities","(D)","(D)","(D)","(D)","(D)","(D)","(D)","(D)","(D)","(D)","(D)","(D)","(D)","(D)","(D)"
"24860","Greenville-Anderson-Mauldin, SC (Metropolitan Statistical Area)"," ","200","Gross domestic product (GDP) by metropolitan area","11","23","  Construction",1380,1265,1394,1487,1633,1741,1915,1712,1502,1336,1291,1399,1428,1751,1867
"24860","Greenville-Anderson-Mauldin, SC (Metropolitan Statistical Area)"," ","200","Gross domestic product (GDP) by metropolitan area","12","31-33","  Manufacturing",6718,7019,7250,5480,5398,5393,5880,5674,5851,6106,6644,6655,6845,7225,7643
"24860","Greenville-Anderson-Mauldin, SC (Metropolitan Statistical Area)"," ","200","Gross domestic product (GDP) by metropolitan area","13","...","   Durable goods manufacturing","(D)",4006,4329,"(D)",3287,3172,3386,"(D)","(D)",3214,3617,3814,4080,4368,4755
"24860","Greenville-Anderson-Mauldin, SC (Metropolitan Statistical Area)"," ","200","Gross domestic product (GDP) by metropolitan area","14","321","    Wood products manufacturing","(D)",43,47,68,77,73,87,56,43,51,"(D)","(D)",73,78,"(NA)"
"24860","Greenville-Anderson-Mauldin, SC (Metropolitan Statistical Area)"," ","200","Gross domestic product (GDP) by metropolitan area","15","327","    Nonmetallic mineral products manufacturing",183,"(D)","(D)","(D)","(D)",192,202,150,117,119,126,144,150,156,"(NA)"
"24860","Greenville-Anderson-Mauldin, SC (Metropolitan Statistical Area)"," ","200","Gross domestic product (GDP) by metropolitan area","16","331","    Primary metals manufacturing","(D)","(D)","(D)","(D)","(D)","(D)","(D)","(D)","(D)","(D)","(D)","(D)",52,59,"(NA)"
"24860","Greenville-Anderson-Mauldin, SC (Metropolitan Statistical Area)"," ","200","Gross domestic product (GDP) by metropolitan area","17","332","    Fabricated metal products",382,373,453,467,465,405,438,497,431,382,374,411,452,544,"(NA)"
"24860","Greenville-Anderson-Mauldin, SC (Metropolitan Statistical Area)"," ","200","Gross domestic product (GDP) by metropolitan area","18","333","    Machinery manufacturing",1613,2260,2507,1041,1098,832,1160,1146,1399,1102,1275,1270,1204,1062,"(NA)"
"24860","Greenville-Anderson-Mauldin, SC (Metropolitan Statistical Area)"," ","200","Gross domestic product (GDP) by metropolitan area","19","334","    Computer and electronic products manufacturing",141,178,130,186,187,161,"(D)",123,91,"(D)","(D)",263,309,"(D)","(NA)"
"24860","Greenville-Anderson-Mauldin, SC (Metropolitan Statistical Area)"," ","200","Gross domestic product (GDP) by metropolitan area","20","335","    Electrical equipment, appliance, and components manufacturing","(D)","(D)","(D)","(D)","(D)","(D)","(D)","(D)","(D)","(D)","(D)","(D)","(D)","(D)","(NA)"
"24860","Greenville-Anderson-Mauldin, SC (Metropolitan Statistical Area)"," ","200","Gross domestic product (GDP) by metropolitan area","21","3361-3363","    Motor vehicles, bodies and trailers, and parts manufacturing","(D)","(D)","(D)","(D)","(D)","(D)","(D)","(D)","(D)","(D)","(D)","(D)","(D)","(D)","(NA)"
"24860","Greenville-Anderson-Mauldin, SC (Metropolitan Statistical Area)"," ","200","Gross domestic product (GDP) by metropolitan area","22","3364-3366, 3369","    Other transportation equipment manufacturing","(D)","(D)","(D)","(D)","(D)","(D)","(D)","(D)","(D)","(D)","(D)","(D)",155,153,"(NA)"
"24860","Greenville-Anderson-Mauldin, SC (Metropolitan Statistical Area)"," ","200","Gross domestic product (GDP) by metropolitan area","23","337","    Furniture and related products manufacturing",44,46,42,42,86,107,106,62,69,"(D)","(D)","(D)",107,119,"(NA)"
"24860","Greenville-Anderson-Mauldin, SC (Metropolitan Statistical Area)"," ","200","Gross domestic product (GDP) by metropolitan area","24","339","    Miscellaneous manufacturing","(D)","(D)","(D)","(D)","(D)","(D)","(D)","(D)","(D)","(D)","(D)","(D)","(D)","(D)","(NA)"
"24860","Greenville-Anderson-Mauldin, SC (Metropolitan Statistical Area)"," ","200","Gross domestic product (GDP) by metropolitan area","25","...","   Nondurable goods manufacturing","(D)",3013,2921,"(D)",2112,2221,2495,"(D)","(D)",2892,3027,2842,2765,2857,2888
"24860","Greenville-Anderson-Mauldin, SC (Metropolitan Statistical Area)"," ","200","Gross domestic product (GDP) by metropolitan area","26","311-312","    Food and beverage and tobacco products manufacturing","(D)","(D)","(D)","(D)","(D)","(D)","(D)","(D)","(D)","(D)","(D)","(D)",180,210,"(NA)"
"24860","Greenville-Anderson-Mauldin, SC (Metropolitan Statistical Area)"," ","200","Gross domestic product (GDP) by metropolitan area","27","313-314","    Textile mills and textile product mills",871,"(D)","(D)","(D)","(D)","(D)","(D)","(D)","(D)","(D)","(D)","(D)","(D)","(D)","(NA)"
"24860","Greenville-Anderson-Mauldin, SC (Metropolitan Statistical Area)"," ","200","Gross domestic product (GDP) by metropolitan area","28","315-316","    Apparel and leather and allied products manufacturing","(D)","(D)","(D)","(D)","(D)","(D)","(D)","(D)","(D)","(D)","(D)","(D)","(D)","(D)","(NA)"
"24860","Greenville-Anderson-Mauldin, SC (Metropolitan Statistical Area)"," ","200","Gross domestic product (GDP) by metropolitan area","29","322","    Paper products manufacturing","(D)","(D)","(D)","(D)","(D)","(D)","(D)","(D)","(D)","(D)","(D)","(D)",343,366,"(NA)"
"24860","Greenville-Anderson-Mauldin, SC (Metropolitan Statistical Area)"," ","200","Gross domestic product (GDP) by metropolitan area","30","323","    Printing and related support activities",78,79,"(D)",80,85,97,111,101,75,80,84,96,92,95,"(NA)"
"24860","Greenville-Anderson-Mauldin, SC (Metropolitan Statistical Area)"," ","200","Gross domestic product (GDP) by metropolitan area","31","324","    Petroleum and coal products manufacturing","(L)","(D)","(D)","(D)","(D)","(D)","(D)","(D)","(D)","(D)","(D)","(D)","(D)","(D)","(NA)"
"24860","Greenville-Anderson-Mauldin, SC (Metropolitan Statistical Area)"," ","200","Gross domestic product (GDP) by metropolitan area","32","325","    Chemical products manufacturing","(D)","(D)",485,500,394,464,781,687,857,1120,1046,1008,857,916,"(NA)"
"24860","Greenville-Anderson-Mauldin, SC (Metropolitan Statistical Area)"," ","200","Gross domestic product (GDP) by metropolitan area","33","326","    Plastics and rubber products manufacturing",1551,"(D)","(D)",945,"(D)","(D)","(D)","(D)","(D)","(D)","(D)","(D)","(D)","(D)","(NA)"
"24860","Greenville-Anderson-Mauldin, SC (Metropolitan Statistical Area)"," ","200","Gross domestic product (GDP) by metropolitan area","34","42","  Wholesale trade",1574,1520,"(D)","(D)","(D)","(D)","(D)","(D)","(D)","(D)","(D)","(D)","(D)","(D)","(D)"
"24860","Greenville-Anderson-Mauldin, SC (Metropolitan Statistical Area)"," ","200","Gross domestic product (GDP) by metropolitan area","35","44-45","  Retail trade",2093,2023,2174,2327,2505,2508,2508,2449,2317,2367,2371,2377,2444,2551,2730
"24860","Greenville-Anderson-Mauldin, SC (Metropolitan Statistical Area)"," ","200","Gross domestic product (GDP) by metropolitan area","36","48-49","  Transportation and warehousing","(D)","(D)",811,801,858,901,876,885,832,841,879,881,810,837,831
"24860","Greenville-Anderson-Mauldin, SC (Metropolitan Statistical Area)"," ","200","Gross domestic product (GDP) by metropolitan area","37","481","   Air transportation","(D)","(D)","(D)","(D)","(D)","(D)","(D)","(D)","(D)","(D)","(D)","(D)",14,"(D)","(NA)"
"24860","Greenville-Anderson-Mauldin, SC (Metropolitan Statistical Area)"," ","200","Gross domestic product (GDP) by metropolitan area","38","482","   Rail transportation",30,28,"(D)",33,"(D)",41,39,44,42,40,42,46,47,49,"(NA)"
"24860","Greenville-Anderson-Mauldin, SC (Metropolitan Statistical Area)"," ","200","Gross domestic product (GDP) by metropolitan area","39","483","   Water transportation","(L)","(L)","(L)","(L)","(L)","(L)","(L)","(D)","(D)","(D)","(D)","(D)","(D)","(L)","(NA)"
"24860","Greenville-Anderson-Mauldin, SC (Metropolitan Statistical Area)"," ","200","Gross domestic product (GDP) by metropolitan area","40","484","   Truck transportation","(D)",368,420,408,407,426,424,400,358,366,395,403,301,306,"(NA)"
"24860","Greenville-Anderson-Mauldin, SC (Metropolitan Statistical Area)"," ","200","Gross domestic product (GDP) by metropolitan area","41","485","   Transit and ground passenger transportation","(D)","(D)","(D)","(D)","(D)","(D)","(D)","(D)","(D)","(D)","(D)","(D)",24,24,"(NA)"
"24860","Greenville-Anderson-Mauldin, SC (Metropolitan Statistical Area)"," ","200","Gross domestic product (GDP) by metropolitan area","42","486","   Pipeline transportation","(L)","(L)","(L)","(L)","(L)","(L)","(L)","(D)","(D)","(D)","(D)","(D)","(L)","(L)","(NA)"
"24860","Greenville-Anderson-Mauldin, SC (Metropolitan Statistical Area)"," ","200","Gross domestic product (GDP) by metropolitan area","43","487-488, 492","   Other transportation and support activities","(D)","(D)","(D)","(D)","(D)","(D)","(D)","(D)","(D)","(D)","(D)","(D)","(D)","(D)","(NA)"
"24860","Greenville-Anderson-Mauldin, SC (Metropolitan Statistical Area)"," ","200","Gross domestic product (GDP) by metropolitan area","44","493","   Warehousing and storage","(D)","(D)","(D)","(D)","(D)","(D)","(D)","(D)","(D)","(D)","(D)","(D)",187,199,"(NA)"
"24860","Greenville-Anderson-Mauldin, SC (Metropolitan Statistical Area)"," ","200","Gross domestic product (GDP) by metropolitan area","45","51","  Information",886,916,963,1030,1057,1072,1109,1197,1190,1222,1209,1227,1309,1322,1473
"24860","Greenville-Anderson-Mauldin, SC (Metropolitan Statistical Area)"," ","200","Gross domestic product (GDP) by metropolitan area","46","511","   Publishing industries, except Internet (includes software)","(D)","(D)","(D)","(D)","(D)","(D)",236,245,"(D)",242,254,"(D)",314,280,"(NA)"
"24860","Greenville-Anderson-Mauldin, SC (Metropolitan Statistical Area)"," ","200","Gross domestic product (GDP) by metropolitan area","47","512","   Motion picture and sound recording industries","(D)","(D)","(D)","(D)","(D)","(D)","(D)","(D)","(D)","(D)","(D)","(D)",24,25,"(NA)"
"24860","Greenville-Anderson-Mauldin, SC (Metropolitan Statistical Area)"," ","200","Gross domestic product (GDP) by metropolitan area","48","515, 517","   Broadcasting and telecommunications","(D)","(D)","(D)","(D)","(D)","(D)","(D)","(D)","(D)","(D)","(D)","(D)",932,971,"(NA)"
"24860","Greenville-Anderson-Mauldin, SC (Metropolitan Statistical Area)"," ","200","Gross domestic product (GDP) by metropolitan area","49","518, 519","   Data processing, internet publishing, and other information services","(D)","(D)","(D)","(D)","(D)","(D)","(D)","(D)","(D)","(D)","(D)","(D)",40,46,"(NA)"
"24860","Greenville-Anderson-Mauldin, SC (Metropolitan Statistical Area)"," ","200","Gross domestic product (GDP) by metropolitan area","50","52, 53","  Finance, insurance, real estate, rental, and leasing",3193,3142,3212,3259,3540,3464,3741,4162,4325,4683,4748,4618,4962,5217,5544
"24860","Greenville-Anderson-Mauldin, SC (Metropolitan Statistical Area)"," ","200","Gross domestic product (GDP) by metropolitan area","51","52","   Finance and insurance",977,1013,1106,1129,1321,1253,1267,1170,1190,1184,1133,1168,1280,1341,1449
"24860","Greenville-Anderson-Mauldin, SC (Metropolitan Statistical Area)"," ","200","Gross domestic product (GDP) by metropolitan area","52","521-522","    Federal Reserve banks, credit intermediation, and related services",500,559,621,570,611,"(D)",630,"(D)","(D)","(D)",543,"(D)","(D)","(D)","(NA)"
"24860","Greenville-Anderson-Mauldin, SC (Metropolitan Statistical Area)"," ","200","Gross domestic product (GDP) by metropolitan area","53","523","    Securities, commodity contracts, and investments","(D)","(D)","(D)","(D)","(D)",114,"(D)","(D)","(D)","(D)","(D)","(D)","(D)","(D)","(NA)"
"24860","Greenville-Anderson-Mauldin, SC (Metropolitan Statistical Area)"," ","200","Gross domestic product (GDP) by metropolitan area","54","524","    Insurance carriers and related activities","(D)","(D)","(D)","(D)",614,548,"(D)",483,480,496,483,478,"(D)","(D)","(NA)"
"24860","Greenville-Anderson-Mauldin, SC (Metropolitan Statistical Area)"," ","200","Gross domestic product (GDP) by metropolitan area","55","525","    Funds, trusts, and other financial vehicles","(D)","(D)",2,3,"(D)","(D)","(D)","(D)","(D)","(D)","(D)","(D)","(D)","(D)","(NA)"
"24860","Greenville-Anderson-Mauldin, SC (Metropolitan Statistical Area)"," ","200","Gross domestic product (GDP) by metropolitan area","56","53","   Real estate and rental and leasing",2216,2129,2105,2130,2219,2211,2475,2992,3135,3499,3615,3450,3683,3876,4095
"24860","Greenville-Anderson-Mauldin, SC (Metropolitan Statistical Area)"," ","200","Gross domestic product (GDP) by metropolitan area","57","531","    Real estate",1964,1906,1889,1904,1960,1929,2209,2694,2850,3223,"(D)","(D)","(D)","(D)","(NA)"
"24860","Greenville-Anderson-Mauldin, SC (Metropolitan Statistical Area)"," ","200","Gross domestic product (GDP) by metropolitan area","58","532-533","    Rental and leasing services and lessors of intangible assets",252,223,217,226,259,281,265,298,285,275,"(D)","(D)","(D)","(D)","(NA)"
"24860","Greenville-Anderson-Mauldin, SC (Metropolitan Statistical Area)"," ","200","Gross domestic product (GDP) by metropolitan area","59","54, 55, 56","  Professional and business services",2181,"(D)",2423,2745,2990,3313,3641,3782,3432,3790,4188,4404,4512,4701,4888
"24860","Greenville-Anderson-Mauldin, SC (Metropolitan Statistical Area)"," ","200","Gross domestic product (GDP) by metropolitan area","60","54","   Professional, scientific, and technical services","(D)","(D)","(D)",1366,"(D)","(D)","(D)","(D)","(D)","(D)","(D)","(D)",1918,2044,2147
"24860","Greenville-Anderson-Mauldin, SC (Metropolitan Statistical Area)"," ","200","Gross domestic product (GDP) by metropolitan area","64","55","   Management of companies and enterprises","(D)",304,"(D)",419,"(D)","(D)","(D)","(D)","(D)","(D)","(D)","(D)",582,571,577
"24860","Greenville-Anderson-Mauldin, SC (Metropolitan Statistical Area)"," ","200","Gross domestic product (GDP) by metropolitan area","65","56","   Administrative and waste management services",724,761,895,960,1133,1295,1452,1470,1310,1645,1911,1964,2011,2086,2164
"24860","Greenville-Anderson-Mauldin, SC (Metropolitan Statistical Area)"," ","200","Gross domestic product (GDP) by metropolitan area","66","561","    Administrative and support services","(D)","(D)","(D)","(D)","(D)","(D)","(D)","(D)","(D)","(D)","(D)","(D)","(D)","(D)","(NA)"
"24860","Greenville-Anderson-Mauldin, SC (Metropolitan Statistical Area)"," ","200","Gross domestic product (GDP) by metropolitan area","67","562","    Waste management and remediation services","(D)","(D)","(D)","(D)","(D)","(D)","(D)","(D)","(D)","(D)","(D)","(D)","(D)","(D)","(NA)"
"24860","Greenville-Anderson-Mauldin, SC (Metropolitan Statistical Area)"," ","200","Gross domestic product (GDP) by metropolitan area","68","61, 62","  Educational services, health care, and social assistance",1310,1399,1492,1584,1662,1763,1894,2056,2154,2394,2478,2564,2649,2773,2963
"24860","Greenville-Anderson-Mauldin, SC (Metropolitan Statistical Area)"," ","200","Gross domestic product (GDP) by metropolitan area","69","61","   Educational services","(D)","(D)","(D)","(D)","(D)","(D)","(D)","(D)","(D)","(D)","(D)","(D)","(D)","(D)","(D)"
"24860","Greenville-Anderson-Mauldin, SC (Metropolitan Statistical Area)"," ","200","Gross domestic product (GDP) by metropolitan area","70","62","   Health care and social assistance","(D)","(D)","(D)","(D)","(D)","(D)","(D)","(D)","(D)","(D)","(D)","(D)","(D)","(D)","(D)"
"24860","Greenville-Anderson-Mauldin, SC (Metropolitan Statistical Area)"," ","200","Gross domestic product (GDP) by metropolitan area","71","621","    Ambulatory health care services",711,750,799,840,873,888,914,952,951,952,967,981,1291,1382,"(NA)"
"24860","Greenville-Anderson-Mauldin, SC (Metropolitan Statistical Area)"," ","200","Gross domestic product (GDP) by metropolitan area","72","622-623","    Hospitals and nursing and residential care facilities","(D)","(D)","(D)","(D)","(D)","(D)","(D)","(D)","(D)","(D)","(D)","(D)",854,851,"(NA)"
"24860","Greenville-Anderson-Mauldin, SC (Metropolitan Statistical Area)"," ","200","Gross domestic product (GDP) by metropolitan area","73","624","    Social assistance","(D)","(D)","(D)","(D)","(D)","(D)","(D)","(D)","(D)","(D)","(D)","(D)","(D)","(D)","(NA)"
"24860","Greenville-Anderson-Mauldin, SC (Metropolitan Statistical Area)"," ","200","Gross domestic product (GDP) by metropolitan area","74","71, 72","  Arts, entertainment, recreation, accommodation, and food services",812,807,835,888,921,997,1039,1017,1011,1068,1118,1154,1197,1286,1380
"24860","Greenville-Anderson-Mauldin, SC (Metropolitan Statistical Area)"," ","200","Gross domestic product (GDP) by metropolitan area","75","71","   Arts, entertainment, and recreation",115,126,131,132,124,133,144,147,149,177,205,211,211,223,230
"24860","Greenville-Anderson-Mauldin, SC (Metropolitan Statistical Area)"," ","200","Gross domestic product (GDP) by metropolitan area","76","711-712","    Performing arts, spectator sports, museums, and related activities","(D)","(D)","(D)","(D)","(D)","(D)","(D)","(D)","(D)","(D)","(D)","(D)","(D)","(D)","(NA)"
"24860","Greenville-Anderson-Mauldin, SC (Metropolitan Statistical Area)"," ","200","Gross domestic product (GDP) by metropolitan area","77","713","    Amusements, gambling, and recreation industries","(D)","(D)","(D)","(D)","(D)","(D)","(D)","(D)","(D)","(D)","(D)","(D)","(D)","(D)","(NA)"
"24860","Greenville-Anderson-Mauldin, SC (Metropolitan Statistical Area)"," ","200","Gross domestic product (GDP) by metropolitan area","78","72","   Accommodation and food services",697,682,704,755,796,864,895,871,863,891,913,943,987,1063,1149
"24860","Greenville-Anderson-Mauldin, SC (Metropolitan Statistical Area)"," ","200","Gross domestic product (GDP) by metropolitan area","79","721","    Accommodation",110,"(D)",105,113,128,138,151,141,119,131,144,150,169,186,"(NA)"
"24860","Greenville-Anderson-Mauldin, SC (Metropolitan Statistical Area)"," ","200","Gross domestic product (GDP) by metropolitan area","80","722","    Food services and drinking places",587,"(D)",598,643,668,726,744,730,743,760,770,794,817,877,"(NA)"
"24860","Greenville-Anderson-Mauldin, SC (Metropolitan Statistical Area)"," ","200","Gross domestic product (GDP) by metropolitan area","81","81","  Other services, except government",749,770,711,731,749,788,802,786,786,797,824,848,904,908,922
"24860","Greenville-Anderson-Mauldin, SC (Metropolitan Statistical Area)"," ","200","Gross domestic product (GDP) by metropolitan area","82","92"," Government",2673,2832,3037,3211,3421,3593,3781,4007,4051,3877,3965,4113,4190,4340,4494
"24860","Greenville-Anderson-Mauldin, SC (Metropolitan Statistical Area)"," ","200","Gross domestic product (GDP) by metropolitan area","83","...","  Federal civilian",195,200,213,224,227,228,242,251,244,273,269,270,269,283,"(NA)"
"24860","Greenville-Anderson-Mauldin, SC (Metropolitan Statistical Area)"," ","200","Gross domestic product (GDP) by metropolitan area","84","...","  Federal military",65,85,119,123,141,129,134,149,166,165,156,142,137,128,"(NA)"
"24860","Greenville-Anderson-Mauldin, SC (Metropolitan Statistical Area)"," ","200","Gross domestic product (GDP) by metropolitan area","85","...","  State and local",2413,2547,2704,2865,3053,3236,3405,3607,3641,3438,3540,3701,3784,3928,"(NA)"
"24860","Greenville-Anderson-Mauldin, SC (Metropolitan Statistical Area)"," ","200","Gross domestic product (GDP) by metropolitan area","86","11, 21","Natural resources and mining",91,"(D)",83,115,115,105,92,91,102,96,67,68,91,108,94
"24860","Greenville-Anderson-Mauldin, SC (Metropolitan Statistical Area)"," ","200","Gross domestic product (GDP) by metropolitan area","87","42, 44-45","Trade",3667,3542,"(D)","(D)","(D)","(D)","(D)","(D)","(D)","(D)","(D)","(D)","(D)","(D)","(D)"
"24860","Greenville-Anderson-Mauldin, SC (Metropolitan Statistical Area)"," ","200","Gross domestic product (GDP) by metropolitan area","88","...","Transportation and utilities",1090,1056,"(D)","(D)","(D)","(D)","(D)","(D)","(D)","(D)","(D)","(D)","(D)","(D)","(D)"
"24860","Greenville-Anderson-Mauldin, SC (Metropolitan Statistical Area)"," ","200","Gross domestic product (GDP) by metropolitan area","89","...","Private goods-producing industries",8190,8380,8728,7083,7146,7239,7887,7477,7454,7538,8002,8123,8363,9084,9604
"24860","Greenville-Anderson-Mauldin, SC (Metropolitan Statistical Area)"," ","200","Gross domestic product (GDP) by metropolitan area","90","...","Private services-providing industries",13887,13879,14459,15443,16613,17405,18319,19034,18534,19820,20752,21057,21905,22827,24208
"24860","Greenville-Anderson-Mauldin, SC (Metropolitan Statistical Area)"," ","800","Quantity indexes for real GDP by metropolitan area","1","...","All industry total",98.748,98.667,102.153,98.297,100.921,101.723,105.237,105.283,100.000,103.662,107.098,106.325,107.882,111.170,114.204
"24860","Greenville-Anderson-Mauldin, SC (Metropolitan Statistical Area)"," ","800","Quantity indexes for real GDP by metropolitan area","2","..."," Private industries",100.104,99.710,103.283,98.774,101.453,102.262,106.211,105.857,100.000,105.326,109.255,108.061,109.948,113.598,116.966
"24860","Greenville-Anderson-Mauldin, SC (Metropolitan Statistical Area)"," ","800","Quantity indexes for real GDP by metropolitan area","3","11","  Agriculture, forestry, fishing, and hunting","(D)","(D)","(D)","(D)","(D)","(D)","(D)","(D)","(D)","(D)","(D)","(D)","(D)","(D)","(D)"
"24860","Greenville-Anderson-Mauldin, SC (Metropolitan Statistical Area)"," ","800","Quantity indexes for real GDP by metropolitan area","4","111-112","   Farms",172.490,218.402,103.766,174.488,200.621,86.505,36.893,30.983,100.000,127.991,23.632,67.551,127.523,153.365,"(NA)"
"24860","Greenville-Anderson-Mauldin, SC (Metropolitan Statistical Area)"," ","800","Quantity indexes for real GDP by metropolitan area","5","113-115","   Forestry, fishing, and related activities","(D)","(D)","(D)","(D)","(D)","(D)","(D)","(D)","(D)","(D)","(D)","(D)","(D)","(D)","(NA)"
"24860","Greenville-Anderson-Mauldin, SC (Metropolitan Statistical Area)"," ","800","Quantity indexes for real GDP by metropolitan area","6","21","  Mining","(D)","(D)","(D)","(D)","(D)","(D)","(D)","(D)","(D)","(D)","(D)","(D)","(D)","(D)","(D)"
"24860","Greenville-Anderson-Mauldin, SC (Metropolitan Statistical Area)"," ","800","Quantity indexes for real GDP by metropolitan area","7","211","   Oil and gas extraction",16.877,21.230,34.665,111.471,60.437,110.515,88.098,59.872,100.000,42.486,"(D)","(D)","(D)",407.878,"(NA)"
"24860","Greenville-Anderson-Mauldin, SC (Metropolitan Statistical Area)"," ","800","Quantity indexes for real GDP by metropolitan area","8","212","   Mining, except oil and gas","(D)","(D)","(D)","(D)","(D)","(D)","(D)","(D)","(D)","(D)","(D)","(D)","(D)","(D)","(NA)"
"24860","Greenville-Anderson-Mauldin, SC (Metropolitan Statistical Area)"," ","800","Quantity indexes for real GDP by metropolitan area","9","213","   Support activities for mining","(D)","(D)","(D)","(D)","(D)","(D)","(D)","(D)","(D)","(D)","(D)","(D)","(D)","(D)","(NA)"
"24860","Greenville-Anderson-Mauldin, SC (Metropolitan Statistical Area)"," ","800","Quantity indexes for real GDP by metropolitan area","10","22","  Utilities","(D)","(D)","(D)","(D)","(D)","(D)","(D)","(D)","(D)","(D)","(D)","(D)","(D)","(D)","(D)"
"24860","Greenville-Anderson-Mauldin, SC (Metropolitan Statistical Area)"," ","800","Quantity indexes for real GDP by metropolitan area","11","23","  Construction",142.223,124.472,131.098,129.849,128.391,125.080,129.269,115.597,100.000,90.591,86.237,90.850,89.559,103.477,107.345
"24860","Greenville-Anderson-Mauldin, SC (Metropolitan Statistical Area)"," ","800","Quantity indexes for real GDP by metropolitan area","12","31-33","  Manufacturing",124.790,130.381,137.199,106.025,103.021,101.705,111.198,106.139,100.000,107.074,114.780,110.704,111.279,114.911,115.225
"24860","Greenville-Anderson-Mauldin, SC (Metropolitan Statistical Area)"," ","800","Quantity indexes for real GDP by metropolitan area","13","...","   Durable goods manufacturing","(D)","(D)","(D)","(D)","(D)","(D)","(D)","(D)","(D)","(D)","(D)","(D)","(D)","(D)","(D)"
"24860","Greenville-Anderson-Mauldin, SC (Metropolitan Statistical Area)"," ","800","Quantity indexes for real GDP by metropolitan area","14","321","    Wood products manufacturing","(D)",88.761,91.421,115.915,133.619,136.070,184.741,126.074,100.000,114.706,"(D)","(D)",145.401,135.991,"(NA)"
"24860","Greenville-Anderson-Mauldin, SC (Metropolitan Statistical Area)"," ","800","Quantity indexes for real GDP by metropolitan area","15","327","    Nonmetallic mineral products manufacturing",190.023,"(D)","(D)","(D)","(D)",167.068,175.955,137.729,100.000,105.045,115.656,127.029,125.719,123.892,"(NA)"
"24860","Greenville-Anderson-Mauldin, SC (Metropolitan Statistical Area)"," ","800","Quantity indexes for real GDP by metropolitan area","16","331","    Primary metals manufacturing","(D)","(D)","(D)","(D)","(D)","(D)","(D)","(D)","(D)","(D)","(D)","(D)","(D)","(D)","(NA)"
"24860","Greenville-Anderson-Mauldin, SC (Metropolitan Statistical Area)"," ","800","Quantity indexes for real GDP by metropolitan area","17","332","    Fabricated metal products",114.921,111.880,138.171,140.028,133.320,116.452,123.240,133.739,100.000,95.133,93.566,97.459,103.938,125.161,"(NA)"
"24860","Greenville-Anderson-Mauldin, SC (Metropolitan Statistical Area)"," ","800","Quantity indexes for real GDP by metropolitan area","18","333","    Machinery manufacturing",128.688,178.981,199.902,85.878,88.733,67.474,92.458,91.541,100.000,82.408,96.319,91.566,82.962,70.934,"(NA)"
"24860","Greenville-Anderson-Mauldin, SC (Metropolitan Statistical Area)"," ","800","Quantity indexes for real GDP by metropolitan area","19","334","    Computer and electronic products manufacturing",79.103,108.612,88.566,138.499,150.224,143.036,"(D)",132.392,100.000,"(D)","(D)",312.251,364.602,"(D)","(NA)"
"24860","Greenville-Anderson-Mauldin, SC (Metropolitan Statistical Area)"," ","800","Quantity indexes for real GDP by metropolitan area","20","335","    Electrical equipment, appliance, and components manufacturing","(D)","(D)","(D)","(D)","(D)","(D)","(D)","(D)","(D)","(D)","(D)","(D)","(D)","(D)","(NA)"
"24860","Greenville-Anderson-Mauldin, SC (Metropolitan Statistical Area)"," ","800","Quantity indexes for real GDP by metropolitan area","21","3361-3363","    Motor vehicles, bodies and trailers, and parts manufacturing","(D)","(D)","(D)","(D)","(D)","(D)","(D)","(D)","(D)","(D)","(D)","(D)","(D)","(D)","(NA)"
"24860","Greenville-Anderson-Mauldin, SC (Metropolitan Statistical Area)"," ","800","Quantity indexes for real GDP by metropolitan area","22","3364-3366, 3369","    Other transportation equipment manufacturing","(D)","(D)","(D)","(D)","(D)","(D)","(D)","(D)","(D)","(D)","(D)","(D)","(D)","(D)","(NA)"
"24860","Greenville-Anderson-Mauldin, SC (Metropolitan Statistical Area)"," ","800","Quantity indexes for real GDP by metropolitan area","23","337","    Furniture and related products manufacturing",75.075,76.102,69.686,74.490,145.922,180.321,172.923,101.692,100.000,"(D)","(D)","(D)",155.664,172.330,"(NA)"
"24860","Greenville-Anderson-Mauldin, SC (Metropolitan Statistical Area)"," ","800","Quantity indexes for real GDP by metropolitan area","24","339","    Miscellaneous manufacturing","(D)","(D)","(D)","(D)","(D)","(D)","(D)","(D)","(D)","(D)","(D)","(D)","(D)","(D)","(NA)"
"24860","Greenville-Anderson-Mauldin, SC (Metropolitan Statistical Area)"," ","800","Quantity indexes for real GDP by metropolitan area","25","...","   Nondurable goods manufacturing","(D)","(D)","(D)","(D)","(D)","(D)","(D)","(D)","(D)","(D)","(D)","(D)","(D)","(D)","(D)"
"24860","Greenville-Anderson-Mauldin, SC (Metropolitan Statistical Area)"," ","800","Quantity indexes for real GDP by metropolitan area","26","311-312","    Food and beverage and tobacco products manufacturing","(D)","(D)","(D)","(D)","(D)","(D)","(D)","(D)","(D)","(D)","(D)","(D)","(D)","(D)","(NA)"
"24860","Greenville-Anderson-Mauldin, SC (Metropolitan Statistical Area)"," ","800","Quantity indexes for real GDP by metropolitan area","27","313-314","    Textile mills and textile product mills","(D)","(D)","(D)","(D)","(D)","(D)","(D)","(D)","(D)","(D)","(D)","(D)","(D)","(D)","(NA)"
"24860","Greenville-Anderson-Mauldin, SC (Metropolitan Statistical Area)"," ","800","Quantity indexes for real GDP by metropolitan area","28","315-316","    Apparel and leather and allied products manufacturing","(D)","(D)","(D)","(D)","(D)","(D)","(D)","(D)","(D)","(D)","(D)","(D)","(D)","(D)","(NA)"
"24860","Greenville-Anderson-Mauldin, SC (Metropolitan Statistical Area)"," ","800","Quantity indexes for real GDP by metropolitan area","29","322","    Paper products manufacturing","(D)","(D)","(D)","(D)","(D)","(D)","(D)","(D)","(D)","(D)","(D)","(D)","(D)","(D)","(NA)"
"24860","Greenville-Anderson-Mauldin, SC (Metropolitan Statistical Area)"," ","800","Quantity indexes for real GDP by metropolitan area","30","323","    Printing and related support activities",99.865,106.652,"(D)",110.328,113.625,126.407,145.044,137.029,100.000,110.256,120.490,138.940,133.074,135.695,"(NA)"
"24860","Greenville-Anderson-Mauldin, SC (Metropolitan Statistical Area)"," ","800","Quantity indexes for real GDP by metropolitan area","31","324","    Petroleum and coal products manufacturing","(D)","(D)","(D)","(D)","(D)","(D)","(D)","(D)","(D)","(D)","(D)","(D)","(D)","(D)","(NA)"
"24860","Greenville-Anderson-Mauldin, SC (Metropolitan Statistical Area)"," ","800","Quantity indexes for real GDP by metropolitan area","32","325","    Chemical products manufacturing","(D)","(D)",74.321,76.201,57.566,65.518,109.908,87.236,100.000,130.450,112.693,101.860,84.430,87.154,"(NA)"
"24860","Greenville-Anderson-Mauldin, SC (Metropolitan Statistical Area)"," ","800","Quantity indexes for real GDP by metropolitan area","33","326","    Plastics and rubber products manufacturing","(D)","(D)","(D)","(D)","(D)","(D)","(D)","(D)","(D)","(D)","(D)","(D)","(D)","(D)","(NA)"
"24860","Greenville-Anderson-Mauldin, SC (Metropolitan Statistical Area)"," ","800","Quantity indexes for real GDP by metropolitan area","34","42","  Wholesale trade","(D)","(D)","(D)","(D)","(D)","(D)","(D)","(D)","(D)","(D)","(D)","(D)","(D)","(D)","(D)"
"24860","Greenville-Anderson-Mauldin, SC (Metropolitan Statistical Area)"," ","800","Quantity indexes for real GDP by metropolitan area","35","44-45","  Retail trade",101.903,98.766,106.762,112.091,117.837,114.664,111.563,106.968,100.000,101.419,99.590,97.212,98.990,101.984,107.464
"24860","Greenville-Anderson-Mauldin, SC (Metropolitan Statistical Area)"," ","800","Quantity indexes for real GDP by metropolitan area","36","48-49","  Transportation and warehousing","(D)","(D)",113.460,109.967,114.409,117.745,110.809,108.334,100.000,101.878,104.759,101.822,91.545,91.948,86.362
"24860","Greenville-Anderson-Mauldin, SC (Metropolitan Statistical Area)"," ","800","Quantity indexes for real GDP by metropolitan area","37","481","   Air transportation","(D)","(D)","(D)","(D)","(D)","(D)","(D)","(D)","(D)","(D)","(D)","(D)","(D)","(D)","(NA)"
"24860","Greenville-Anderson-Mauldin, SC (Metropolitan Statistical Area)"," ","800","Quantity indexes for real GDP by metropolitan area","38","482","   Rail transportation",103.665,96.685,"(D)",109.751,"(D)",114.328,107.575,108.184,100.000,95.546,94.612,96.150,93.294,95.546,"(NA)"
"24860","Greenville-Anderson-Mauldin, SC (Metropolitan Statistical Area)"," ","800","Quantity indexes for real GDP by metropolitan area","39","483","   Water transportation","(D)","(D)","(D)","(D)","(D)","(D)","(D)","(D)","(D)","(D)","(D)","(D)","(D)","(D)","(NA)"
"24860","Greenville-Anderson-Mauldin, SC (Metropolitan Statistical Area)"," ","800","Quantity indexes for real GDP by metropolitan area","40","484","   Truck transportation","(D)",118.059,132.479,127.484,123.062,127.194,124.862,114.912,100.000,108.258,117.581,116.216,83.971,81.740,"(NA)"
"24860","Greenville-Anderson-Mauldin, SC (Metropolitan Statistical Area)"," ","800","Quantity indexes for real GDP by metropolitan area","41","485","   Transit and ground passenger transportation","(D)","(D)","(D)","(D)","(D)","(D)","(D)","(D)","(D)","(D)","(D)","(D)","(D)","(D)","(NA)"
"24860","Greenville-Anderson-Mauldin, SC (Metropolitan Statistical Area)"," ","800","Quantity indexes for real GDP by metropolitan area","42","486","   Pipeline transportation","(D)","(D)","(D)","(D)","(D)","(D)","(D)","(D)","(D)","(D)","(D)","(D)","(D)","(D)","(NA)"
"24860","Greenville-Anderson-Mauldin, SC (Metropolitan Statistical Area)"," ","800","Quantity indexes for real GDP by metropolitan area","43","487-488, 492","   Other transportation and support activities","(D)","(D)","(D)","(D)","(D)","(D)","(D)","(D)","(D)","(D)","(D)","(D)","(D)","(D)","(NA)"
"24860","Greenville-Anderson-Mauldin, SC (Metropolitan Statistical Area)"," ","800","Quantity indexes for real GDP by metropolitan area","44","493","   Warehousing and storage","(D)","(D)","(D)","(D)","(D)","(D)","(D)","(D)","(D)","(D)","(D)","(D)","(D)","(D)","(NA)"
"24860","Greenville-Anderson-Mauldin, SC (Metropolitan Statistical Area)"," ","800","Quantity indexes for real GDP by metropolitan area","45","51","  Information",66.966,69.857,73.296,79.258,84.127,87.167,91.662,100.473,100.000,103.353,102.797,104.196,110.175,111.405,126.194
"24860","Greenville-Anderson-Mauldin, SC (Metropolitan Statistical Area)"," ","800","Quantity indexes for real GDP by metropolitan area","46","511","   Publishing industries, except Internet (includes software)","(D)","(D)","(D)","(D)","(D)","(D)","(D)","(D)","(D)","(D)","(D)","(D)","(D)","(D)","(NA)"
"24860","Greenville-Anderson-Mauldin, SC (Metropolitan Statistical Area)"," ","800","Quantity indexes for real GDP by metropolitan area","47","512","   Motion picture and sound recording industries","(D)","(D)","(D)","(D)","(D)","(D)","(D)","(D)","(D)","(D)","(D)","(D)","(D)","(D)","(NA)"
"24860","Greenville-Anderson-Mauldin, SC (Metropolitan Statistical Area)"," ","800","Quantity indexes for real GDP by metropolitan area","48","515, 517","   Broadcasting and telecommunications","(D)","(D)","(D)","(D)","(D)","(D)","(D)","(D)","(D)","(D)","(D)","(D)","(D)","(D)","(NA)"
"24860","Greenville-Anderson-Mauldin, SC (Metropolitan Statistical Area)"," ","800","Quantity indexes for real GDP by metropolitan area","49","518, 519","   Data processing, internet publishing, and other information services","(D)","(D)","(D)","(D)","(D)","(D)","(D)","(D)","(D)","(D)","(D)","(D)","(D)","(D)","(NA)"
"24860","Greenville-Anderson-Mauldin, SC (Metropolitan Statistical Area)"," ","800","Quantity indexes for real GDP by metropolitan area","50","52, 53","  Finance, insurance, real estate, rental, and leasing",84.767,80.925,80.604,79.939,85.008,81.414,86.689,95.252,100.000,107.664,107.963,102.368,107.107,109.621,113.257
"24860","Greenville-Anderson-Mauldin, SC (Metropolitan Statistical Area)"," ","800","Quantity indexes for real GDP by metropolitan area","51","52","   Finance and insurance",85.165,86.586,91.586,90.962,104.308,97.728,98.488,90.574,100.000,95.801,89.980,88.832,93.515,94.423,99.398
"24860","Greenville-Anderson-Mauldin, SC (Metropolitan Statistical Area)"," ","800","Quantity indexes for real GDP by metropolitan area","52","521-522","    Federal Reserve banks, credit intermediation, and related services","(D)","(D)","(D)","(D)","(D)","(D)","(D)","(D)","(D)","(D)","(D)","(D)","(D)","(D)","(NA)"
"24860","Greenville-Anderson-Mauldin, SC (Metropolitan Statistical Area)"," ","800","Quantity indexes for real GDP by metropolitan area","53","523","    Securities, commodity contracts, and investments","(D)","(D)","(D)","(D)","(D)","(D)","(D)","(D)","(D)","(D)","(D)","(D)","(D)","(D)","(NA)"
"24860","Greenville-Anderson-Mauldin, SC (Metropolitan Statistical Area)"," ","800","Quantity indexes for real GDP by metropolitan area","54","524","    Insurance carriers and related activities","(D)","(D)","(D)","(D)",128.568,114.841,"(D)",103.195,100.000,101.684,96.643,93.616,"(D)","(D)","(NA)"
"24860","Greenville-Anderson-Mauldin, SC (Metropolitan Statistical Area)"," ","800","Quantity indexes for real GDP by metropolitan area","55","525","    Funds, trusts, and other financial vehicles","(D)","(D)","(D)","(D)","(D)","(D)","(D)","(D)","(D)","(D)","(D)","(D)","(D)","(D)","(NA)"
"24860","Greenville-Anderson-Mauldin, SC (Metropolitan Statistical Area)"," ","800","Quantity indexes for real GDP by metropolitan area","56","53","   Real estate and rental and leasing",84.715,78.577,75.949,75.264,76.716,74.417,81.622,97.128,100.000,112.270,115.007,107.623,112.368,115.548,118.601
"24860","Greenville-Anderson-Mauldin, SC (Metropolitan Statistical Area)"," ","800","Quantity indexes for real GDP by metropolitan area","57","531","    Real estate",82.393,76.888,74.567,73.648,74.253,71.131,79.827,95.978,100.000,113.795,"(D)","(D)","(D)","(D)","(NA)"
"24860","Greenville-Anderson-Mauldin, SC (Metropolitan Statistical Area)"," ","800","Quantity indexes for real GDP by metropolitan area","58","532-533","    Rental and leasing services and lessors of intangible assets",108.576,95.843,89.987,91.757,102.057,108.341,99.891,108.766,100.000,97.033,"(D)","(D)","(D)","(D)","(NA)"
"24860","Greenville-Anderson-Mauldin, SC (Metropolitan Statistical Area)"," ","800","Quantity indexes for real GDP by metropolitan area","59","54, 55, 56","  Professional and business services",78.273,"(D)",84.703,91.819,97.159,103.643,108.770,111.742,100.000,110.056,120.707,125.295,126.529,130.030,132.421
"24860","Greenville-Anderson-Mauldin, SC (Metropolitan Statistical Area)"," ","800","Quantity indexes for real GDP by metropolitan area","60","54","   Professional, scientific, and technical services","(D)","(D)","(D)","(D)","(D)","(D)","(D)","(D)","(D)","(D)","(D)","(D)","(D)","(D)","(D)"
"24860","Greenville-Anderson-Mauldin, SC (Metropolitan Statistical Area)"," ","800","Quantity indexes for real GDP by metropolitan area","64","55","   Management of companies and enterprises","(D)","(D)","(D)","(D)","(D)","(D)","(D)","(D)","(D)","(D)","(D)","(D)","(D)","(D)","(D)"
"24860","Greenville-Anderson-Mauldin, SC (Metropolitan Statistical Area)"," ","800","Quantity indexes for real GDP by metropolitan area","65","56","   Administrative and waste management services",62.301,64.632,76.605,79.605,93.345,103.838,112.923,113.229,100.000,126.873,147.032,149.547,150.886,153.476,155.106
"24860","Greenville-Anderson-Mauldin, SC (Metropolitan Statistical Area)"," ","800","Quantity indexes for real GDP by metropolitan area","66","561","    Administrative and support services","(D)","(D)","(D)","(D)","(D)","(D)","(D)","(D)","(D)","(D)","(D)","(D)","(D)","(D)","(NA)"
"24860","Greenville-Anderson-Mauldin, SC (Metropolitan Statistical Area)"," ","800","Quantity indexes for real GDP by metropolitan area","67","562","    Waste management and remediation services","(D)","(D)","(D)","(D)","(D)","(D)","(D)","(D)","(D)","(D)","(D)","(D)","(D)","(D)","(NA)"
"24860","Greenville-Anderson-Mauldin, SC (Metropolitan Statistical Area)"," ","800","Quantity indexes for real GDP by metropolitan area","68","61, 62","  Educational services, health care, and social assistance",77.575,80.295,83.109,85.640,87.270,90.352,93.102,99.018,100.000,108.641,110.847,112.463,114.794,118.759,124.652
"24860","Greenville-Anderson-Mauldin, SC (Metropolitan Statistical Area)"," ","800","Quantity indexes for real GDP by metropolitan area","69","61","   Educational services","(D)","(D)","(D)","(D)","(D)","(D)","(D)","(D)","(D)","(D)","(D)","(D)","(D)","(D)","(D)"
"24860","Greenville-Anderson-Mauldin, SC (Metropolitan Statistical Area)"," ","800","Quantity indexes for real GDP by metropolitan area","70","62","   Health care and social assistance","(D)","(D)","(D)","(D)","(D)","(D)","(D)","(D)","(D)","(D)","(D)","(D)","(D)","(D)","(D)"
"24860","Greenville-Anderson-Mauldin, SC (Metropolitan Statistical Area)"," ","800","Quantity indexes for real GDP by metropolitan area","71","621","    Ambulatory health care services",89.937,93.518,97.423,100.140,101.674,102.279,100.764,103.560,100.000,97.623,98.221,98.182,128.771,137.002,"(NA)"
"24860","Greenville-Anderson-Mauldin, SC (Metropolitan Statistical Area)"," ","800","Quantity indexes for real GDP by metropolitan area","72","622-623","    Hospitals and nursing and residential care facilities","(D)","(D)","(D)","(D)","(D)","(D)","(D)","(D)","(D)","(D)","(D)","(D)","(D)","(D)","(NA)"
"24860","Greenville-Anderson-Mauldin, SC (Metropolitan Statistical Area)"," ","800","Quantity indexes for real GDP by metropolitan area","73","624","    Social assistance","(D)","(D)","(D)","(D)","(D)","(D)","(D)","(D)","(D)","(D)","(D)","(D)","(D)","(D)","(NA)"
"24860","Greenville-Anderson-Mauldin, SC (Metropolitan Statistical Area)"," ","800","Quantity indexes for real GDP by metropolitan area","74","71, 72","  Arts, entertainment, recreation, accommodation, and food services",105.586,100.843,102.878,107.230,107.437,112.326,112.535,106.633,100.000,105.655,111.020,110.192,111.246,116.838,119.346
"24860","Greenville-Anderson-Mauldin, SC (Metropolitan Statistical Area)"," ","800","Quantity indexes for real GDP by metropolitan area","75","71","   Arts, entertainment, and recreation",94.604,100.818,102.583,101.410,93.450,96.663,101.239,101.171,100.000,120.422,139.072,138.598,136.181,142.045,142.541
"24860","Greenville-Anderson-Mauldin, SC (Metropolitan Statistical Area)"," ","800","Quantity indexes for real GDP by metropolitan area","76","711-712","    Performing arts, spectator sports, museums, and related activities","(D)","(D)","(D)","(D)","(D)","(D)","(D)","(D)","(D)","(D)","(D)","(D)","(D)","(D)","(NA)"
"24860","Greenville-Anderson-Mauldin, SC (Metropolitan Statistical Area)"," ","800","Quantity indexes for real GDP by metropolitan area","77","713","    Amusements, gambling, and recreation industries","(D)","(D)","(D)","(D)","(D)","(D)","(D)","(D)","(D)","(D)","(D)","(D)","(D)","(D)","(NA)"
"24860","Greenville-Anderson-Mauldin, SC (Metropolitan Statistical Area)"," ","800","Quantity indexes for real GDP by metropolitan area","78","72","   Accommodation and food services",107.535,100.760,102.843,108.224,109.944,115.139,114.548,107.593,100.000,103.123,106.219,105.330,106.969,112.510,115.344
"24860","Greenville-Anderson-Mauldin, SC (Metropolitan Statistical Area)"," ","800","Quantity indexes for real GDP by metropolitan area","79","721","    Accommodation",110.597,"(D)",104.535,110.248,117.949,122.097,126.725,115.641,100.000,110.388,119.574,120.631,133.281,140.960,"(NA)"
"24860","Greenville-Anderson-Mauldin, SC (Metropolitan Statistical Area)"," ","800","Quantity indexes for real GDP by metropolitan area","80","722","    Food services and drinking places",107.065,"(D)",102.592,107.918,108.596,113.979,112.486,106.233,100.000,101.962,104.079,102.876,102.750,107.947,"(NA)"
"24860","Greenville-Anderson-Mauldin, SC (Metropolitan Statistical Area)"," ","800","Quantity indexes for real GDP by metropolitan area","81","81","  Other services, except government",129.856,127.796,114.770,114.469,112.656,113.888,111.327,105.029,100.000,98.768,99.835,100.086,103.742,101.616,99.667
"24860","Greenville-Anderson-Mauldin, SC (Metropolitan Statistical Area)"," ","800","Quantity indexes for real GDP by metropolitan area","82","92"," Government",89.596,91.803,94.685,95.309,97.570,98.330,99.013,101.615,100.000,93.130,93.495,95.352,94.844,95.876,96.818
"24860","Greenville-Anderson-Mauldin, SC (Metropolitan Statistical Area)"," ","800","Quantity indexes for real GDP by metropolitan area","83","...","  Federal civilian",108.451,105.209,106.113,106.534,103.431,100.807,102.747,104.664,100.000,107.730,103.643,103.977,101.213,104.043,"(NA)"
"24860","Greenville-Anderson-Mauldin, SC (Metropolitan Statistical Area)"," ","800","Quantity indexes for real GDP by metropolitan area","84","...","  Federal military",56.500,69.060,88.999,87.940,94.583,82.583,78.722,88.647,100.000,97.143,90.168,81.015,78.066,72.284,"(NA)"
"24860","Greenville-Anderson-Mauldin, SC (Metropolitan Statistical Area)"," ","800","Quantity indexes for real GDP by metropolitan area","85","...","  State and local",89.788,91.912,94.152,94.869,97.299,98.902,99.779,102.012,100.000,91.962,92.965,95.423,95.175,96.387,"(NA)"
"24860","Greenville-Anderson-Mauldin, SC (Metropolitan Statistical Area)"," ","800","Quantity indexes for real GDP by metropolitan area","86","11, 21","Natural resources and mining",131.426,"(D)",115.104,142.224,141.212,121.767,96.042,88.191,100.000,85.824,53.718,54.040,71.480,88.744,84.582
"24860","Greenville-Anderson-Mauldin, SC (Metropolitan Statistical Area)"," ","800","Quantity indexes for real GDP by metropolitan area","87","42, 44-45","Trade","(D)","(D)","(D)","(D)","(D)","(D)","(D)","(D)","(D)","(D)","(D)","(D)","(D)","(D)","(D)"
"24860","Greenville-Anderson-Mauldin, SC (Metropolitan Statistical Area)"," ","800","Quantity indexes for real GDP by metropolitan area","88","...","Transportation and utilities","(D)","(D)","(D)","(D)","(D)","(D)","(D)","(D)","(D)","(D)","(D)","(D)","(D)","(D)","(D)"
"24860","Greenville-Anderson-Mauldin, SC (Metropolitan Statistical Area)"," ","800","Quantity indexes for real GDP by metropolitan area","89","...","Private goods-producing industries",128.535,130.615,137.069,111.531,108.826,106.884,114.786,107.842,100.000,103.438,108.058,105.801,106.276,112.241,113.226
"24860","Greenville-Anderson-Mauldin, SC (Metropolitan Statistical Area)"," ","800","Quantity indexes for real GDP by metropolitan area","90","...","Private services-providing industries",89.099,87.695,90.127,93.834,98.602,100.485,102.899,105.079,100.000,106.074,109.733,108.958,111.408,114.126,118.471
"24860","Greenville-Anderson-Mauldin, SC (Metropolitan Statistical Area)"," ","900","Real GDP by metropolitan area","1","...","All industry total",29664,29639,30686,29528,30316,30557,31613,31627,30040,31140,32172,31940,32407,33395,34306
"24860","Greenville-Anderson-Mauldin, SC (Metropolitan Statistical Area)"," ","900","Real GDP by metropolitan area","2","..."," Private industries",26015,25913,26842,25670,26366,26576,27602,27510,25988,27372,28393,28083,28573,29522,30398
"24860","Greenville-Anderson-Mauldin, SC (Metropolitan Statistical Area)"," ","900","Real GDP by metropolitan area","3","11","  Agriculture, forestry, fishing, and hunting","(D)","(D)","(D)","(D)","(D)","(D)","(D)","(D)","(D)","(D)","(D)","(D)",52,60,54
"24860","Greenville-Anderson-Mauldin, SC (Metropolitan Statistical Area)"," ","900","Real GDP by metropolitan area","4","111-112","   Farms",36,46,22,37,42,18,8,7,21,27,5,14,27,32,"(NA)"
"24860","Greenville-Anderson-Mauldin, SC (Metropolitan Statistical Area)"," ","900","Real GDP by metropolitan area","5","113-115","   Forestry, fishing, and related activities","(D)","(D)","(D)","(D)","(D)","(D)","(D)","(D)","(D)","(D)","(D)","(D)",21,22,"(NA)"
"24860","Greenville-Anderson-Mauldin, SC (Metropolitan Statistical Area)"," ","900","Real GDP by metropolitan area","6","21","  Mining","(D)","(D)","(D)","(D)","(D)","(D)","(D)","(D)","(D)","(D)","(D)","(D)",20,31,32
"24860","Greenville-Anderson-Mauldin, SC (Metropolitan Statistical Area)"," ","900","Real GDP by metropolitan area","7","211","   Oil and gas extraction","(L)","(L)","(L)","(L)","(L)","(L)","(L)","(L)","(L)","(L)","(D)","(D)","(D)","(L)","(NA)"
"24860","Greenville-Anderson-Mauldin, SC (Metropolitan Statistical Area)"," ","900","Real GDP by metropolitan area","8","212","   Mining, except oil and gas","(D)","(D)","(D)","(D)","(D)","(D)","(D)","(D)","(D)","(D)","(D)","(D)",19,30,"(NA)"
"24860","Greenville-Anderson-Mauldin, SC (Metropolitan Statistical Area)"," ","900","Real GDP by metropolitan area","9","213","   Support activities for mining","(D)","(D)","(D)","(D)","(D)","(D)","(D)","(D)","(D)","(D)","(D)","(D)","(D)",1,"(NA)"
"24860","Greenville-Anderson-Mauldin, SC (Metropolitan Statistical Area)"," ","900","Real GDP by metropolitan area","10","22","  Utilities","(D)","(D)","(D)","(D)","(D)","(D)","(D)","(D)","(D)","(D)","(D)","(D)","(D)","(D)","(D)"
"24860","Greenville-Anderson-Mauldin, SC (Metropolitan Statistical Area)"," ","900","Real GDP by metropolitan area","11","23","  Construction",2136,1870,1969,1951,1929,1879,1942,1736,1502,1361,1295,1365,1345,1554,1612
"24860","Greenville-Anderson-Mauldin, SC (Metropolitan Statistical Area)"," ","900","Real GDP by metropolitan area","12","31-33","  Manufacturing",7301,7628,8027,6203,6027,5950,6506,6210,5851,6265,6715,6477,6511,6723,6741
"24860","Greenville-Anderson-Mauldin, SC (Metropolitan Statistical Area)"," ","900","Real GDP by metropolitan area","13","...","   Durable goods manufacturing","(D)",4147,4543,"(D)",3523,3465,3691,"(D)","(D)",3347,3846,3899,4059,4228,4337
"24860","Greenville-Anderson-Mauldin, SC (Metropolitan Statistical Area)"," ","900","Real GDP by metropolitan area","14","321","    Wood products manufacturing","(D)",38,39,50,58,59,80,54,43,49,"(D)","(D)",63,59,"(NA)"
"24860","Greenville-Anderson-Mauldin, SC (Metropolitan Statistical Area)"," ","900","Real GDP by metropolitan area","15","327","    Nonmetallic mineral products manufacturing",222,"(D)","(D)","(D)","(D)",195,205,161,117,123,135,148,147,145,"(NA)"
"24860","Greenville-Anderson-Mauldin, SC (Metropolitan Statistical Area)"," ","900","Real GDP by metropolitan area","16","331","    Primary metals manufacturing","(D)","(D)","(D)","(D)","(D)","(D)","(D)","(D)","(D)","(D)","(D)","(D)",46,49,"(NA)"
"24860","Greenville-Anderson-Mauldin, SC (Metropolitan Statistical Area)"," ","900","Real GDP by metropolitan area","17","332","    Fabricated metal products",496,483,596,604,575,502,532,577,431,410,404,420,448,540,"(NA)"
"24860","Greenville-Anderson-Mauldin, SC (Metropolitan Statistical Area)"," ","900","Real GDP by metropolitan area","18","333","    Machinery manufacturing",1801,2504,2797,1202,1242,944,1294,1281,1399,1153,1348,1281,1161,993,"(NA)"
"24860","Greenville-Anderson-Mauldin, SC (Metropolitan Statistical Area)"," ","900","Real GDP by metropolitan area","19","334","    Computer and electronic products manufacturing",72,98,80,125,136,129,"(D)",120,91,"(D)","(D)",283,330,"(D)","(NA)"
"24860","Greenville-Anderson-Mauldin, SC (Metropolitan Statistical Area)"," ","900","Real GDP by metropolitan area","20","335","    Electrical equipment, appliance, and components manufacturing","(D)","(D)","(D)","(D)","(D)","(D)","(D)","(D)","(D)","(D)","(D)","(D)","(D)","(D)","(NA)"
"24860","Greenville-Anderson-Mauldin, SC (Metropolitan Statistical Area)"," ","900","Real GDP by metropolitan area","21","3361-3363","    Motor vehicles, bodies and trailers, and parts manufacturing","(D)","(D)","(D)","(D)","(D)","(D)","(D)","(D)","(D)","(D)","(D)","(D)","(D)","(D)","(NA)"
"24860","Greenville-Anderson-Mauldin, SC (Metropolitan Statistical Area)"," ","900","Real GDP by metropolitan area","22","3364-3366, 3369","    Other transportation equipment manufacturing","(D)","(D)","(D)","(D)","(D)","(D)","(D)","(D)","(D)","(D)","(D)","(D)",146,140,"(NA)"
"24860","Greenville-Anderson-Mauldin, SC (Metropolitan Statistical Area)"," ","900","Real GDP by metropolitan area","23","337","    Furniture and related products manufacturing",52,52,48,51,101,124,119,70,69,"(D)","(D)","(D)",107,119,"(NA)"
"24860","Greenville-Anderson-Mauldin, SC (Metropolitan Statistical Area)"," ","900","Real GDP by metropolitan area","24","339","    Miscellaneous manufacturing","(D)","(D)","(D)","(D)","(D)","(D)","(D)","(D)","(D)","(D)","(D)","(D)","(D)","(D)","(NA)"
"24860","Greenville-Anderson-Mauldin, SC (Metropolitan Statistical Area)"," ","900","Real GDP by metropolitan area","25","...","   Nondurable goods manufacturing","(D)",3517,3498,"(D)",2504,2486,2818,"(D)","(D)",2916,2885,2613,2500,2548,2465
"24860","Greenville-Anderson-Mauldin, SC (Metropolitan Statistical Area)"," ","900","Real GDP by metropolitan area","26","311-312","    Food and beverage and tobacco products manufacturing","(D)","(D)","(D)","(D)","(D)","(D)","(D)","(D)","(D)","(D)","(D)","(D)",169,187,"(NA)"
"24860","Greenville-Anderson-Mauldin, SC (Metropolitan Statistical Area)"," ","900","Real GDP by metropolitan area","27","313-314","    Textile mills and textile product mills",904,"(D)","(D)","(D)","(D)","(D)","(D)","(D)","(D)","(D)","(D)","(D)","(D)","(D)","(NA)"
"24860","Greenville-Anderson-Mauldin, SC (Metropolitan Statistical Area)"," ","900","Real GDP by metropolitan area","28","315-316","    Apparel and leather and allied products manufacturing","(D)","(D)","(D)","(D)","(D)","(D)","(D)","(D)","(D)","(D)","(D)","(D)","(D)","(D)","(NA)"
"24860","Greenville-Anderson-Mauldin, SC (Metropolitan Statistical Area)"," ","900","Real GDP by metropolitan area","29","322","    Paper products manufacturing","(D)","(D)","(D)","(D)","(D)","(D)","(D)","(D)","(D)","(D)","(D)","(D)",315,332,"(NA)"
"24860","Greenville-Anderson-Mauldin, SC (Metropolitan Statistical Area)"," ","900","Real GDP by metropolitan area","30","323","    Printing and related support activities",74,79,"(D)",82,85,94,108,102,75,82,90,104,99,101,"(NA)"
"24860","Greenville-Anderson-Mauldin, SC (Metropolitan Statistical Area)"," ","900","Real GDP by metropolitan area","31","324","    Petroleum and coal products manufacturing","(L)","(D)","(D)","(D)","(D)","(D)","(D)","(D)","(D)","(D)","(D)","(D)","(D)","(D)","(NA)"
"24860","Greenville-Anderson-Mauldin, SC (Metropolitan Statistical Area)"," ","900","Real GDP by metropolitan area","32","325","    Chemical products manufacturing","(D)","(D)",637,653,493,562,942,748,857,1118,966,873,724,747,"(NA)"
"24860","Greenville-Anderson-Mauldin, SC (Metropolitan Statistical Area)"," ","900","Real GDP by metropolitan area","33","326","    Plastics and rubber products manufacturing",1798,"(D)","(D)",1153,"(D)","(D)","(D)","(D)","(D)","(D)","(D)","(D)","(D)","(D)","(NA)"
"24860","Greenville-Anderson-Mauldin, SC (Metropolitan Statistical Area)"," ","900","Real GDP by metropolitan area","34","42","  Wholesale trade",1921,1864,"(D)","(D)","(D)","(D)","(D)","(D)","(D)","(D)","(D)","(D)","(D)","(D)","(D)"
"24860","Greenville-Anderson-Mauldin, SC (Metropolitan Statistical Area)"," ","900","Real GDP by metropolitan area","35","44-45","  Retail trade",2361,2288,2473,2597,2730,2656,2584,2478,2317,2349,2307,2252,2293,2362,2489
"24860","Greenville-Anderson-Mauldin, SC (Metropolitan Statistical Area)"," ","900","Real GDP by metropolitan area","36","48-49","  Transportation and warehousing","(D)","(D)",944,915,952,980,922,902,832,848,872,847,762,765,719
"24860","Greenville-Anderson-Mauldin, SC (Metropolitan Statistical Area)"," ","900","Real GDP by metropolitan area","37","481","   Air transportation","(D)","(D)","(D)","(D)","(D)","(D)","(D)","(D)","(D)","(D)","(D)","(D)",12,"(D)","(NA)"
"24860","Greenville-Anderson-Mauldin, SC (Metropolitan Statistical Area)"," ","900","Real GDP by metropolitan area","38","482","   Rail transportation",43,40,"(D)",46,"(D)",48,45,45,42,40,39,40,39,40,"(NA)"
"24860","Greenville-Anderson-Mauldin, SC (Metropolitan Statistical Area)"," ","900","Real GDP by metropolitan area","39","483","   Water transportation","(L)","(L)","(L)","(L)","(L)","(L)","(L)","(D)","(D)","(D)","(D)","(D)","(D)","(L)","(NA)"
"24860","Greenville-Anderson-Mauldin, SC (Metropolitan Statistical Area)"," ","900","Real GDP by metropolitan area","40","484","   Truck transportation","(D)",422,474,456,440,455,446,411,358,387,420,416,300,292,"(NA)"
"24860","Greenville-Anderson-Mauldin, SC (Metropolitan Statistical Area)"," ","900","Real GDP by metropolitan area","41","485","   Transit and ground passenger transportation","(D)","(D)","(D)","(D)","(D)","(D)","(D)","(D)","(D)","(D)","(D)","(D)",20,20,"(NA)"
"24860","Greenville-Anderson-Mauldin, SC (Metropolitan Statistical Area)"," ","900","Real GDP by metropolitan area","42","486","   Pipeline transportation","(L)","(L)","(L)","(L)","(L)","(L)","(L)","(D)","(D)","(D)","(D)","(D)","(L)","(L)","(NA)"
"24860","Greenville-Anderson-Mauldin, SC (Metropolitan Statistical Area)"," ","900","Real GDP by metropolitan area","43","487-488, 492","   Other transportation and support activities","(D)","(D)","(D)","(D)","(D)","(D)","(D)","(D)","(D)","(D)","(D)","(D)","(D)","(D)","(NA)"
"24860","Greenville-Anderson-Mauldin, SC (Metropolitan Statistical Area)"," ","900","Real GDP by metropolitan area","44","493","   Warehousing and storage","(D)","(D)","(D)","(D)","(D)","(D)","(D)","(D)","(D)","(D)","(D)","(D)",219,234,"(NA)"
"24860","Greenville-Anderson-Mauldin, SC (Metropolitan Statistical Area)"," ","900","Real GDP by metropolitan area","45","51","  Information",797,831,872,943,1001,1037,1091,1196,1190,1230,1223,1240,1311,1326,1502
"24860","Greenville-Anderson-Mauldin, SC (Metropolitan Statistical Area)"," ","900","Real GDP by metropolitan area","46","511","   Publishing industries, except Internet (includes software)","(D)","(D)","(D)","(D)","(D)","(D)",243,249,"(D)",245,256,"(D)",311,276,"(NA)"
"24860","Greenville-Anderson-Mauldin, SC (Metropolitan Statistical Area)"," ","900","Real GDP by metropolitan area","47","512","   Motion picture and sound recording industries","(D)","(D)","(D)","(D)","(D)","(D)","(D)","(D)","(D)","(D)","(D)","(D)",24,25,"(NA)"
"24860","Greenville-Anderson-Mauldin, SC (Metropolitan Statistical Area)"," ","900","Real GDP by metropolitan area","48","515, 517","   Broadcasting and telecommunications","(D)","(D)","(D)","(D)","(D)","(D)","(D)","(D)","(D)","(D)","(D)","(D)",934,977,"(NA)"
"24860","Greenville-Anderson-Mauldin, SC (Metropolitan Statistical Area)"," ","900","Real GDP by metropolitan area","49","518, 519","   Data processing, internet publishing, and other information services","(D)","(D)","(D)","(D)","(D)","(D)","(D)","(D)","(D)","(D)","(D)","(D)",41,49,"(NA)"
"24860","Greenville-Anderson-Mauldin, SC (Metropolitan Statistical Area)"," ","900","Real GDP by metropolitan area","50","52, 53","  Finance, insurance, real estate, rental, and leasing",3666,3500,3486,3457,3677,3521,3749,4120,4325,4656,4669,4427,4632,4741,4898
"24860","Greenville-Anderson-Mauldin, SC (Metropolitan Statistical Area)"," ","900","Real GDP by metropolitan area","51","52","   Finance and insurance",1014,1031,1090,1083,1242,1163,1172,1078,1190,1140,1071,1057,1113,1124,1183
"24860","Greenville-Anderson-Mauldin, SC (Metropolitan Statistical Area)"," ","900","Real GDP by metropolitan area","52","521-522","    Federal Reserve banks, credit intermediation, and related services",475,521,565,508,538,"(D)",534,"(D)","(D)","(D)",510,"(D)","(D)","(D)","(NA)"
"24860","Greenville-Anderson-Mauldin, SC (Metropolitan Statistical Area)"," ","900","Real GDP by metropolitan area","53","523","    Securities, commodity contracts, and investments","(D)","(D)","(D)","(D)","(D)",122,"(D)","(D)","(D)","(D)","(D)","(D)","(D)","(D)","(NA)"
"24860","Greenville-Anderson-Mauldin, SC (Metropolitan Statistical Area)"," ","900","Real GDP by metropolitan area","54","524","    Insurance carriers and related activities","(D)","(D)","(D)","(D)",617,551,"(D)",495,480,488,464,449,"(D)","(D)","(NA)"
"24860","Greenville-Anderson-Mauldin, SC (Metropolitan Statistical Area)"," ","900","Real GDP by metropolitan area","55","525","    Funds, trusts, and other financial vehicles","(D)","(D)",2,2,"(D)","(D)","(D)","(D)","(D)","(D)","(D)","(D)","(D)","(D)","(NA)"
"24860","Greenville-Anderson-Mauldin, SC (Metropolitan Statistical Area)"," ","900","Real GDP by metropolitan area","56","53","   Real estate and rental and leasing",2656,2463,2381,2359,2405,2333,2559,3045,3135,3519,3605,3374,3522,3622,3718
"24860","Greenville-Anderson-Mauldin, SC (Metropolitan Statistical Area)"," ","900","Real GDP by metropolitan area","57","531","    Real estate",2348,2191,2125,2099,2116,2027,2275,2735,2850,3243,"(D)","(D)","(D)","(D)","(NA)"
"24860","Greenville-Anderson-Mauldin, SC (Metropolitan Statistical Area)"," ","900","Real GDP by metropolitan area","58","532-533","    Rental and leasing services and lessors of intangible assets",309,273,256,261,291,309,285,310,285,277,"(D)","(D)","(D)","(D)","(NA)"
"24860","Greenville-Anderson-Mauldin, SC (Metropolitan Statistical Area)"," ","900","Real GDP by metropolitan area","59","54, 55, 56","  Professional and business services",2687,"(D)",2907,3152,3335,3557,3733,3835,3432,3777,4143,4301,4343,4463,4545
"24860","Greenville-Anderson-Mauldin, SC (Metropolitan Statistical Area)"," ","900","Real GDP by metropolitan area","60","54","   Professional, scientific, and technical services","(D)","(D)","(D)",1569,"(D)","(D)","(D)","(D)","(D)","(D)","(D)","(D)",1804,1889,1951
"24860","Greenville-Anderson-Mauldin, SC (Metropolitan Statistical Area)"," ","900","Real GDP by metropolitan area","64","55","   Management of companies and enterprises","(D)",480,"(D)",556,"(D)","(D)","(D)","(D)","(D)","(D)","(D)","(D)",567,567,564
"24860","Greenville-Anderson-Mauldin, SC (Metropolitan Statistical Area)"," ","900","Real GDP by metropolitan area","65","56","   Administrative and waste management services",816,847,1003,1043,1223,1360,1479,1483,1310,1662,1926,1959,1976,2010,2032
"24860","Greenville-Anderson-Mauldin, SC (Metropolitan Statistical Area)"," ","900","Real GDP by metropolitan area","66","561","    Administrative and support services","(D)","(D)","(D)","(D)","(D)","(D)","(D)","(D)","(D)","(D)","(D)","(D)","(D)","(D)","(NA)"
"24860","Greenville-Anderson-Mauldin, SC (Metropolitan Statistical Area)"," ","900","Real GDP by metropolitan area","67","562","    Waste management and remediation services","(D)","(D)","(D)","(D)","(D)","(D)","(D)","(D)","(D)","(D)","(D)","(D)","(D)","(D)","(NA)"
"24860","Greenville-Anderson-Mauldin, SC (Metropolitan Statistical Area)"," ","900","Real GDP by metropolitan area","68","61, 62","  Educational services, health care, and social assistance",1671,1729,1790,1845,1880,1946,2005,2133,2154,2340,2387,2422,2472,2558,2685
"24860","Greenville-Anderson-Mauldin, SC (Metropolitan Statistical Area)"," ","900","Real GDP by metropolitan area","69","61","   Educational services","(D)","(D)","(D)","(D)","(D)","(D)","(D)","(D)","(D)","(D)","(D)","(D)","(D)","(D)","(D)"
"24860","Greenville-Anderson-Mauldin, SC (Metropolitan Statistical Area)"," ","900","Real GDP by metropolitan area","70","62","   Health care and social assistance","(D)","(D)","(D)","(D)","(D)","(D)","(D)","(D)","(D)","(D)","(D)","(D)","(D)","(D)","(D)"
"24860","Greenville-Anderson-Mauldin, SC (Metropolitan Statistical Area)"," ","900","Real GDP by metropolitan area","71","621","    Ambulatory health care services",855,890,927,952,967,973,958,985,951,929,934,934,1225,1303,"(NA)"
"24860","Greenville-Anderson-Mauldin, SC (Metropolitan Statistical Area)"," ","900","Real GDP by metropolitan area","72","622-623","    Hospitals and nursing and residential care facilities","(D)","(D)","(D)","(D)","(D)","(D)","(D)","(D)","(D)","(D)","(D)","(D)",800,787,"(NA)"
"24860","Greenville-Anderson-Mauldin, SC (Metropolitan Statistical Area)"," ","900","Real GDP by metropolitan area","73","624","    Social assistance","(D)","(D)","(D)","(D)","(D)","(D)","(D)","(D)","(D)","(D)","(D)","(D)","(D)","(D)","(NA)"
"24860","Greenville-Anderson-Mauldin, SC (Metropolitan Statistical Area)"," ","900","Real GDP by metropolitan area","74","71, 72","  Arts, entertainment, recreation, accommodation, and food services",1068,1020,1040,1084,1086,1136,1138,1078,1011,1068,1123,1114,1125,1182,1207
"24860","Greenville-Anderson-Mauldin, SC (Metropolitan Statistical Area)"," ","900","Real GDP by metropolitan area","75","71","   Arts, entertainment, and recreation",141,150,153,151,139,144,151,150,149,179,207,206,203,211,212
"24860","Greenville-Anderson-Mauldin, SC (Metropolitan Statistical Area)"," ","900","Real GDP by metropolitan area","76","711-712","    Performing arts, spectator sports, museums, and related activities","(D)","(D)","(D)","(D)","(D)","(D)","(D)","(D)","(D)","(D)","(D)","(D)","(D)","(D)","(NA)"
"24860","Greenville-Anderson-Mauldin, SC (Metropolitan Statistical Area)"," ","900","Real GDP by metropolitan area","77","713","    Amusements, gambling, and recreation industries","(D)","(D)","(D)","(D)","(D)","(D)","(D)","(D)","(D)","(D)","(D)","(D)","(D)","(D)","(NA)"
"24860","Greenville-Anderson-Mauldin, SC (Metropolitan Statistical Area)"," ","900","Real GDP by metropolitan area","78","72","   Accommodation and food services",928,869,887,933,948,993,988,928,863,889,916,908,923,970,995
"24860","Greenville-Anderson-Mauldin, SC (Metropolitan Statistical Area)"," ","900","Real GDP by metropolitan area","79","721","    Accommodation",132,"(D)",125,132,141,146,151,138,119,132,143,144,159,168,"(NA)"
"24860","Greenville-Anderson-Mauldin, SC (Metropolitan Statistical Area)"," ","900","Real GDP by metropolitan area","80","722","    Food services and drinking places",796,"(D)",762,802,807,847,836,789,743,758,773,764,763,802,"(NA)"
"24860","Greenville-Anderson-Mauldin, SC (Metropolitan Statistical Area)"," ","900","Real GDP by metropolitan area","81","81","  Other services, except government",1021,1005,902,900,886,895,875,826,786,777,785,787,816,799,784
"24860","Greenville-Anderson-Mauldin, SC (Metropolitan Statistical Area)"," ","900","Real GDP by metropolitan area","82","92"," Government",3630,3719,3836,3861,3953,3984,4011,4117,4051,3773,3788,3863,3843,3884,3923
"24860","Greenville-Anderson-Mauldin, SC (Metropolitan Statistical Area)"," ","900","Real GDP by metropolitan area","83","...","  Federal civilian",265,257,259,260,253,246,251,256,244,263,253,254,247,254,"(NA)"
"24860","Greenville-Anderson-Mauldin, SC (Metropolitan Statistical Area)"," ","900","Real GDP by metropolitan area","84","...","  Federal military",94,114,148,146,157,137,131,147,166,161,149,134,129,120,"(NA)"
"24860","Greenville-Anderson-Mauldin, SC (Metropolitan Statistical Area)"," ","900","Real GDP by metropolitan area","85","...","  State and local",3270,3347,3428,3455,3543,3601,3633,3715,3641,3349,3385,3475,3466,3510,"(NA)"
"24860","Greenville-Anderson-Mauldin, SC (Metropolitan Statistical Area)"," ","900","Real GDP by metropolitan area","86","11, 21","Natural resources and mining",133,"(D)",117,144,143,124,98,90,102,87,55,55,73,90,86
"24860","Greenville-Anderson-Mauldin, SC (Metropolitan Statistical Area)"," ","900","Real GDP by metropolitan area","87","42, 44-45","Trade",4295,4164,"(D)","(D)","(D)","(D)","(D)","(D)","(D)","(D)","(D)","(D)","(D)","(D)","(D)"
"24860","Greenville-Anderson-Mauldin, SC (Metropolitan Statistical Area)"," ","900","Real GDP by metropolitan area","88","...","Transportation and utilities",1366,1325,"(D)","(D)","(D)","(D)","(D)","(D)","(D)","(D)","(D)","(D)","(D)","(D)","(D)"
"24860","Greenville-Anderson-Mauldin, SC (Metropolitan Statistical Area)"," ","900","Real GDP by metropolitan area","89","...","Private goods-producing industries",9582,9737,10218,8314,8112,7968,8557,8039,7454,7711,8055,7887,7922,8367,8440
"24860","Greenville-Anderson-Mauldin, SC (Metropolitan Statistical Area)"," ","900","Real GDP by metropolitan area","90","...","Private services-providing industries",16513,16253,16704,17391,18275,18624,19071,19475,18534,19660,20338,20194,20648,21152,21957
"24860","Greenville-Anderson-Mauldin, SC (Metropolitan Statistical Area)"," ","1000","Per capita real GDP by metropolitan area","1","...","All industry total",40322,39992,41064,39152,39730,39302,39840,39105,36666,37710,38602,37932,38108,38721,39213
"Note: See the included footnote file."
NAICS Industry detail is based on the 2007 North American Industry Classification System (NAICS).
"Source: U.S. Department of Commerce / Bureau of Economic Analysis / Regional Product Division"
