"GeoFIPS","GeoName","Region","ComponentId","ComponentName","IndustryId","IndustryClassification","Description","2001","2002","2003","2004","2005","2006","2007","2008","2009","2010","2011","2012","2013","2014","2015"
"30460","Lexington-Fayette, KY (Metropolitan Statistical Area)"," ","200","Gross domestic product (GDP) by metropolitan area","1","...","All industry total",17354,18600,19110,19938,20798,22002,22646,22553,22014,23538,24296,25354,26081,27197,28589
"30460","Lexington-Fayette, KY (Metropolitan Statistical Area)"," ","200","Gross domestic product (GDP) by metropolitan area","2","..."," Private industries",15121,16193,16625,17314,18003,19014,19353,19021,18503,19810,20553,21387,21921,22859,24235
"30460","Lexington-Fayette, KY (Metropolitan Statistical Area)"," ","200","Gross domestic product (GDP) by metropolitan area","3","11","  Agriculture, forestry, fishing, and hunting","(D)","(D)","(D)","(D)","(D)","(D)","(D)","(D)","(D)","(D)","(D)","(D)","(D)","(D)","(D)"
"30460","Lexington-Fayette, KY (Metropolitan Statistical Area)"," ","200","Gross domestic product (GDP) by metropolitan area","4","111-112","   Farms",583,787,614,591,352,485,497,91,107,172,127,177,192,144,"(NA)"
"30460","Lexington-Fayette, KY (Metropolitan Statistical Area)"," ","200","Gross domestic product (GDP) by metropolitan area","5","113-115","   Forestry, fishing, and related activities","(D)","(D)","(D)","(D)","(D)","(D)","(D)","(D)","(D)","(D)","(D)","(D)","(D)","(D)","(NA)"
"30460","Lexington-Fayette, KY (Metropolitan Statistical Area)"," ","200","Gross domestic product (GDP) by metropolitan area","6","21","  Mining","(D)","(D)","(D)","(D)","(D)","(D)","(D)","(D)","(D)","(D)","(D)","(D)",361,378,288
"30460","Lexington-Fayette, KY (Metropolitan Statistical Area)"," ","200","Gross domestic product (GDP) by metropolitan area","7","211","   Oil and gas extraction","(D)","(D)","(D)","(D)","(D)","(D)","(D)","(D)","(D)","(D)","(D)","(D)","(D)","(D)","(NA)"
"30460","Lexington-Fayette, KY (Metropolitan Statistical Area)"," ","200","Gross domestic product (GDP) by metropolitan area","8","212","   Mining, except oil and gas","(D)","(D)","(D)","(D)","(D)","(D)","(D)","(D)","(D)","(D)","(D)","(D)",202,223,"(NA)"
"30460","Lexington-Fayette, KY (Metropolitan Statistical Area)"," ","200","Gross domestic product (GDP) by metropolitan area","9","213","   Support activities for mining","(D)","(D)","(D)","(D)","(D)","(D)","(D)","(D)","(D)","(D)","(D)","(D)","(D)","(D)","(NA)"
"30460","Lexington-Fayette, KY (Metropolitan Statistical Area)"," ","200","Gross domestic product (GDP) by metropolitan area","10","22","  Utilities","(D)","(D)","(D)","(D)","(D)","(D)","(D)","(D)","(D)","(D)","(D)","(D)","(D)","(D)","(D)"
"30460","Lexington-Fayette, KY (Metropolitan Statistical Area)"," ","200","Gross domestic product (GDP) by metropolitan area","11","23","  Construction",889,862,890,946,1026,1051,1069,1046,984,942,951,1048,1104,1200,1407
"30460","Lexington-Fayette, KY (Metropolitan Statistical Area)"," ","200","Gross domestic product (GDP) by metropolitan area","12","31-33","  Manufacturing",3571,3780,3819,3889,4084,4342,4325,3982,3452,4120,4087,4508,4451,4836,5015
"30460","Lexington-Fayette, KY (Metropolitan Statistical Area)"," ","200","Gross domestic product (GDP) by metropolitan area","13","...","   Durable goods manufacturing","(D)","(D)","(D)","(D)","(D)","(D)","(D)","(D)","(D)","(D)","(D)","(D)",3275,3650,3784
"30460","Lexington-Fayette, KY (Metropolitan Statistical Area)"," ","200","Gross domestic product (GDP) by metropolitan area","14","321","    Wood products manufacturing","(D)","(D)","(D)","(D)","(D)","(D)","(D)","(D)","(D)","(D)","(D)","(D)",23,25,"(NA)"
"30460","Lexington-Fayette, KY (Metropolitan Statistical Area)"," ","200","Gross domestic product (GDP) by metropolitan area","15","327","    Nonmetallic mineral products manufacturing","(D)","(D)","(D)","(D)","(D)","(D)","(D)","(D)","(D)","(D)","(D)","(D)","(D)",124,"(NA)"
"30460","Lexington-Fayette, KY (Metropolitan Statistical Area)"," ","200","Gross domestic product (GDP) by metropolitan area","16","331","    Primary metals manufacturing","(D)","(D)","(D)","(D)","(D)","(D)","(D)","(D)","(D)","(D)","(D)","(D)",20,"(D)","(NA)"
"30460","Lexington-Fayette, KY (Metropolitan Statistical Area)"," ","200","Gross domestic product (GDP) by metropolitan area","17","332","    Fabricated metal products",158,"(D)","(D)","(D)",181,"(D)","(D)","(D)","(D)","(D)","(D)","(D)",208,217,"(NA)"
"30460","Lexington-Fayette, KY (Metropolitan Statistical Area)"," ","200","Gross domestic product (GDP) by metropolitan area","18","333","    Machinery manufacturing","(D)","(D)","(D)","(D)","(D)","(D)","(D)","(D)","(D)","(D)","(D)","(D)",310,351,"(NA)"
"30460","Lexington-Fayette, KY (Metropolitan Statistical Area)"," ","200","Gross domestic product (GDP) by metropolitan area","19","334","    Computer and electronic products manufacturing","(D)","(D)","(D)","(D)","(D)","(D)","(D)","(D)","(D)","(D)","(D)","(D)",711,880,"(NA)"
"30460","Lexington-Fayette, KY (Metropolitan Statistical Area)"," ","200","Gross domestic product (GDP) by metropolitan area","20","335","    Electrical equipment, appliance, and components manufacturing","(D)","(D)","(D)","(D)","(D)","(D)","(D)","(D)","(D)","(D)","(D)","(D)",206,195,"(NA)"
"30460","Lexington-Fayette, KY (Metropolitan Statistical Area)"," ","200","Gross domestic product (GDP) by metropolitan area","21","3361-3363","    Motor vehicles, bodies and trailers, and parts manufacturing","(D)","(D)","(D)","(D)","(D)","(D)","(D)","(D)","(D)","(D)","(D)","(D)","(D)","(D)","(NA)"
"30460","Lexington-Fayette, KY (Metropolitan Statistical Area)"," ","200","Gross domestic product (GDP) by metropolitan area","22","3364-3366, 3369","    Other transportation equipment manufacturing","(D)","(D)","(D)","(D)","(D)","(D)","(D)","(D)","(D)","(D)","(D)","(D)",170,151,"(NA)"
"30460","Lexington-Fayette, KY (Metropolitan Statistical Area)"," ","200","Gross domestic product (GDP) by metropolitan area","23","337","    Furniture and related products manufacturing","(D)","(D)","(D)","(D)","(D)","(D)","(D)","(D)","(D)","(D)","(D)","(D)",58,63,"(NA)"
"30460","Lexington-Fayette, KY (Metropolitan Statistical Area)"," ","200","Gross domestic product (GDP) by metropolitan area","24","339","    Miscellaneous manufacturing","(D)","(D)","(D)","(D)","(D)","(D)","(D)","(D)","(D)","(D)","(D)","(D)",46,54,"(NA)"
"30460","Lexington-Fayette, KY (Metropolitan Statistical Area)"," ","200","Gross domestic product (GDP) by metropolitan area","25","...","   Nondurable goods manufacturing","(D)","(D)","(D)","(D)","(D)","(D)","(D)","(D)","(D)","(D)","(D)","(D)",1175,1186,1231
"30460","Lexington-Fayette, KY (Metropolitan Statistical Area)"," ","200","Gross domestic product (GDP) by metropolitan area","26","311-312","    Food and beverage and tobacco products manufacturing","(D)","(D)","(D)","(D)","(D)","(D)","(D)","(D)","(D)","(D)","(D)","(D)",430,457,"(NA)"
"30460","Lexington-Fayette, KY (Metropolitan Statistical Area)"," ","200","Gross domestic product (GDP) by metropolitan area","27","313-314","    Textile mills and textile product mills","(D)","(D)","(D)","(D)","(D)","(D)","(D)","(D)","(D)","(D)","(D)","(D)","(D)","(D)","(NA)"
"30460","Lexington-Fayette, KY (Metropolitan Statistical Area)"," ","200","Gross domestic product (GDP) by metropolitan area","28","315-316","    Apparel and leather and allied products manufacturing","(D)","(D)","(D)","(D)","(D)","(D)","(D)","(D)","(D)","(D)","(D)","(D)",2,2,"(NA)"
"30460","Lexington-Fayette, KY (Metropolitan Statistical Area)"," ","200","Gross domestic product (GDP) by metropolitan area","29","322","    Paper products manufacturing","(D)","(D)","(D)","(D)","(D)","(D)","(D)","(D)","(D)","(D)","(D)","(D)",111,133,"(NA)"
"30460","Lexington-Fayette, KY (Metropolitan Statistical Area)"," ","200","Gross domestic product (GDP) by metropolitan area","30","323","    Printing and related support activities","(D)","(D)","(D)","(D)","(D)","(D)","(D)","(D)","(D)","(D)","(D)","(D)",76,79,"(NA)"
"30460","Lexington-Fayette, KY (Metropolitan Statistical Area)"," ","200","Gross domestic product (GDP) by metropolitan area","31","324","    Petroleum and coal products manufacturing","(D)","(D)","(D)","(D)","(D)","(D)","(D)","(D)","(D)","(D)","(D)","(D)","(D)","(D)","(NA)"
"30460","Lexington-Fayette, KY (Metropolitan Statistical Area)"," ","200","Gross domestic product (GDP) by metropolitan area","32","325","    Chemical products manufacturing","(D)","(D)","(D)","(D)","(D)","(D)","(D)","(D)","(D)","(D)","(D)","(D)",320,266,"(NA)"
"30460","Lexington-Fayette, KY (Metropolitan Statistical Area)"," ","200","Gross domestic product (GDP) by metropolitan area","33","326","    Plastics and rubber products manufacturing","(D)","(D)","(D)","(D)","(D)","(D)","(D)","(D)","(D)","(D)","(D)","(D)",181,195,"(NA)"
"30460","Lexington-Fayette, KY (Metropolitan Statistical Area)"," ","200","Gross domestic product (GDP) by metropolitan area","34","42","  Wholesale trade","(D)","(D)","(D)","(D)","(D)","(D)","(D)","(D)","(D)",1637,1680,"(D)","(D)","(D)","(D)"
"30460","Lexington-Fayette, KY (Metropolitan Statistical Area)"," ","200","Gross domestic product (GDP) by metropolitan area","35","44-45","  Retail trade",1169,1226,1312,1349,1436,1455,1462,1442,1449,1494,1521,1586,1619,1645,1728
"30460","Lexington-Fayette, KY (Metropolitan Statistical Area)"," ","200","Gross domestic product (GDP) by metropolitan area","36","48-49","  Transportation and warehousing","(D)","(D)","(D)","(D)","(D)","(D)","(D)","(D)","(D)","(D)","(D)","(D)",659,725,791
"30460","Lexington-Fayette, KY (Metropolitan Statistical Area)"," ","200","Gross domestic product (GDP) by metropolitan area","37","481","   Air transportation",23,20,21,"(D)","(D)","(D)","(D)","(D)","(D)","(D)","(D)","(D)",5,"(D)","(NA)"
"30460","Lexington-Fayette, KY (Metropolitan Statistical Area)"," ","200","Gross domestic product (GDP) by metropolitan area","38","482","   Rail transportation",10,9,10,11,13,14,14,18,17,19,21,21,23,24,"(NA)"
"30460","Lexington-Fayette, KY (Metropolitan Statistical Area)"," ","200","Gross domestic product (GDP) by metropolitan area","39","483","   Water transportation","(D)","(D)","(D)","(D)","(D)","(D)","(D)","(D)","(D)","(D)","(D)","(D)","(D)","(D)","(NA)"
"30460","Lexington-Fayette, KY (Metropolitan Statistical Area)"," ","200","Gross domestic product (GDP) by metropolitan area","40","484","   Truck transportation",195,204,204,218,241,255,244,242,217,216,217,239,"(D)","(D)","(NA)"
"30460","Lexington-Fayette, KY (Metropolitan Statistical Area)"," ","200","Gross domestic product (GDP) by metropolitan area","41","485","   Transit and ground passenger transportation","(D)","(D)","(D)","(D)","(D)","(D)","(D)","(D)","(D)","(D)","(D)","(D)",13,14,"(NA)"
"30460","Lexington-Fayette, KY (Metropolitan Statistical Area)"," ","200","Gross domestic product (GDP) by metropolitan area","42","486","   Pipeline transportation","(D)","(D)","(D)","(D)","(D)","(D)","(D)","(D)","(D)","(D)","(D)","(D)",4,4,"(NA)"
"30460","Lexington-Fayette, KY (Metropolitan Statistical Area)"," ","200","Gross domestic product (GDP) by metropolitan area","43","487-488, 492","   Other transportation and support activities","(D)","(D)","(D)","(D)","(D)","(D)","(D)","(D)","(D)","(D)","(D)","(D)",175,187,"(NA)"
"30460","Lexington-Fayette, KY (Metropolitan Statistical Area)"," ","200","Gross domestic product (GDP) by metropolitan area","44","493","   Warehousing and storage","(D)","(D)","(D)","(D)","(D)","(D)","(D)","(D)","(D)","(D)","(D)","(D)",193,223,"(NA)"
"30460","Lexington-Fayette, KY (Metropolitan Statistical Area)"," ","200","Gross domestic product (GDP) by metropolitan area","45","51","  Information",543,643,664,716,761,866,864,846,781,799,807,714,720,759,767
"30460","Lexington-Fayette, KY (Metropolitan Statistical Area)"," ","200","Gross domestic product (GDP) by metropolitan area","46","511","   Publishing industries, except Internet (includes software)","(D)","(D)","(D)","(D)","(D)","(D)","(D)","(D)","(D)","(D)","(D)","(D)",115,123,"(NA)"
"30460","Lexington-Fayette, KY (Metropolitan Statistical Area)"," ","200","Gross domestic product (GDP) by metropolitan area","47","512","   Motion picture and sound recording industries","(D)","(D)","(D)","(D)","(D)","(D)","(D)","(D)","(D)","(D)","(D)","(D)",17,18,"(NA)"
"30460","Lexington-Fayette, KY (Metropolitan Statistical Area)"," ","200","Gross domestic product (GDP) by metropolitan area","48","515, 517","   Broadcasting and telecommunications","(D)","(D)","(D)","(D)","(D)","(D)","(D)","(D)","(D)","(D)","(D)","(D)","(D)","(D)","(NA)"
"30460","Lexington-Fayette, KY (Metropolitan Statistical Area)"," ","200","Gross domestic product (GDP) by metropolitan area","49","518, 519","   Data processing, internet publishing, and other information services","(D)","(D)","(D)","(D)","(D)","(D)","(D)","(D)","(D)","(D)","(D)","(D)","(D)","(D)","(NA)"
"30460","Lexington-Fayette, KY (Metropolitan Statistical Area)"," ","200","Gross domestic product (GDP) by metropolitan area","50","52, 53","  Finance, insurance, real estate, rental, and leasing",2899,3167,3319,3366,3545,3614,3447,3578,3837,4033,4342,4397,4607,4635,4977
"30460","Lexington-Fayette, KY (Metropolitan Statistical Area)"," ","200","Gross domestic product (GDP) by metropolitan area","51","52","   Finance and insurance",686,677,719,734,784,819,779,704,690,691,746,783,802,831,855
"30460","Lexington-Fayette, KY (Metropolitan Statistical Area)"," ","200","Gross domestic product (GDP) by metropolitan area","52","521-522","    Federal Reserve banks, credit intermediation, and related services",296,325,324,345,"(D)","(D)","(D)","(D)",308,297,336,345,328,339,"(NA)"
"30460","Lexington-Fayette, KY (Metropolitan Statistical Area)"," ","200","Gross domestic product (GDP) by metropolitan area","53","523","    Securities, commodity contracts, and investments","(D)","(D)","(D)","(D)","(D)","(D)","(D)","(D)","(D)","(D)","(D)","(D)",83,93,"(NA)"
"30460","Lexington-Fayette, KY (Metropolitan Statistical Area)"," ","200","Gross domestic product (GDP) by metropolitan area","54","524","    Insurance carriers and related activities","(D)","(D)","(D)","(D)","(D)","(D)","(D)","(D)","(D)","(D)","(D)","(D)",375,"(D)","(NA)"
"30460","Lexington-Fayette, KY (Metropolitan Statistical Area)"," ","200","Gross domestic product (GDP) by metropolitan area","55","525","    Funds, trusts, and other financial vehicles","(D)","(D)","(D)","(D)","(D)","(D)","(D)","(D)","(D)","(D)","(D)","(D)",15,"(D)","(NA)"
"30460","Lexington-Fayette, KY (Metropolitan Statistical Area)"," ","200","Gross domestic product (GDP) by metropolitan area","56","53","   Real estate and rental and leasing",2213,2491,2600,2632,2762,2795,2668,2874,3147,3342,3596,3614,3805,3804,4122
"30460","Lexington-Fayette, KY (Metropolitan Statistical Area)"," ","200","Gross domestic product (GDP) by metropolitan area","57","531","    Real estate","(D)","(D)","(D)","(D)","(D)","(D)","(D)","(D)","(D)","(D)","(D)",3414,3613,3615,"(NA)"
"30460","Lexington-Fayette, KY (Metropolitan Statistical Area)"," ","200","Gross domestic product (GDP) by metropolitan area","58","532-533","    Rental and leasing services and lessors of intangible assets","(D)","(D)","(D)","(D)","(D)","(D)","(D)","(D)","(D)","(D)","(D)",199,192,189,"(NA)"
"30460","Lexington-Fayette, KY (Metropolitan Statistical Area)"," ","200","Gross domestic product (GDP) by metropolitan area","59","54, 55, 56","  Professional and business services",1626,1657,1683,1810,1894,1980,2154,2287,2173,2294,2437,2570,2691,2847,3069
"30460","Lexington-Fayette, KY (Metropolitan Statistical Area)"," ","200","Gross domestic product (GDP) by metropolitan area","60","54","   Professional, scientific, and technical services","(D)","(D)","(D)","(D)","(D)","(D)","(D)","(D)","(D)","(D)","(D)","(D)",1383,1440,1496
"30460","Lexington-Fayette, KY (Metropolitan Statistical Area)"," ","200","Gross domestic product (GDP) by metropolitan area","64","55","   Management of companies and enterprises","(D)","(D)","(D)","(D)","(D)","(D)","(D)","(D)","(D)","(D)","(D)","(D)","(D)",398,"(D)"
"30460","Lexington-Fayette, KY (Metropolitan Statistical Area)"," ","200","Gross domestic product (GDP) by metropolitan area","65","56","   Administrative and waste management services","(D)","(D)",409,"(D)","(D)","(D)","(D)","(D)","(D)","(D)","(D)","(D)","(D)",1008,"(D)"
"30460","Lexington-Fayette, KY (Metropolitan Statistical Area)"," ","200","Gross domestic product (GDP) by metropolitan area","66","561","    Administrative and support services","(D)","(D)","(D)","(D)","(D)","(D)","(D)","(D)","(D)","(D)","(D)","(D)",871,"(D)","(NA)"
"30460","Lexington-Fayette, KY (Metropolitan Statistical Area)"," ","200","Gross domestic product (GDP) by metropolitan area","67","562","    Waste management and remediation services","(D)","(D)","(D)","(D)","(D)","(D)","(D)","(D)","(D)","(D)","(D)","(D)","(D)","(D)","(NA)"
"30460","Lexington-Fayette, KY (Metropolitan Statistical Area)"," ","200","Gross domestic product (GDP) by metropolitan area","68","61, 62","  Educational services, health care, and social assistance",1138,1238,1334,1432,1505,1563,1573,1599,1687,1745,1862,1890,1890,1940,2121
"30460","Lexington-Fayette, KY (Metropolitan Statistical Area)"," ","200","Gross domestic product (GDP) by metropolitan area","69","61","   Educational services","(D)","(D)","(D)","(D)","(D)","(D)","(D)","(D)","(D)","(D)","(D)","(D)",201,198,206
"30460","Lexington-Fayette, KY (Metropolitan Statistical Area)"," ","200","Gross domestic product (GDP) by metropolitan area","70","62","   Health care and social assistance","(D)","(D)","(D)","(D)","(D)","(D)","(D)","(D)","(D)","(D)","(D)","(D)",1689,1741,1915
"30460","Lexington-Fayette, KY (Metropolitan Statistical Area)"," ","200","Gross domestic product (GDP) by metropolitan area","71","621","    Ambulatory health care services",555,610,657,710,759,808,828,829,853,857,878,879,890,941,"(NA)"
"30460","Lexington-Fayette, KY (Metropolitan Statistical Area)"," ","200","Gross domestic product (GDP) by metropolitan area","72","622-623","    Hospitals and nursing and residential care facilities","(D)","(D)","(D)","(D)","(D)","(D)","(D)","(D)","(D)","(D)","(D)","(D)",671,"(D)","(NA)"
"30460","Lexington-Fayette, KY (Metropolitan Statistical Area)"," ","200","Gross domestic product (GDP) by metropolitan area","73","624","    Social assistance","(D)","(D)",72,"(D)","(D)","(D)",99,104,107,113,115,"(D)",128,"(D)","(NA)"
"30460","Lexington-Fayette, KY (Metropolitan Statistical Area)"," ","200","Gross domestic product (GDP) by metropolitan area","74","71, 72","  Arts, entertainment, recreation, accommodation, and food services",684,742,795,836,830,"(D)",879,876,876,888,893,926,963,1016,1114
"30460","Lexington-Fayette, KY (Metropolitan Statistical Area)"," ","200","Gross domestic product (GDP) by metropolitan area","75","71","   Arts, entertainment, and recreation",136,164,193,205,197,"(D)",205,206,202,197,201,191,185,188,212
"30460","Lexington-Fayette, KY (Metropolitan Statistical Area)"," ","200","Gross domestic product (GDP) by metropolitan area","76","711-712","    Performing arts, spectator sports, museums, and related activities","(D)",112,137,"(D)",139,133,"(D)","(D)",140,131,135,"(D)",124,"(D)","(NA)"
"30460","Lexington-Fayette, KY (Metropolitan Statistical Area)"," ","200","Gross domestic product (GDP) by metropolitan area","77","713","    Amusements, gambling, and recreation industries","(D)",53,56,"(D)",57,"(D)","(D)","(D)",62,66,66,"(D)",61,"(D)","(NA)"
"30460","Lexington-Fayette, KY (Metropolitan Statistical Area)"," ","200","Gross domestic product (GDP) by metropolitan area","78","72","   Accommodation and food services",548,577,602,631,633,657,674,670,674,690,692,735,778,827,903
"30460","Lexington-Fayette, KY (Metropolitan Statistical Area)"," ","200","Gross domestic product (GDP) by metropolitan area","79","721","    Accommodation","(D)","(D)","(D)","(D)","(D)","(D)","(D)","(D)","(D)","(D)","(D)","(D)",169,180,"(NA)"
"30460","Lexington-Fayette, KY (Metropolitan Statistical Area)"," ","200","Gross domestic product (GDP) by metropolitan area","80","722","    Food services and drinking places","(D)","(D)","(D)","(D)","(D)","(D)","(D)","(D)","(D)","(D)","(D)","(D)",609,648,"(NA)"
"30460","Lexington-Fayette, KY (Metropolitan Statistical Area)"," ","200","Gross domestic product (GDP) by metropolitan area","81","81","  Other services, except government",321,344,357,368,378,378,388,418,426,437,445,471,478,493,519
"30460","Lexington-Fayette, KY (Metropolitan Statistical Area)"," ","200","Gross domestic product (GDP) by metropolitan area","82","92"," Government",2233,2406,2485,2624,2795,2988,3293,3532,3511,3728,3744,3967,4160,4338,4354
"30460","Lexington-Fayette, KY (Metropolitan Statistical Area)"," ","200","Gross domestic product (GDP) by metropolitan area","83","...","  Federal civilian",377,443,457,481,477,498,520,524,578,549,545,541,557,576,"(NA)"
"30460","Lexington-Fayette, KY (Metropolitan Statistical Area)"," ","200","Gross domestic product (GDP) by metropolitan area","84","...","  Federal military",24,33,49,51,57,54,55,58,65,66,65,61,59,57,"(NA)"
"30460","Lexington-Fayette, KY (Metropolitan Statistical Area)"," ","200","Gross domestic product (GDP) by metropolitan area","85","...","  State and local",1832,1931,1978,2092,2261,2435,2718,2949,2868,3112,3134,3364,3544,3705,"(NA)"
"30460","Lexington-Fayette, KY (Metropolitan Statistical Area)"," ","200","Gross domestic product (GDP) by metropolitan area","86","11, 21","Natural resources and mining","(D)","(D)","(D)","(D)","(D)",772,"(D)","(D)","(D)",600,693,"(D)","(D)","(D)","(D)"
"30460","Lexington-Fayette, KY (Metropolitan Statistical Area)"," ","200","Gross domestic product (GDP) by metropolitan area","87","42, 44-45","Trade","(D)","(D)","(D)","(D)","(D)","(D)","(D)","(D)","(D)",3131,3201,"(D)","(D)","(D)","(D)"
"30460","Lexington-Fayette, KY (Metropolitan Statistical Area)"," ","200","Gross domestic product (GDP) by metropolitan area","88","...","Transportation and utilities",562,582,587,632,687,708,723,772,761,822,834,835,"(D)","(D)","(D)"
"30460","Lexington-Fayette, KY (Metropolitan Statistical Area)"," ","200","Gross domestic product (GDP) by metropolitan area","89","...","Private goods-producing industries",5211,5592,5491,5610,5667,6165,6178,5409,4865,5662,5731,6261,"(D)","(D)","(D)"
"30460","Lexington-Fayette, KY (Metropolitan Statistical Area)"," ","200","Gross domestic product (GDP) by metropolitan area","90","...","Private services-providing industries",9910,10601,11134,11704,12335,12849,13176,13612,13638,14148,14822,15127,"(D)","(D)","(D)"
"30460","Lexington-Fayette, KY (Metropolitan Statistical Area)"," ","800","Quantity indexes for real GDP by metropolitan area","1","...","All industry total",91.360,97.236,98.457,100.404,103.095,107.274,107.431,105.645,100.000,106.369,108.669,110.941,112.008,114.413,117.342
"30460","Lexington-Fayette, KY (Metropolitan Statistical Area)"," ","800","Quantity indexes for real GDP by metropolitan area","2","..."," Private industries",92.412,98.696,100.234,102.436,105.228,109.719,108.930,106.078,100.000,106.967,110.014,111.878,112.659,115.162,119.138
"30460","Lexington-Fayette, KY (Metropolitan Statistical Area)"," ","800","Quantity indexes for real GDP by metropolitan area","3","11","  Agriculture, forestry, fishing, and hunting","(D)","(D)","(D)","(D)","(D)","(D)","(D)","(D)","(D)","(D)","(D)","(D)","(D)","(D)","(D)"
"30460","Lexington-Fayette, KY (Metropolitan Statistical Area)"," ","800","Quantity indexes for real GDP by metropolitan area","4","111-112","   Farms",541.822,803.023,552.750,445.688,319.919,466.752,351.866,63.682,100.000,138.103,75.213,102.222,108.423,88.958,"(NA)"
"30460","Lexington-Fayette, KY (Metropolitan Statistical Area)"," ","800","Quantity indexes for real GDP by metropolitan area","5","113-115","   Forestry, fishing, and related activities","(D)","(D)","(D)","(D)","(D)","(D)","(D)","(D)","(D)","(D)","(D)","(D)","(D)","(D)","(NA)"
"30460","Lexington-Fayette, KY (Metropolitan Statistical Area)"," ","800","Quantity indexes for real GDP by metropolitan area","6","21","  Mining","(D)","(D)","(D)","(D)","(D)","(D)","(D)","(D)","(D)","(D)","(D)","(D)","(D)","(D)","(D)"
"30460","Lexington-Fayette, KY (Metropolitan Statistical Area)"," ","800","Quantity indexes for real GDP by metropolitan area","7","211","   Oil and gas extraction","(D)","(D)","(D)","(D)","(D)","(D)","(D)","(D)","(D)","(D)","(D)","(D)","(D)","(D)","(NA)"
"30460","Lexington-Fayette, KY (Metropolitan Statistical Area)"," ","800","Quantity indexes for real GDP by metropolitan area","8","212","   Mining, except oil and gas","(D)","(D)","(D)","(D)","(D)","(D)","(D)","(D)","(D)","(D)","(D)","(D)","(D)","(D)","(NA)"
"30460","Lexington-Fayette, KY (Metropolitan Statistical Area)"," ","800","Quantity indexes for real GDP by metropolitan area","9","213","   Support activities for mining","(D)","(D)","(D)","(D)","(D)","(D)","(D)","(D)","(D)","(D)","(D)","(D)","(D)","(D)","(NA)"
"30460","Lexington-Fayette, KY (Metropolitan Statistical Area)"," ","800","Quantity indexes for real GDP by metropolitan area","10","22","  Utilities","(D)","(D)","(D)","(D)","(D)","(D)","(D)","(D)","(D)","(D)","(D)","(D)","(D)","(D)","(D)"
"30460","Lexington-Fayette, KY (Metropolitan Statistical Area)"," ","800","Quantity indexes for real GDP by metropolitan area","11","23","  Construction",139.817,129.497,127.786,126.088,123.163,115.218,110.239,107.761,100.000,97.506,97.064,103.919,105.743,108.251,123.494
"30460","Lexington-Fayette, KY (Metropolitan Statistical Area)"," ","800","Quantity indexes for real GDP by metropolitan area","12","31-33","  Manufacturing",90.308,98.714,103.040,108.999,117.481,130.393,132.434,124.670,100.000,123.182,124.975,133.159,129.224,136.776,134.394
"30460","Lexington-Fayette, KY (Metropolitan Statistical Area)"," ","800","Quantity indexes for real GDP by metropolitan area","13","...","   Durable goods manufacturing","(D)","(D)","(D)","(D)","(D)","(D)","(D)","(D)","(D)","(D)","(D)","(D)","(D)","(D)","(D)"
"30460","Lexington-Fayette, KY (Metropolitan Statistical Area)"," ","800","Quantity indexes for real GDP by metropolitan area","14","321","    Wood products manufacturing","(D)","(D)","(D)","(D)","(D)","(D)","(D)","(D)","(D)","(D)","(D)","(D)","(D)","(D)","(NA)"
"30460","Lexington-Fayette, KY (Metropolitan Statistical Area)"," ","800","Quantity indexes for real GDP by metropolitan area","15","327","    Nonmetallic mineral products manufacturing","(D)","(D)","(D)","(D)","(D)","(D)","(D)","(D)","(D)","(D)","(D)","(D)","(D)","(D)","(NA)"
"30460","Lexington-Fayette, KY (Metropolitan Statistical Area)"," ","800","Quantity indexes for real GDP by metropolitan area","16","331","    Primary metals manufacturing","(D)","(D)","(D)","(D)","(D)","(D)","(D)","(D)","(D)","(D)","(D)","(D)","(D)","(D)","(NA)"
"30460","Lexington-Fayette, KY (Metropolitan Statistical Area)"," ","800","Quantity indexes for real GDP by metropolitan area","17","332","    Fabricated metal products","(D)","(D)","(D)","(D)","(D)","(D)","(D)","(D)","(D)","(D)","(D)","(D)","(D)","(D)","(NA)"
"30460","Lexington-Fayette, KY (Metropolitan Statistical Area)"," ","800","Quantity indexes for real GDP by metropolitan area","18","333","    Machinery manufacturing","(D)","(D)","(D)","(D)","(D)","(D)","(D)","(D)","(D)","(D)","(D)","(D)","(D)","(D)","(NA)"
"30460","Lexington-Fayette, KY (Metropolitan Statistical Area)"," ","800","Quantity indexes for real GDP by metropolitan area","19","334","    Computer and electronic products manufacturing","(D)","(D)","(D)","(D)","(D)","(D)","(D)","(D)","(D)","(D)","(D)","(D)","(D)","(D)","(NA)"
"30460","Lexington-Fayette, KY (Metropolitan Statistical Area)"," ","800","Quantity indexes for real GDP by metropolitan area","20","335","    Electrical equipment, appliance, and components manufacturing","(D)","(D)","(D)","(D)","(D)","(D)","(D)","(D)","(D)","(D)","(D)","(D)","(D)","(D)","(NA)"
"30460","Lexington-Fayette, KY (Metropolitan Statistical Area)"," ","800","Quantity indexes for real GDP by metropolitan area","21","3361-3363","    Motor vehicles, bodies and trailers, and parts manufacturing","(D)","(D)","(D)","(D)","(D)","(D)","(D)","(D)","(D)","(D)","(D)","(D)","(D)","(D)","(NA)"
"30460","Lexington-Fayette, KY (Metropolitan Statistical Area)"," ","800","Quantity indexes for real GDP by metropolitan area","22","3364-3366, 3369","    Other transportation equipment manufacturing","(D)","(D)","(D)","(D)","(D)","(D)","(D)","(D)","(D)","(D)","(D)","(D)","(D)","(D)","(NA)"
"30460","Lexington-Fayette, KY (Metropolitan Statistical Area)"," ","800","Quantity indexes for real GDP by metropolitan area","23","337","    Furniture and related products manufacturing","(D)","(D)","(D)","(D)","(D)","(D)","(D)","(D)","(D)","(D)","(D)","(D)","(D)","(D)","(NA)"
"30460","Lexington-Fayette, KY (Metropolitan Statistical Area)"," ","800","Quantity indexes for real GDP by metropolitan area","24","339","    Miscellaneous manufacturing","(D)","(D)","(D)","(D)","(D)","(D)","(D)","(D)","(D)","(D)","(D)","(D)","(D)","(D)","(NA)"
"30460","Lexington-Fayette, KY (Metropolitan Statistical Area)"," ","800","Quantity indexes for real GDP by metropolitan area","25","...","   Nondurable goods manufacturing","(D)","(D)","(D)","(D)","(D)","(D)","(D)","(D)","(D)","(D)","(D)","(D)","(D)","(D)","(D)"
"30460","Lexington-Fayette, KY (Metropolitan Statistical Area)"," ","800","Quantity indexes for real GDP by metropolitan area","26","311-312","    Food and beverage and tobacco products manufacturing","(D)","(D)","(D)","(D)","(D)","(D)","(D)","(D)","(D)","(D)","(D)","(D)","(D)","(D)","(NA)"
"30460","Lexington-Fayette, KY (Metropolitan Statistical Area)"," ","800","Quantity indexes for real GDP by metropolitan area","27","313-314","    Textile mills and textile product mills","(D)","(D)","(D)","(D)","(D)","(D)","(D)","(D)","(D)","(D)","(D)","(D)","(D)","(D)","(NA)"
"30460","Lexington-Fayette, KY (Metropolitan Statistical Area)"," ","800","Quantity indexes for real GDP by metropolitan area","28","315-316","    Apparel and leather and allied products manufacturing","(D)","(D)","(D)","(D)","(D)","(D)","(D)","(D)","(D)","(D)","(D)","(D)","(D)","(D)","(NA)"
"30460","Lexington-Fayette, KY (Metropolitan Statistical Area)"," ","800","Quantity indexes for real GDP by metropolitan area","29","322","    Paper products manufacturing","(D)","(D)","(D)","(D)","(D)","(D)","(D)","(D)","(D)","(D)","(D)","(D)","(D)","(D)","(NA)"
"30460","Lexington-Fayette, KY (Metropolitan Statistical Area)"," ","800","Quantity indexes for real GDP by metropolitan area","30","323","    Printing and related support activities","(D)","(D)","(D)","(D)","(D)","(D)","(D)","(D)","(D)","(D)","(D)","(D)","(D)","(D)","(NA)"
"30460","Lexington-Fayette, KY (Metropolitan Statistical Area)"," ","800","Quantity indexes for real GDP by metropolitan area","31","324","    Petroleum and coal products manufacturing","(D)","(D)","(D)","(D)","(D)","(D)","(D)","(D)","(D)","(D)","(D)","(D)","(D)","(D)","(NA)"
"30460","Lexington-Fayette, KY (Metropolitan Statistical Area)"," ","800","Quantity indexes for real GDP by metropolitan area","32","325","    Chemical products manufacturing","(D)","(D)","(D)","(D)","(D)","(D)","(D)","(D)","(D)","(D)","(D)","(D)","(D)","(D)","(NA)"
"30460","Lexington-Fayette, KY (Metropolitan Statistical Area)"," ","800","Quantity indexes for real GDP by metropolitan area","33","326","    Plastics and rubber products manufacturing","(D)","(D)","(D)","(D)","(D)","(D)","(D)","(D)","(D)","(D)","(D)","(D)","(D)","(D)","(NA)"
"30460","Lexington-Fayette, KY (Metropolitan Statistical Area)"," ","800","Quantity indexes for real GDP by metropolitan area","34","42","  Wholesale trade","(D)","(D)","(D)","(D)","(D)","(D)","(D)","(D)","(D)","(D)","(D)","(D)","(D)","(D)","(D)"
"30460","Lexington-Fayette, KY (Metropolitan Statistical Area)"," ","800","Quantity indexes for real GDP by metropolitan area","35","44-45","  Retail trade",91.028,95.680,102.993,103.822,108.036,106.304,103.923,100.728,100.000,102.292,102.091,103.695,104.822,105.143,108.751
"30460","Lexington-Fayette, KY (Metropolitan Statistical Area)"," ","800","Quantity indexes for real GDP by metropolitan area","36","48-49","  Transportation and warehousing","(D)","(D)","(D)","(D)","(D)","(D)","(D)","(D)","(D)","(D)","(D)","(D)","(D)","(D)","(D)"
"30460","Lexington-Fayette, KY (Metropolitan Statistical Area)"," ","800","Quantity indexes for real GDP by metropolitan area","37","481","   Air transportation","(D)","(D)","(D)","(D)","(D)","(D)","(D)","(D)","(D)","(D)","(D)","(D)","(D)","(D)","(NA)"
"30460","Lexington-Fayette, KY (Metropolitan Statistical Area)"," ","800","Quantity indexes for real GDP by metropolitan area","38","482","   Rail transportation",81.693,76.065,80.025,88.154,93.327,96.365,92.724,107.056,100.000,105.494,110.467,107.792,111.236,113.451,"(NA)"
"30460","Lexington-Fayette, KY (Metropolitan Statistical Area)"," ","800","Quantity indexes for real GDP by metropolitan area","39","483","   Water transportation","(D)","(D)","(D)","(D)","(D)","(D)","(D)","(D)","(D)","(D)","(D)","(D)","(D)","(D)","(NA)"
"30460","Lexington-Fayette, KY (Metropolitan Statistical Area)"," ","800","Quantity indexes for real GDP by metropolitan area","40","484","   Truck transportation",103.972,107.494,105.899,111.819,119.913,125.107,118.379,114.400,100.000,105.248,106.265,113.648,"(D)","(D)","(NA)"
"30460","Lexington-Fayette, KY (Metropolitan Statistical Area)"," ","800","Quantity indexes for real GDP by metropolitan area","41","485","   Transit and ground passenger transportation","(D)","(D)","(D)","(D)","(D)","(D)","(D)","(D)","(D)","(D)","(D)","(D)","(D)","(D)","(NA)"
"30460","Lexington-Fayette, KY (Metropolitan Statistical Area)"," ","800","Quantity indexes for real GDP by metropolitan area","42","486","   Pipeline transportation","(D)","(D)","(D)","(D)","(D)","(D)","(D)","(D)","(D)","(D)","(D)","(D)","(D)","(D)","(NA)"
"30460","Lexington-Fayette, KY (Metropolitan Statistical Area)"," ","800","Quantity indexes for real GDP by metropolitan area","43","487-488, 492","   Other transportation and support activities","(D)","(D)","(D)","(D)","(D)","(D)","(D)","(D)","(D)","(D)","(D)","(D)","(D)","(D)","(NA)"
"30460","Lexington-Fayette, KY (Metropolitan Statistical Area)"," ","800","Quantity indexes for real GDP by metropolitan area","44","493","   Warehousing and storage","(D)","(D)","(D)","(D)","(D)","(D)","(D)","(D)","(D)","(D)","(D)","(D)","(D)","(D)","(NA)"
"30460","Lexington-Fayette, KY (Metropolitan Statistical Area)"," ","800","Quantity indexes for real GDP by metropolitan area","45","51","  Information",63.764,75.871,78.242,85.309,93.302,107.873,109.597,108.656,100.000,103.170,104.840,92.979,93.296,98.739,101.129
"30460","Lexington-Fayette, KY (Metropolitan Statistical Area)"," ","800","Quantity indexes for real GDP by metropolitan area","46","511","   Publishing industries, except Internet (includes software)","(D)","(D)","(D)","(D)","(D)","(D)","(D)","(D)","(D)","(D)","(D)","(D)","(D)","(D)","(NA)"
"30460","Lexington-Fayette, KY (Metropolitan Statistical Area)"," ","800","Quantity indexes for real GDP by metropolitan area","47","512","   Motion picture and sound recording industries","(D)","(D)","(D)","(D)","(D)","(D)","(D)","(D)","(D)","(D)","(D)","(D)","(D)","(D)","(NA)"
"30460","Lexington-Fayette, KY (Metropolitan Statistical Area)"," ","800","Quantity indexes for real GDP by metropolitan area","48","515, 517","   Broadcasting and telecommunications","(D)","(D)","(D)","(D)","(D)","(D)","(D)","(D)","(D)","(D)","(D)","(D)","(D)","(D)","(NA)"
"30460","Lexington-Fayette, KY (Metropolitan Statistical Area)"," ","800","Quantity indexes for real GDP by metropolitan area","49","518, 519","   Data processing, internet publishing, and other information services","(D)","(D)","(D)","(D)","(D)","(D)","(D)","(D)","(D)","(D)","(D)","(D)","(D)","(D)","(NA)"
"30460","Lexington-Fayette, KY (Metropolitan Statistical Area)"," ","800","Quantity indexes for real GDP by metropolitan area","50","52, 53","  Finance, insurance, real estate, rental, and leasing",88.141,93.230,95.285,94.502,97.463,97.027,91.036,93.271,100.000,104.985,111.850,110.583,112.991,110.790,115.512
"30460","Lexington-Fayette, KY (Metropolitan Statistical Area)"," ","800","Quantity indexes for real GDP by metropolitan area","51","52","   Finance and insurance",104.630,101.218,103.953,103.169,107.970,111.397,105.672,95.090,100.000,96.711,102.317,102.975,101.637,101.807,102.201
"30460","Lexington-Fayette, KY (Metropolitan Statistical Area)"," ","800","Quantity indexes for real GDP by metropolitan area","52","521-522","    Federal Reserve banks, credit intermediation, and related services",91.575,98.391,95.820,100.053,"(D)","(D)","(D)","(D)",100.000,91.198,102.503,99.128,89.511,88.747,"(NA)"
"30460","Lexington-Fayette, KY (Metropolitan Statistical Area)"," ","800","Quantity indexes for real GDP by metropolitan area","53","523","    Securities, commodity contracts, and investments","(D)","(D)","(D)","(D)","(D)","(D)","(D)","(D)","(D)","(D)","(D)","(D)","(D)","(D)","(NA)"
"30460","Lexington-Fayette, KY (Metropolitan Statistical Area)"," ","800","Quantity indexes for real GDP by metropolitan area","54","524","    Insurance carriers and related activities","(D)","(D)","(D)","(D)","(D)","(D)","(D)","(D)","(D)","(D)","(D)","(D)","(D)","(D)","(NA)"
"30460","Lexington-Fayette, KY (Metropolitan Statistical Area)"," ","800","Quantity indexes for real GDP by metropolitan area","55","525","    Funds, trusts, and other financial vehicles","(D)","(D)","(D)","(D)","(D)","(D)","(D)","(D)","(D)","(D)","(D)","(D)","(D)","(D)","(NA)"
"30460","Lexington-Fayette, KY (Metropolitan Statistical Area)"," ","800","Quantity indexes for real GDP by metropolitan area","56","53","   Real estate and rental and leasing",84.179,91.377,93.267,92.484,94.990,93.596,87.534,92.857,100.000,106.838,113.988,112.272,115.570,112.801,118.561
"30460","Lexington-Fayette, KY (Metropolitan Statistical Area)"," ","800","Quantity indexes for real GDP by metropolitan area","57","531","    Real estate","(D)","(D)","(D)","(D)","(D)","(D)","(D)","(D)","(D)","(D)","(D)","(D)","(D)","(D)","(NA)"
"30460","Lexington-Fayette, KY (Metropolitan Statistical Area)"," ","800","Quantity indexes for real GDP by metropolitan area","58","532-533","    Rental and leasing services and lessors of intangible assets","(D)","(D)","(D)","(D)","(D)","(D)","(D)","(D)","(D)","(D)","(D)","(D)","(D)","(D)","(NA)"
"30460","Lexington-Fayette, KY (Metropolitan Statistical Area)"," ","800","Quantity indexes for real GDP by metropolitan area","59","54, 55, 56","  Professional and business services",91.646,92.167,92.254,95.102,96.634,97.477,101.696,106.624,100.000,104.975,110.509,114.996,118.669,123.977,131.138
"30460","Lexington-Fayette, KY (Metropolitan Statistical Area)"," ","800","Quantity indexes for real GDP by metropolitan area","60","54","   Professional, scientific, and technical services","(D)","(D)","(D)","(D)","(D)","(D)","(D)","(D)","(D)","(D)","(D)","(D)","(D)","(D)","(D)"
"30460","Lexington-Fayette, KY (Metropolitan Statistical Area)"," ","800","Quantity indexes for real GDP by metropolitan area","64","55","   Management of companies and enterprises","(D)","(D)","(D)","(D)","(D)","(D)","(D)","(D)","(D)","(D)","(D)","(D)","(D)","(D)","(D)"
"30460","Lexington-Fayette, KY (Metropolitan Statistical Area)"," ","800","Quantity indexes for real GDP by metropolitan area","65","56","   Administrative and waste management services","(D)","(D)","(D)","(D)","(D)","(D)","(D)","(D)","(D)","(D)","(D)","(D)","(D)","(D)","(D)"
"30460","Lexington-Fayette, KY (Metropolitan Statistical Area)"," ","800","Quantity indexes for real GDP by metropolitan area","66","561","    Administrative and support services","(D)","(D)","(D)","(D)","(D)","(D)","(D)","(D)","(D)","(D)","(D)","(D)","(D)","(D)","(NA)"
"30460","Lexington-Fayette, KY (Metropolitan Statistical Area)"," ","800","Quantity indexes for real GDP by metropolitan area","67","562","    Waste management and remediation services","(D)","(D)","(D)","(D)","(D)","(D)","(D)","(D)","(D)","(D)","(D)","(D)","(D)","(D)","(NA)"
"30460","Lexington-Fayette, KY (Metropolitan Statistical Area)"," ","800","Quantity indexes for real GDP by metropolitan area","68","61, 62","  Educational services, health care, and social assistance",86.202,90.659,94.673,98.649,100.654,102.092,98.658,98.248,100.000,101.114,106.386,105.985,104.791,106.332,114.213
"30460","Lexington-Fayette, KY (Metropolitan Statistical Area)"," ","800","Quantity indexes for real GDP by metropolitan area","69","61","   Educational services","(D)","(D)","(D)","(D)","(D)","(D)","(D)","(D)","(D)","(D)","(D)","(D)","(D)","(D)","(D)"
"30460","Lexington-Fayette, KY (Metropolitan Statistical Area)"," ","800","Quantity indexes for real GDP by metropolitan area","70","62","   Health care and social assistance","(D)","(D)","(D)","(D)","(D)","(D)","(D)","(D)","(D)","(D)","(D)","(D)","(D)","(D)","(D)"
"30460","Lexington-Fayette, KY (Metropolitan Statistical Area)"," ","800","Quantity indexes for real GDP by metropolitan area","71","621","    Ambulatory health care services",78.191,84.903,89.339,94.314,98.542,103.743,101.788,100.510,100.000,98.040,99.463,98.012,98.967,103.999,"(NA)"
"30460","Lexington-Fayette, KY (Metropolitan Statistical Area)"," ","800","Quantity indexes for real GDP by metropolitan area","72","622-623","    Hospitals and nursing and residential care facilities","(D)","(D)","(D)","(D)","(D)","(D)","(D)","(D)","(D)","(D)","(D)","(D)","(D)","(D)","(NA)"
"30460","Lexington-Fayette, KY (Metropolitan Statistical Area)"," ","800","Quantity indexes for real GDP by metropolitan area","73","624","    Social assistance","(D)","(D)",79.805,"(D)","(D)","(D)",97.302,99.907,100.000,102.950,101.985,"(D)",109.011,"(D)","(NA)"
"30460","Lexington-Fayette, KY (Metropolitan Statistical Area)"," ","800","Quantity indexes for real GDP by metropolitan area","74","71, 72","  Arts, entertainment, recreation, accommodation, and food services",102.243,106.928,112.856,116.092,110.865,"(D)",108.784,104.923,100.000,101.259,102.114,101.965,103.220,106.287,110.992
"30460","Lexington-Fayette, KY (Metropolitan Statistical Area)"," ","800","Quantity indexes for real GDP by metropolitan area","75","71","   Arts, entertainment, and recreation",86.075,101.777,115.566,119.122,110.158,"(D)",106.408,104.432,100.000,97.517,99.238,91.787,87.467,87.176,94.310
"30460","Lexington-Fayette, KY (Metropolitan Statistical Area)"," ","800","Quantity indexes for real GDP by metropolitan area","76","711-712","    Performing arts, spectator sports, museums, and related activities","(D)",103.311,122.283,"(D)",113.991,104.510,"(D)","(D)",100.000,93.061,95.557,"(D)",84.429,"(D)","(NA)"
"30460","Lexington-Fayette, KY (Metropolitan Statistical Area)"," ","800","Quantity indexes for real GDP by metropolitan area","77","713","    Amusements, gambling, and recreation industries","(D)",97.805,100.991,"(D)",101.825,"(D)","(D)","(D)",100.000,107.647,107.581,"(D)",94.378,"(D)","(NA)"
"30460","Lexington-Fayette, KY (Metropolitan Statistical Area)"," ","800","Quantity indexes for real GDP by metropolitan area","78","72","   Accommodation and food services",107.168,108.485,111.998,115.134,111.078,111.118,109.520,105.074,100.000,102.382,102.977,105.016,107.921,111.977,115.982
"30460","Lexington-Fayette, KY (Metropolitan Statistical Area)"," ","800","Quantity indexes for real GDP by metropolitan area","79","721","    Accommodation","(D)","(D)","(D)","(D)","(D)","(D)","(D)","(D)","(D)","(D)","(D)","(D)","(D)","(D)","(NA)"
"30460","Lexington-Fayette, KY (Metropolitan Statistical Area)"," ","800","Quantity indexes for real GDP by metropolitan area","80","722","    Food services and drinking places","(D)","(D)","(D)","(D)","(D)","(D)","(D)","(D)","(D)","(D)","(D)","(D)","(D)","(D)","(NA)"
"30460","Lexington-Fayette, KY (Metropolitan Statistical Area)"," ","800","Quantity indexes for real GDP by metropolitan area","81","81","  Other services, except government",102.913,105.607,106.575,106.388,104.907,100.800,99.403,103.109,100.000,99.976,99.561,102.690,101.274,101.856,103.523
"30460","Lexington-Fayette, KY (Metropolitan Statistical Area)"," ","800","Quantity indexes for real GDP by metropolitan area","82","92"," Government",86.382,89.810,89.136,89.606,91.746,94.211,99.495,103.366,100.000,103.259,101.742,106.089,108.614,110.518,108.151
"30460","Lexington-Fayette, KY (Metropolitan Statistical Area)"," ","800","Quantity indexes for real GDP by metropolitan area","83","...","  Federal civilian",88.602,98.354,96.493,96.855,92.052,93.240,93.557,92.470,100.000,91.622,88.806,87.989,88.532,89.393,"(NA)"
"30460","Lexington-Fayette, KY (Metropolitan Statistical Area)"," ","800","Quantity indexes for real GDP by metropolitan area","84","...","  Federal military",53.578,67.949,93.797,93.179,98.237,89.031,82.435,89.537,100.000,100.280,96.465,89.694,87.080,82.543,"(NA)"
"30460","Lexington-Fayette, KY (Metropolitan Statistical Area)"," ","800","Quantity indexes for real GDP by metropolitan area","85","...","  State and local",86.559,88.460,87.435,87.953,91.477,94.483,101.102,105.889,100.000,105.682,104.481,110.126,113.164,115.417,"(NA)"
"30460","Lexington-Fayette, KY (Metropolitan Statistical Area)"," ","800","Quantity indexes for real GDP by metropolitan area","86","11, 21","Natural resources and mining","(D)","(D)","(D)","(D)","(D)","(D)","(D)","(D)","(D)","(D)","(D)","(D)","(D)","(D)","(D)"
"30460","Lexington-Fayette, KY (Metropolitan Statistical Area)"," ","800","Quantity indexes for real GDP by metropolitan area","87","42, 44-45","Trade","(D)","(D)","(D)","(D)","(D)","(D)","(D)","(D)","(D)","(D)","(D)","(D)","(D)","(D)","(D)"
"30460","Lexington-Fayette, KY (Metropolitan Statistical Area)"," ","800","Quantity indexes for real GDP by metropolitan area","88","...","Transportation and utilities",91.953,95.407,93.189,98.547,103.492,102.966,102.521,107.022,100.000,109.920,111.014,110.492,"(D)","(D)","(D)"
"30460","Lexington-Fayette, KY (Metropolitan Statistical Area)"," ","800","Quantity indexes for real GDP by metropolitan area","89","...","Private goods-producing industries",108.686,119.798,117.411,119.177,121.921,134.819,131.937,116.755,100.000,118.147,119.405,126.867,"(D)","(D)","(D)"
"30460","Lexington-Fayette, KY (Metropolitan Statistical Area)"," ","800","Quantity indexes for real GDP by metropolitan area","90","...","Private services-providing industries",86.729,91.095,94.211,96.600,99.425,100.841,100.803,102.305,100.000,103.018,106.685,106.608,"(D)","(D)","(D)"
"30460","Lexington-Fayette, KY (Metropolitan Statistical Area)"," ","900","Real GDP by metropolitan area","1","...","All industry total",20112,21405,21674,22103,22695,23615,23650,23256,22014,23416,23922,24422,24657,25186,25831
"30460","Lexington-Fayette, KY (Metropolitan Statistical Area)"," ","900","Real GDP by metropolitan area","2","..."," Private industries",17099,18262,18547,18954,19470,20301,20156,19628,18503,19792,20356,20701,20845,21309,22044
"30460","Lexington-Fayette, KY (Metropolitan Statistical Area)"," ","900","Real GDP by metropolitan area","3","11","  Agriculture, forestry, fishing, and hunting","(D)","(D)","(D)","(D)","(D)","(D)","(D)","(D)","(D)","(D)","(D)","(D)","(D)","(D)","(D)"
"30460","Lexington-Fayette, KY (Metropolitan Statistical Area)"," ","900","Real GDP by metropolitan area","4","111-112","   Farms",580,860,592,477,343,500,377,68,107,148,81,110,116,95,"(NA)"
"30460","Lexington-Fayette, KY (Metropolitan Statistical Area)"," ","900","Real GDP by metropolitan area","5","113-115","   Forestry, fishing, and related activities","(D)","(D)","(D)","(D)","(D)","(D)","(D)","(D)","(D)","(D)","(D)","(D)","(D)","(D)","(NA)"
"30460","Lexington-Fayette, KY (Metropolitan Statistical Area)"," ","900","Real GDP by metropolitan area","6","21","  Mining","(D)","(D)","(D)","(D)","(D)","(D)","(D)","(D)","(D)","(D)","(D)","(D)",297,322,312
"30460","Lexington-Fayette, KY (Metropolitan Statistical Area)"," ","900","Real GDP by metropolitan area","7","211","   Oil and gas extraction","(D)","(D)","(D)","(D)","(D)","(D)","(D)","(D)","(D)","(D)","(D)","(D)","(D)","(D)","(NA)"
"30460","Lexington-Fayette, KY (Metropolitan Statistical Area)"," ","900","Real GDP by metropolitan area","8","212","   Mining, except oil and gas","(D)","(D)","(D)","(D)","(D)","(D)","(D)","(D)","(D)","(D)","(D)","(D)",178,202,"(NA)"
"30460","Lexington-Fayette, KY (Metropolitan Statistical Area)"," ","900","Real GDP by metropolitan area","9","213","   Support activities for mining","(D)","(D)","(D)","(D)","(D)","(D)","(D)","(D)","(D)","(D)","(D)","(D)","(D)","(D)","(NA)"
"30460","Lexington-Fayette, KY (Metropolitan Statistical Area)"," ","900","Real GDP by metropolitan area","10","22","  Utilities","(D)","(D)","(D)","(D)","(D)","(D)","(D)","(D)","(D)","(D)","(D)","(D)","(D)","(D)","(D)"
"30460","Lexington-Fayette, KY (Metropolitan Statistical Area)"," ","900","Real GDP by metropolitan area","11","23","  Construction",1376,1274,1257,1241,1212,1134,1085,1060,984,959,955,1022,1040,1065,1215
"30460","Lexington-Fayette, KY (Metropolitan Statistical Area)"," ","900","Real GDP by metropolitan area","12","31-33","  Manufacturing",3117,3407,3557,3762,4055,4501,4571,4303,3452,4252,4314,4596,4460,4721,4639
"30460","Lexington-Fayette, KY (Metropolitan Statistical Area)"," ","900","Real GDP by metropolitan area","13","...","   Durable goods manufacturing","(D)","(D)","(D)","(D)","(D)","(D)","(D)","(D)","(D)","(D)","(D)","(D)",3395,3683,3598
"30460","Lexington-Fayette, KY (Metropolitan Statistical Area)"," ","900","Real GDP by metropolitan area","14","321","    Wood products manufacturing","(D)","(D)","(D)","(D)","(D)","(D)","(D)","(D)","(D)","(D)","(D)","(D)",20,19,"(NA)"
"30460","Lexington-Fayette, KY (Metropolitan Statistical Area)"," ","900","Real GDP by metropolitan area","15","327","    Nonmetallic mineral products manufacturing","(D)","(D)","(D)","(D)","(D)","(D)","(D)","(D)","(D)","(D)","(D)","(D)","(D)",115,"(NA)"
"30460","Lexington-Fayette, KY (Metropolitan Statistical Area)"," ","900","Real GDP by metropolitan area","16","331","    Primary metals manufacturing","(D)","(D)","(D)","(D)","(D)","(D)","(D)","(D)","(D)","(D)","(D)","(D)",18,"(D)","(NA)"
"30460","Lexington-Fayette, KY (Metropolitan Statistical Area)"," ","900","Real GDP by metropolitan area","17","332","    Fabricated metal products",205,"(D)","(D)","(D)",224,"(D)","(D)","(D)","(D)","(D)","(D)","(D)",206,216,"(NA)"
"30460","Lexington-Fayette, KY (Metropolitan Statistical Area)"," ","900","Real GDP by metropolitan area","18","333","    Machinery manufacturing","(D)","(D)","(D)","(D)","(D)","(D)","(D)","(D)","(D)","(D)","(D)","(D)",299,328,"(NA)"
"30460","Lexington-Fayette, KY (Metropolitan Statistical Area)"," ","900","Real GDP by metropolitan area","19","334","    Computer and electronic products manufacturing","(D)","(D)","(D)","(D)","(D)","(D)","(D)","(D)","(D)","(D)","(D)","(D)",759,938,"(NA)"
"30460","Lexington-Fayette, KY (Metropolitan Statistical Area)"," ","900","Real GDP by metropolitan area","20","335","    Electrical equipment, appliance, and components manufacturing","(D)","(D)","(D)","(D)","(D)","(D)","(D)","(D)","(D)","(D)","(D)","(D)",198,186,"(NA)"
"30460","Lexington-Fayette, KY (Metropolitan Statistical Area)"," ","900","Real GDP by metropolitan area","21","3361-3363","    Motor vehicles, bodies and trailers, and parts manufacturing","(D)","(D)","(D)","(D)","(D)","(D)","(D)","(D)","(D)","(D)","(D)","(D)","(D)","(D)","(NA)"
"30460","Lexington-Fayette, KY (Metropolitan Statistical Area)"," ","900","Real GDP by metropolitan area","22","3364-3366, 3369","    Other transportation equipment manufacturing","(D)","(D)","(D)","(D)","(D)","(D)","(D)","(D)","(D)","(D)","(D)","(D)",160,138,"(NA)"
"30460","Lexington-Fayette, KY (Metropolitan Statistical Area)"," ","900","Real GDP by metropolitan area","23","337","    Furniture and related products manufacturing","(D)","(D)","(D)","(D)","(D)","(D)","(D)","(D)","(D)","(D)","(D)","(D)",58,62,"(NA)"
"30460","Lexington-Fayette, KY (Metropolitan Statistical Area)"," ","900","Real GDP by metropolitan area","24","339","    Miscellaneous manufacturing","(D)","(D)","(D)","(D)","(D)","(D)","(D)","(D)","(D)","(D)","(D)","(D)",44,52,"(NA)"
"30460","Lexington-Fayette, KY (Metropolitan Statistical Area)"," ","900","Real GDP by metropolitan area","25","...","   Nondurable goods manufacturing","(D)","(D)","(D)","(D)","(D)","(D)","(D)","(D)","(D)","(D)","(D)","(D)",1063,1047,1047
"30460","Lexington-Fayette, KY (Metropolitan Statistical Area)"," ","900","Real GDP by metropolitan area","26","311-312","    Food and beverage and tobacco products manufacturing","(D)","(D)","(D)","(D)","(D)","(D)","(D)","(D)","(D)","(D)","(D)","(D)",403,408,"(NA)"
"30460","Lexington-Fayette, KY (Metropolitan Statistical Area)"," ","900","Real GDP by metropolitan area","27","313-314","    Textile mills and textile product mills","(D)","(D)","(D)","(D)","(D)","(D)","(D)","(D)","(D)","(D)","(D)","(D)","(D)","(D)","(NA)"
"30460","Lexington-Fayette, KY (Metropolitan Statistical Area)"," ","900","Real GDP by metropolitan area","28","315-316","    Apparel and leather and allied products manufacturing","(D)","(D)","(D)","(D)","(D)","(D)","(D)","(D)","(D)","(D)","(D)","(D)",2,2,"(NA)"
"30460","Lexington-Fayette, KY (Metropolitan Statistical Area)"," ","900","Real GDP by metropolitan area","29","322","    Paper products manufacturing","(D)","(D)","(D)","(D)","(D)","(D)","(D)","(D)","(D)","(D)","(D)","(D)",102,121,"(NA)"
"30460","Lexington-Fayette, KY (Metropolitan Statistical Area)"," ","900","Real GDP by metropolitan area","30","323","    Printing and related support activities","(D)","(D)","(D)","(D)","(D)","(D)","(D)","(D)","(D)","(D)","(D)","(D)",82,84,"(NA)"
"30460","Lexington-Fayette, KY (Metropolitan Statistical Area)"," ","900","Real GDP by metropolitan area","31","324","    Petroleum and coal products manufacturing","(D)","(D)","(D)","(D)","(D)","(D)","(D)","(D)","(D)","(D)","(D)","(D)","(D)","(D)","(NA)"
"30460","Lexington-Fayette, KY (Metropolitan Statistical Area)"," ","900","Real GDP by metropolitan area","32","325","    Chemical products manufacturing","(D)","(D)","(D)","(D)","(D)","(D)","(D)","(D)","(D)","(D)","(D)","(D)",271,217,"(NA)"
"30460","Lexington-Fayette, KY (Metropolitan Statistical Area)"," ","900","Real GDP by metropolitan area","33","326","    Plastics and rubber products manufacturing","(D)","(D)","(D)","(D)","(D)","(D)","(D)","(D)","(D)","(D)","(D)","(D)",170,186,"(NA)"
"30460","Lexington-Fayette, KY (Metropolitan Statistical Area)"," ","900","Real GDP by metropolitan area","34","42","  Wholesale trade","(D)","(D)","(D)","(D)","(D)","(D)","(D)","(D)","(D)",1600,1604,"(D)","(D)","(D)","(D)"
"30460","Lexington-Fayette, KY (Metropolitan Statistical Area)"," ","900","Real GDP by metropolitan area","35","44-45","  Retail trade",1319,1386,1492,1504,1566,1540,1506,1460,1449,1482,1479,1503,1519,1524,1576
"30460","Lexington-Fayette, KY (Metropolitan Statistical Area)"," ","900","Real GDP by metropolitan area","36","48-49","  Transportation and warehousing","(D)","(D)","(D)","(D)","(D)","(D)","(D)","(D)","(D)","(D)","(D)","(D)",641,687,711
"30460","Lexington-Fayette, KY (Metropolitan Statistical Area)"," ","900","Real GDP by metropolitan area","37","481","   Air transportation",23,19,21,"(D)","(D)","(D)","(D)","(D)","(D)","(D)","(D)","(D)",4,"(D)","(NA)"
"30460","Lexington-Fayette, KY (Metropolitan Statistical Area)"," ","900","Real GDP by metropolitan area","38","482","   Rail transportation",14,13,14,15,16,17,16,19,17,18,19,19,19,20,"(NA)"
"30460","Lexington-Fayette, KY (Metropolitan Statistical Area)"," ","900","Real GDP by metropolitan area","39","483","   Water transportation","(D)","(D)","(D)","(D)","(D)","(D)","(D)","(D)","(D)","(D)","(D)","(D)","(D)","(D)","(NA)"
"30460","Lexington-Fayette, KY (Metropolitan Statistical Area)"," ","900","Real GDP by metropolitan area","40","484","   Truck transportation",226,234,230,243,261,272,257,249,217,229,231,247,"(D)","(D)","(NA)"
"30460","Lexington-Fayette, KY (Metropolitan Statistical Area)"," ","900","Real GDP by metropolitan area","41","485","   Transit and ground passenger transportation","(D)","(D)","(D)","(D)","(D)","(D)","(D)","(D)","(D)","(D)","(D)","(D)",11,12,"(NA)"
"30460","Lexington-Fayette, KY (Metropolitan Statistical Area)"," ","900","Real GDP by metropolitan area","42","486","   Pipeline transportation","(D)","(D)","(D)","(D)","(D)","(D)","(D)","(D)","(D)","(D)","(D)","(D)",3,3,"(NA)"
"30460","Lexington-Fayette, KY (Metropolitan Statistical Area)"," ","900","Real GDP by metropolitan area","43","487-488, 492","   Other transportation and support activities","(D)","(D)","(D)","(D)","(D)","(D)","(D)","(D)","(D)","(D)","(D)","(D)",144,149,"(NA)"
"30460","Lexington-Fayette, KY (Metropolitan Statistical Area)"," ","900","Real GDP by metropolitan area","44","493","   Warehousing and storage","(D)","(D)","(D)","(D)","(D)","(D)","(D)","(D)","(D)","(D)","(D)","(D)",225,263,"(NA)"
"30460","Lexington-Fayette, KY (Metropolitan Statistical Area)"," ","900","Real GDP by metropolitan area","45","51","  Information",498,593,611,666,729,843,856,849,781,806,819,726,729,771,790
"30460","Lexington-Fayette, KY (Metropolitan Statistical Area)"," ","900","Real GDP by metropolitan area","46","511","   Publishing industries, except Internet (includes software)","(D)","(D)","(D)","(D)","(D)","(D)","(D)","(D)","(D)","(D)","(D)","(D)",114,121,"(NA)"
"30460","Lexington-Fayette, KY (Metropolitan Statistical Area)"," ","900","Real GDP by metropolitan area","47","512","   Motion picture and sound recording industries","(D)","(D)","(D)","(D)","(D)","(D)","(D)","(D)","(D)","(D)","(D)","(D)",17,17,"(NA)"
"30460","Lexington-Fayette, KY (Metropolitan Statistical Area)"," ","900","Real GDP by metropolitan area","48","515, 517","   Broadcasting and telecommunications","(D)","(D)","(D)","(D)","(D)","(D)","(D)","(D)","(D)","(D)","(D)","(D)","(D)","(D)","(NA)"
"30460","Lexington-Fayette, KY (Metropolitan Statistical Area)"," ","900","Real GDP by metropolitan area","49","518, 519","   Data processing, internet publishing, and other information services","(D)","(D)","(D)","(D)","(D)","(D)","(D)","(D)","(D)","(D)","(D)","(D)","(D)","(D)","(NA)"
"30460","Lexington-Fayette, KY (Metropolitan Statistical Area)"," ","900","Real GDP by metropolitan area","50","52, 53","  Finance, insurance, real estate, rental, and leasing",3382,3577,3656,3626,3739,3723,3493,3579,3837,4028,4291,4243,4335,4251,4432
"30460","Lexington-Fayette, KY (Metropolitan Statistical Area)"," ","900","Real GDP by metropolitan area","51","52","   Finance and insurance",722,698,717,712,745,768,729,656,690,667,706,710,701,702,705
"30460","Lexington-Fayette, KY (Metropolitan Statistical Area)"," ","900","Real GDP by metropolitan area","52","521-522","    Federal Reserve banks, credit intermediation, and related services",282,303,295,308,"(D)","(D)","(D)","(D)",308,281,316,305,276,273,"(NA)"
"30460","Lexington-Fayette, KY (Metropolitan Statistical Area)"," ","900","Real GDP by metropolitan area","53","523","    Securities, commodity contracts, and investments","(D)","(D)","(D)","(D)","(D)","(D)","(D)","(D)","(D)","(D)","(D)","(D)",66,68,"(NA)"
"30460","Lexington-Fayette, KY (Metropolitan Statistical Area)"," ","900","Real GDP by metropolitan area","54","524","    Insurance carriers and related activities","(D)","(D)","(D)","(D)","(D)","(D)","(D)","(D)","(D)","(D)","(D)","(D)",347,"(D)","(NA)"
"30460","Lexington-Fayette, KY (Metropolitan Statistical Area)"," ","900","Real GDP by metropolitan area","55","525","    Funds, trusts, and other financial vehicles","(D)","(D)","(D)","(D)","(D)","(D)","(D)","(D)","(D)","(D)","(D)","(D)",14,"(D)","(NA)"
"30460","Lexington-Fayette, KY (Metropolitan Statistical Area)"," ","900","Real GDP by metropolitan area","56","53","   Real estate and rental and leasing",2649,2876,2935,2910,2989,2945,2755,2922,3147,3362,3587,3533,3637,3550,3731
"30460","Lexington-Fayette, KY (Metropolitan Statistical Area)"," ","900","Real GDP by metropolitan area","57","531","    Real estate","(D)","(D)","(D)","(D)","(D)","(D)","(D)","(D)","(D)","(D)","(D)",3337,3449,3365,"(NA)"
"30460","Lexington-Fayette, KY (Metropolitan Statistical Area)"," ","900","Real GDP by metropolitan area","58","532-533","    Rental and leasing services and lessors of intangible assets","(D)","(D)","(D)","(D)","(D)","(D)","(D)","(D)","(D)","(D)","(D)",196,187,185,"(NA)"
"30460","Lexington-Fayette, KY (Metropolitan Statistical Area)"," ","900","Real GDP by metropolitan area","59","54, 55, 56","  Professional and business services",1991,2003,2004,2066,2100,2118,2210,2317,2173,2281,2401,2499,2578,2694,2849
"30460","Lexington-Fayette, KY (Metropolitan Statistical Area)"," ","900","Real GDP by metropolitan area","60","54","   Professional, scientific, and technical services","(D)","(D)","(D)","(D)","(D)","(D)","(D)","(D)","(D)","(D)","(D)","(D)",1305,1336,1367
"30460","Lexington-Fayette, KY (Metropolitan Statistical Area)"," ","900","Real GDP by metropolitan area","64","55","   Management of companies and enterprises","(D)","(D)","(D)","(D)","(D)","(D)","(D)","(D)","(D)","(D)","(D)","(D)","(D)",395,"(D)"
"30460","Lexington-Fayette, KY (Metropolitan Statistical Area)"," ","900","Real GDP by metropolitan area","65","56","   Administrative and waste management services","(D)","(D)",459,"(D)","(D)","(D)","(D)","(D)","(D)","(D)","(D)","(D)","(D)",969,"(D)"
"30460","Lexington-Fayette, KY (Metropolitan Statistical Area)"," ","900","Real GDP by metropolitan area","66","561","    Administrative and support services","(D)","(D)","(D)","(D)","(D)","(D)","(D)","(D)","(D)","(D)","(D)","(D)",857,"(D)","(NA)"
"30460","Lexington-Fayette, KY (Metropolitan Statistical Area)"," ","900","Real GDP by metropolitan area","67","562","    Waste management and remediation services","(D)","(D)","(D)","(D)","(D)","(D)","(D)","(D)","(D)","(D)","(D)","(D)","(D)","(D)","(NA)"
"30460","Lexington-Fayette, KY (Metropolitan Statistical Area)"," ","900","Real GDP by metropolitan area","68","61, 62","  Educational services, health care, and social assistance",1454,1529,1597,1664,1698,1722,1664,1657,1687,1706,1795,1788,1768,1794,1927
"30460","Lexington-Fayette, KY (Metropolitan Statistical Area)"," ","900","Real GDP by metropolitan area","69","61","   Educational services","(D)","(D)","(D)","(D)","(D)","(D)","(D)","(D)","(D)","(D)","(D)","(D)",178,172,172
"30460","Lexington-Fayette, KY (Metropolitan Statistical Area)"," ","900","Real GDP by metropolitan area","70","62","   Health care and social assistance","(D)","(D)","(D)","(D)","(D)","(D)","(D)","(D)","(D)","(D)","(D)","(D)",1590,1622,1756
"30460","Lexington-Fayette, KY (Metropolitan Statistical Area)"," ","900","Real GDP by metropolitan area","71","621","    Ambulatory health care services",667,724,762,805,841,885,868,858,853,836,849,836,844,887,"(NA)"
"30460","Lexington-Fayette, KY (Metropolitan Statistical Area)"," ","900","Real GDP by metropolitan area","72","622-623","    Hospitals and nursing and residential care facilities","(D)","(D)","(D)","(D)","(D)","(D)","(D)","(D)","(D)","(D)","(D)","(D)",629,"(D)","(NA)"
"30460","Lexington-Fayette, KY (Metropolitan Statistical Area)"," ","900","Real GDP by metropolitan area","73","624","    Social assistance","(D)","(D)",86,"(D)","(D)","(D)",104,107,107,110,109,"(D)",117,"(D)","(NA)"
"30460","Lexington-Fayette, KY (Metropolitan Statistical Area)"," ","900","Real GDP by metropolitan area","74","71, 72","  Arts, entertainment, recreation, accommodation, and food services",896,937,989,1018,972,"(D)",953,920,876,888,895,894,905,932,973
"30460","Lexington-Fayette, KY (Metropolitan Statistical Area)"," ","900","Real GDP by metropolitan area","75","71","   Arts, entertainment, and recreation",174,206,234,241,223,"(D)",215,211,202,197,201,186,177,176,191
"30460","Lexington-Fayette, KY (Metropolitan Statistical Area)"," ","900","Real GDP by metropolitan area","76","711-712","    Performing arts, spectator sports, museums, and related activities","(D)",145,171,"(D)",160,146,"(D)","(D)",140,130,134,"(D)",118,"(D)","(NA)"
"30460","Lexington-Fayette, KY (Metropolitan Statistical Area)"," ","900","Real GDP by metropolitan area","77","713","    Amusements, gambling, and recreation industries","(D)",61,63,"(D)",63,"(D)","(D)","(D)",62,67,67,"(D)",59,"(D)","(NA)"
"30460","Lexington-Fayette, KY (Metropolitan Statistical Area)"," ","900","Real GDP by metropolitan area","78","72","   Accommodation and food services",722,731,755,776,749,749,738,708,674,690,694,708,727,755,782
"30460","Lexington-Fayette, KY (Metropolitan Statistical Area)"," ","900","Real GDP by metropolitan area","79","721","    Accommodation","(D)","(D)","(D)","(D)","(D)","(D)","(D)","(D)","(D)","(D)","(D)","(D)",159,162,"(NA)"
"30460","Lexington-Fayette, KY (Metropolitan Statistical Area)"," ","900","Real GDP by metropolitan area","80","722","    Food services and drinking places","(D)","(D)","(D)","(D)","(D)","(D)","(D)","(D)","(D)","(D)","(D)","(D)",569,592,"(NA)"
"30460","Lexington-Fayette, KY (Metropolitan Statistical Area)"," ","900","Real GDP by metropolitan area","81","81","  Other services, except government",438,450,454,453,447,429,423,439,426,426,424,437,431,434,441
"30460","Lexington-Fayette, KY (Metropolitan Statistical Area)"," ","900","Real GDP by metropolitan area","82","92"," Government",3032,3153,3129,3146,3221,3307,3493,3629,3511,3625,3572,3724,3813,3880,3797
"30460","Lexington-Fayette, KY (Metropolitan Statistical Area)"," ","900","Real GDP by metropolitan area","83","...","  Federal civilian",512,568,557,559,532,539,540,534,578,529,513,508,511,516,"(NA)"
"30460","Lexington-Fayette, KY (Metropolitan Statistical Area)"," ","900","Real GDP by metropolitan area","84","...","  Federal military",35,44,61,60,63,57,53,58,65,65,62,58,56,53,"(NA)"
"30460","Lexington-Fayette, KY (Metropolitan Statistical Area)"," ","900","Real GDP by metropolitan area","85","...","  State and local",2483,2537,2508,2523,2624,2710,2900,3037,2868,3031,2997,3159,3246,3311,"(NA)"
"30460","Lexington-Fayette, KY (Metropolitan Statistical Area)"," ","900","Real GDP by metropolitan area","86","11, 21","Natural resources and mining","(D)","(D)","(D)","(D)","(D)",892,"(D)","(D)","(D)",536,540,"(D)","(D)","(D)","(D)"
"30460","Lexington-Fayette, KY (Metropolitan Statistical Area)"," ","900","Real GDP by metropolitan area","87","42, 44-45","Trade","(D)","(D)","(D)","(D)","(D)","(D)","(D)","(D)","(D)",3081,3083,"(D)","(D)","(D)","(D)"
"30460","Lexington-Fayette, KY (Metropolitan Statistical Area)"," ","900","Real GDP by metropolitan area","88","...","Transportation and utilities",700,726,709,750,787,783,780,814,761,836,845,841,"(D)","(D)","(D)"
"30460","Lexington-Fayette, KY (Metropolitan Statistical Area)"," ","900","Real GDP by metropolitan area","89","...","Private goods-producing industries",5288,5829,5712,5798,5932,6559,6419,5681,4865,5748,5809,6173,"(D)","(D)","(D)"
"30460","Lexington-Fayette, KY (Metropolitan Statistical Area)"," ","900","Real GDP by metropolitan area","90","...","Private services-providing industries",11828,12423,12848,13174,13559,13753,13747,13952,13638,14049,14549,14539,"(D)","(D)","(D)"
"30460","Lexington-Fayette, KY (Metropolitan Statistical Area)"," ","1000","Per capita real GDP by metropolitan area","1","...","All industry total",48518,51154,51004,51374,51946,52986,52306,50545,47106,49463,49998,50395,50390,50965,51607
"Note: See the included footnote file."
NAICS Industry detail is based on the 2007 North American Industry Classification System (NAICS).
"Source: U.S. Department of Commerce / Bureau of Economic Analysis / Regional Product Division"
