"GeoFIPS","GeoName","Region","ComponentId","ComponentName","IndustryId","IndustryClassification","Description","2001","2002","2003","2004","2005","2006","2007","2008","2009","2010","2011","2012","2013","2014","2015"
"37980","Philadelphia-Camden-Wilmington, PA-NJ-DE-MD (Metropolitan Statistical Area)"," ","200","Gross domestic product (GDP) by metropolitan area","1","...","All industry total",249674,258733,272734,287485,301415,315684,329686,338152,340696,348749,357654,371295,381662,397137,411161
"37980","Philadelphia-Camden-Wilmington, PA-NJ-DE-MD (Metropolitan Statistical Area)"," ","200","Gross domestic product (GDP) by metropolitan area","2","..."," Private industries",225977,233424,245990,259094,271612,284921,297644,304928,306452,313789,322785,336226,345261,360172,373706
"37980","Philadelphia-Camden-Wilmington, PA-NJ-DE-MD (Metropolitan Statistical Area)"," ","200","Gross domestic product (GDP) by metropolitan area","3","11","  Agriculture, forestry, fishing, and hunting","(D)","(D)","(D)","(D)","(D)","(D)","(D)","(D)","(D)","(D)","(D)","(D)",880,956,895
"37980","Philadelphia-Camden-Wilmington, PA-NJ-DE-MD (Metropolitan Statistical Area)"," ","200","Gross domestic product (GDP) by metropolitan area","4","111-112","   Farms",469,556,463,544,521,554,559,520,666,615,627,644,729,793,"(NA)"
"37980","Philadelphia-Camden-Wilmington, PA-NJ-DE-MD (Metropolitan Statistical Area)"," ","200","Gross domestic product (GDP) by metropolitan area","5","113-115","   Forestry, fishing, and related activities","(D)","(D)","(D)","(D)","(D)","(D)","(D)","(D)","(D)","(D)","(D)","(D)",152,164,"(NA)"
"37980","Philadelphia-Camden-Wilmington, PA-NJ-DE-MD (Metropolitan Statistical Area)"," ","200","Gross domestic product (GDP) by metropolitan area","6","21","  Mining","(D)","(D)","(D)","(D)","(D)","(D)","(D)","(D)","(D)","(D)","(D)","(D)","(D)","(D)","(D)"
"37980","Philadelphia-Camden-Wilmington, PA-NJ-DE-MD (Metropolitan Statistical Area)"," ","200","Gross domestic product (GDP) by metropolitan area","7","211","   Oil and gas extraction","(D)","(D)","(D)","(D)","(D)","(D)","(D)","(D)","(D)","(D)","(D)","(D)",583,793,"(NA)"
"37980","Philadelphia-Camden-Wilmington, PA-NJ-DE-MD (Metropolitan Statistical Area)"," ","200","Gross domestic product (GDP) by metropolitan area","8","212","   Mining, except oil and gas","(D)","(D)","(D)","(D)","(D)","(D)","(D)","(D)","(D)","(D)","(D)","(D)",186,"(D)","(NA)"
"37980","Philadelphia-Camden-Wilmington, PA-NJ-DE-MD (Metropolitan Statistical Area)"," ","200","Gross domestic product (GDP) by metropolitan area","9","213","   Support activities for mining","(D)","(D)","(D)","(D)","(D)","(D)","(D)","(D)","(D)","(D)","(D)","(D)","(D)","(D)","(NA)"
"37980","Philadelphia-Camden-Wilmington, PA-NJ-DE-MD (Metropolitan Statistical Area)"," ","200","Gross domestic product (GDP) by metropolitan area","10","22","  Utilities","(D)","(D)",4874,4911,4819,5088,"(D)",4960,5389,"(D)","(D)",5594,"(D)","(D)","(D)"
"37980","Philadelphia-Camden-Wilmington, PA-NJ-DE-MD (Metropolitan Statistical Area)"," ","200","Gross domestic product (GDP) by metropolitan area","11","23","  Construction",10095,"(D)","(D)","(D)",13529,"(D)","(D)","(D)","(D)","(D)","(D)","(D)","(D)","(D)","(D)"
"37980","Philadelphia-Camden-Wilmington, PA-NJ-DE-MD (Metropolitan Statistical Area)"," ","200","Gross domestic product (GDP) by metropolitan area","12","31-33","  Manufacturing",35285,34039,34635,33409,33064,"(D)","(D)",35706,"(D)","(D)","(D)",32137,"(D)","(D)","(D)"
"37980","Philadelphia-Camden-Wilmington, PA-NJ-DE-MD (Metropolitan Statistical Area)"," ","200","Gross domestic product (GDP) by metropolitan area","13","...","   Durable goods manufacturing","(D)","(D)","(D)","(D)","(D)","(D)","(D)","(D)","(D)","(D)","(D)","(D)","(D)","(D)","(D)"
"37980","Philadelphia-Camden-Wilmington, PA-NJ-DE-MD (Metropolitan Statistical Area)"," ","200","Gross domestic product (GDP) by metropolitan area","14","321","    Wood products manufacturing","(D)","(D)","(D)","(D)","(D)","(D)","(D)","(D)","(D)","(D)","(D)","(D)","(D)","(D)","(NA)"
"37980","Philadelphia-Camden-Wilmington, PA-NJ-DE-MD (Metropolitan Statistical Area)"," ","200","Gross domestic product (GDP) by metropolitan area","15","327","    Nonmetallic mineral products manufacturing","(D)","(D)","(D)","(D)","(D)","(D)",665,"(D)","(D)","(D)","(D)","(D)","(D)","(D)","(NA)"
"37980","Philadelphia-Camden-Wilmington, PA-NJ-DE-MD (Metropolitan Statistical Area)"," ","200","Gross domestic product (GDP) by metropolitan area","16","331","    Primary metals manufacturing","(D)","(D)","(D)","(D)","(D)","(D)","(D)","(D)","(D)","(D)","(D)","(D)","(D)",630,"(NA)"
"37980","Philadelphia-Camden-Wilmington, PA-NJ-DE-MD (Metropolitan Statistical Area)"," ","200","Gross domestic product (GDP) by metropolitan area","17","332","    Fabricated metal products",1966,1792,1781,1752,1890,1960,2146,2136,1978,1902,1996,"(D)",1881,1958,"(NA)"
"37980","Philadelphia-Camden-Wilmington, PA-NJ-DE-MD (Metropolitan Statistical Area)"," ","200","Gross domestic product (GDP) by metropolitan area","18","333","    Machinery manufacturing","(D)","(D)",993,971,1040,1159,"(D)",1380,1240,1185,"(D)","(D)","(D)","(D)","(NA)"
"37980","Philadelphia-Camden-Wilmington, PA-NJ-DE-MD (Metropolitan Statistical Area)"," ","200","Gross domestic product (GDP) by metropolitan area","19","334","    Computer and electronic products manufacturing","(D)","(D)","(D)","(D)","(D)","(D)","(D)","(D)","(D)","(D)","(D)","(D)",3604,"(D)","(NA)"
"37980","Philadelphia-Camden-Wilmington, PA-NJ-DE-MD (Metropolitan Statistical Area)"," ","200","Gross domestic product (GDP) by metropolitan area","20","335","    Electrical equipment, appliance, and components manufacturing","(D)","(D)","(D)","(D)","(D)","(D)","(D)","(D)","(D)","(D)","(D)","(D)","(D)","(D)","(NA)"
"37980","Philadelphia-Camden-Wilmington, PA-NJ-DE-MD (Metropolitan Statistical Area)"," ","200","Gross domestic product (GDP) by metropolitan area","21","3361-3363","    Motor vehicles, bodies and trailers, and parts manufacturing","(D)","(D)","(D)","(D)","(D)","(D)","(D)","(D)","(D)","(D)","(D)","(D)","(D)","(D)","(NA)"
"37980","Philadelphia-Camden-Wilmington, PA-NJ-DE-MD (Metropolitan Statistical Area)"," ","200","Gross domestic product (GDP) by metropolitan area","22","3364-3366, 3369","    Other transportation equipment manufacturing","(D)","(D)","(D)","(D)","(D)","(D)","(D)","(D)","(D)","(D)","(D)","(D)","(D)","(D)","(NA)"
"37980","Philadelphia-Camden-Wilmington, PA-NJ-DE-MD (Metropolitan Statistical Area)"," ","200","Gross domestic product (GDP) by metropolitan area","23","337","    Furniture and related products manufacturing","(D)","(D)","(D)",426,443,430,443,391,341,345,355,"(D)",403,"(D)","(NA)"
"37980","Philadelphia-Camden-Wilmington, PA-NJ-DE-MD (Metropolitan Statistical Area)"," ","200","Gross domestic product (GDP) by metropolitan area","24","339","    Miscellaneous manufacturing","(D)","(D)","(D)","(D)","(D)","(D)","(D)","(D)","(D)","(D)",1397,"(D)",1306,1338,"(NA)"
"37980","Philadelphia-Camden-Wilmington, PA-NJ-DE-MD (Metropolitan Statistical Area)"," ","200","Gross domestic product (GDP) by metropolitan area","25","...","   Nondurable goods manufacturing","(D)","(D)","(D)","(D)","(D)","(D)","(D)","(D)","(D)","(D)","(D)","(D)","(D)","(D)","(D)"
"37980","Philadelphia-Camden-Wilmington, PA-NJ-DE-MD (Metropolitan Statistical Area)"," ","200","Gross domestic product (GDP) by metropolitan area","26","311-312","    Food and beverage and tobacco products manufacturing","(D)","(D)","(D)","(D)","(D)","(D)","(D)","(D)","(D)","(D)","(D)","(D)","(D)","(D)","(NA)"
"37980","Philadelphia-Camden-Wilmington, PA-NJ-DE-MD (Metropolitan Statistical Area)"," ","200","Gross domestic product (GDP) by metropolitan area","27","313-314","    Textile mills and textile product mills","(D)","(D)","(D)","(D)","(D)","(D)","(D)","(D)","(D)","(D)","(D)","(D)",281,"(D)","(NA)"
"37980","Philadelphia-Camden-Wilmington, PA-NJ-DE-MD (Metropolitan Statistical Area)"," ","200","Gross domestic product (GDP) by metropolitan area","28","315-316","    Apparel and leather and allied products manufacturing","(D)","(D)","(D)","(D)","(D)","(D)","(D)","(D)","(D)","(D)","(D)","(D)","(D)",114,"(NA)"
"37980","Philadelphia-Camden-Wilmington, PA-NJ-DE-MD (Metropolitan Statistical Area)"," ","200","Gross domestic product (GDP) by metropolitan area","29","322","    Paper products manufacturing","(D)",1297,1266,1247,"(D)","(D)","(D)",1277,"(D)","(D)","(D)","(D)","(D)","(D)","(NA)"
"37980","Philadelphia-Camden-Wilmington, PA-NJ-DE-MD (Metropolitan Statistical Area)"," ","200","Gross domestic product (GDP) by metropolitan area","30","323","    Printing and related support activities","(D)","(D)","(D)","(D)",1154,"(D)","(D)","(D)","(D)","(D)","(D)","(D)",1004,1097,"(NA)"
"37980","Philadelphia-Camden-Wilmington, PA-NJ-DE-MD (Metropolitan Statistical Area)"," ","200","Gross domestic product (GDP) by metropolitan area","31","324","    Petroleum and coal products manufacturing","(D)","(D)","(D)","(D)","(D)","(D)","(D)","(D)","(D)","(D)","(D)","(D)","(D)","(D)","(NA)"
"37980","Philadelphia-Camden-Wilmington, PA-NJ-DE-MD (Metropolitan Statistical Area)"," ","200","Gross domestic product (GDP) by metropolitan area","32","325","    Chemical products manufacturing",14997,14261,13466,12094,11445,11387,12196,11786,12941,12021,11343,"(D)",10965,12294,"(NA)"
"37980","Philadelphia-Camden-Wilmington, PA-NJ-DE-MD (Metropolitan Statistical Area)"," ","200","Gross domestic product (GDP) by metropolitan area","33","326","    Plastics and rubber products manufacturing","(D)","(D)","(D)","(D)","(D)","(D)","(D)","(D)","(D)","(D)","(D)","(D)","(D)","(D)","(NA)"
"37980","Philadelphia-Camden-Wilmington, PA-NJ-DE-MD (Metropolitan Statistical Area)"," ","200","Gross domestic product (GDP) by metropolitan area","34","42","  Wholesale trade","(D)",15523,16670,18593,19457,20886,21498,21601,20562,21761,22862,23844,24913,26243,"(D)"
"37980","Philadelphia-Camden-Wilmington, PA-NJ-DE-MD (Metropolitan Statistical Area)"," ","200","Gross domestic product (GDP) by metropolitan area","35","44-45","  Retail trade",14300,14745,15453,15741,16461,16812,16539,16140,16009,16544,16872,17458,17865,18331,19240
"37980","Philadelphia-Camden-Wilmington, PA-NJ-DE-MD (Metropolitan Statistical Area)"," ","200","Gross domestic product (GDP) by metropolitan area","36","48-49","  Transportation and warehousing","(D)",4868,5256,5718,6097,6403,"(D)",6846,6594,7105,7076,7211,7543,7941,8200
"37980","Philadelphia-Camden-Wilmington, PA-NJ-DE-MD (Metropolitan Statistical Area)"," ","200","Gross domestic product (GDP) by metropolitan area","37","481","   Air transportation","(D)","(D)","(D)","(D)","(D)","(D)","(D)","(D)","(D)","(D)","(D)","(D)",1437,1584,"(NA)"
"37980","Philadelphia-Camden-Wilmington, PA-NJ-DE-MD (Metropolitan Statistical Area)"," ","200","Gross domestic product (GDP) by metropolitan area","38","482","   Rail transportation",390,318,"(D)","(D)","(D)","(D)","(D)","(D)","(D)","(D)","(D)","(D)","(D)","(D)","(NA)"
"37980","Philadelphia-Camden-Wilmington, PA-NJ-DE-MD (Metropolitan Statistical Area)"," ","200","Gross domestic product (GDP) by metropolitan area","39","483","   Water transportation","(D)","(D)","(D)","(D)","(D)","(D)","(D)","(D)","(D)","(D)","(D)","(D)","(D)","(D)","(NA)"
"37980","Philadelphia-Camden-Wilmington, PA-NJ-DE-MD (Metropolitan Statistical Area)"," ","200","Gross domestic product (GDP) by metropolitan area","40","484","   Truck transportation",1366,1399,1504,1609,1736,1844,1724,1615,1448,1531,1635,"(D)",1733,1775,"(NA)"
"37980","Philadelphia-Camden-Wilmington, PA-NJ-DE-MD (Metropolitan Statistical Area)"," ","200","Gross domestic product (GDP) by metropolitan area","41","485","   Transit and ground passenger transportation",479,476,555,580,587,"(D)",629,623,"(D)","(D)","(D)","(D)",738,738,"(NA)"
"37980","Philadelphia-Camden-Wilmington, PA-NJ-DE-MD (Metropolitan Statistical Area)"," ","200","Gross domestic product (GDP) by metropolitan area","42","486","   Pipeline transportation","(D)","(D)","(D)","(D)","(D)","(D)","(D)","(D)","(D)","(D)","(D)","(D)","(D)","(D)","(NA)"
"37980","Philadelphia-Camden-Wilmington, PA-NJ-DE-MD (Metropolitan Statistical Area)"," ","200","Gross domestic product (GDP) by metropolitan area","43","487-488, 492","   Other transportation and support activities","(D)","(D)","(D)","(D)","(D)","(D)","(D)","(D)","(D)","(D)","(D)","(D)",1854,1959,"(NA)"
"37980","Philadelphia-Camden-Wilmington, PA-NJ-DE-MD (Metropolitan Statistical Area)"," ","200","Gross domestic product (GDP) by metropolitan area","44","493","   Warehousing and storage","(D)","(D)","(D)","(D)",801,"(D)",915,"(D)","(D)","(D)","(D)","(D)","(D)","(D)","(NA)"
"37980","Philadelphia-Camden-Wilmington, PA-NJ-DE-MD (Metropolitan Statistical Area)"," ","200","Gross domestic product (GDP) by metropolitan area","45","51","  Information",10275,10852,11587,13071,13830,13902,15586,20251,20887,22667,22755,23665,25622,25511,26975
"37980","Philadelphia-Camden-Wilmington, PA-NJ-DE-MD (Metropolitan Statistical Area)"," ","200","Gross domestic product (GDP) by metropolitan area","46","511","   Publishing industries, except Internet (includes software)","(D)","(D)","(D)","(D)","(D)","(D)","(D)","(D)","(D)","(D)","(D)","(D)","(D)",3054,"(NA)"
"37980","Philadelphia-Camden-Wilmington, PA-NJ-DE-MD (Metropolitan Statistical Area)"," ","200","Gross domestic product (GDP) by metropolitan area","47","512","   Motion picture and sound recording industries","(D)","(D)","(D)","(D)","(D)","(D)","(D)","(D)","(D)","(D)","(D)","(D)",813,805,"(NA)"
"37980","Philadelphia-Camden-Wilmington, PA-NJ-DE-MD (Metropolitan Statistical Area)"," ","200","Gross domestic product (GDP) by metropolitan area","48","515, 517","   Broadcasting and telecommunications","(D)","(D)","(D)","(D)","(D)","(D)","(D)","(D)","(D)","(D)","(D)","(D)","(D)","(D)","(NA)"
"37980","Philadelphia-Camden-Wilmington, PA-NJ-DE-MD (Metropolitan Statistical Area)"," ","200","Gross domestic product (GDP) by metropolitan area","49","518, 519","   Data processing, internet publishing, and other information services","(D)","(D)","(D)","(D)","(D)","(D)","(D)","(D)","(D)","(D)","(D)","(D)","(D)","(D)","(NA)"
"37980","Philadelphia-Camden-Wilmington, PA-NJ-DE-MD (Metropolitan Statistical Area)"," ","200","Gross domestic product (GDP) by metropolitan area","50","52, 53","  Finance, insurance, real estate, rental, and leasing",64461,66100,70185,73350,77946,82554,86134,83263,87685,89502,94043,99670,100381,104813,109157
"37980","Philadelphia-Camden-Wilmington, PA-NJ-DE-MD (Metropolitan Statistical Area)"," ","200","Gross domestic product (GDP) by metropolitan area","51","52","   Finance and insurance",31054,30280,31889,33225,35760,38313,38025,31382,33895,34835,36999,39322,39429,41591,43427
"37980","Philadelphia-Camden-Wilmington, PA-NJ-DE-MD (Metropolitan Statistical Area)"," ","200","Gross domestic product (GDP) by metropolitan area","52","521-522","    Federal Reserve banks, credit intermediation, and related services","(D)","(D)","(D)","(D)","(D)","(D)","(D)","(D)","(D)","(D)","(D)","(D)",14532,13921,"(NA)"
"37980","Philadelphia-Camden-Wilmington, PA-NJ-DE-MD (Metropolitan Statistical Area)"," ","200","Gross domestic product (GDP) by metropolitan area","53","523","    Securities, commodity contracts, and investments","(D)","(D)","(D)","(D)","(D)","(D)","(D)","(D)","(D)","(D)","(D)","(D)",6158,"(D)","(NA)"
"37980","Philadelphia-Camden-Wilmington, PA-NJ-DE-MD (Metropolitan Statistical Area)"," ","200","Gross domestic product (GDP) by metropolitan area","54","524","    Insurance carriers and related activities","(D)","(D)",11143,13258,"(D)","(D)","(D)",13337,"(D)",16438,17628,"(D)","(D)",19805,"(NA)"
"37980","Philadelphia-Camden-Wilmington, PA-NJ-DE-MD (Metropolitan Statistical Area)"," ","200","Gross domestic product (GDP) by metropolitan area","55","525","    Funds, trusts, and other financial vehicles","(D)","(D)","(D)","(D)","(D)","(D)","(D)","(D)","(D)","(D)","(D)","(D)","(D)","(D)","(NA)"
"37980","Philadelphia-Camden-Wilmington, PA-NJ-DE-MD (Metropolitan Statistical Area)"," ","200","Gross domestic product (GDP) by metropolitan area","56","53","   Real estate and rental and leasing",33407,35820,38296,40125,42186,44241,48109,51880,53789,54667,57044,60348,60952,63221,65731
"37980","Philadelphia-Camden-Wilmington, PA-NJ-DE-MD (Metropolitan Statistical Area)"," ","200","Gross domestic product (GDP) by metropolitan area","57","531","    Real estate","(D)","(D)","(D)","(D)","(D)","(D)","(D)","(D)","(D)","(D)","(D)","(D)","(D)",57876,"(NA)"
"37980","Philadelphia-Camden-Wilmington, PA-NJ-DE-MD (Metropolitan Statistical Area)"," ","200","Gross domestic product (GDP) by metropolitan area","58","532-533","    Rental and leasing services and lessors of intangible assets","(D)","(D)","(D)","(D)","(D)","(D)","(D)","(D)","(D)","(D)","(D)","(D)","(D)",5345,"(NA)"
"37980","Philadelphia-Camden-Wilmington, PA-NJ-DE-MD (Metropolitan Statistical Area)"," ","200","Gross domestic product (GDP) by metropolitan area","59","54, 55, 56","  Professional and business services",31477,33481,35579,38573,41418,43895,47936,50857,48922,50060,51670,54538,"(D)","(D)",60356
"37980","Philadelphia-Camden-Wilmington, PA-NJ-DE-MD (Metropolitan Statistical Area)"," ","200","Gross domestic product (GDP) by metropolitan area","60","54","   Professional, scientific, and technical services",21119,"(D)",23586,"(D)","(D)","(D)","(D)","(D)","(D)","(D)","(D)","(D)",34082,34997,"(D)"
"37980","Philadelphia-Camden-Wilmington, PA-NJ-DE-MD (Metropolitan Statistical Area)"," ","200","Gross domestic product (GDP) by metropolitan area","64","55","   Management of companies and enterprises","(D)","(D)","(D)","(D)","(D)","(D)","(D)","(D)","(D)","(D)","(D)","(D)","(D)","(D)","(D)"
"37980","Philadelphia-Camden-Wilmington, PA-NJ-DE-MD (Metropolitan Statistical Area)"," ","200","Gross domestic product (GDP) by metropolitan area","65","56","   Administrative and waste management services","(D)",7283,"(D)",7909,"(D)",8894,9600,9764,9218,9715,9976,10237,"(D)",11325,"(D)"
"37980","Philadelphia-Camden-Wilmington, PA-NJ-DE-MD (Metropolitan Statistical Area)"," ","200","Gross domestic product (GDP) by metropolitan area","66","561","    Administrative and support services",6442,6656,6770,7290,7801,8299,8914,9074,8502,8834,9206,"(D)","(D)","(D)","(NA)"
"37980","Philadelphia-Camden-Wilmington, PA-NJ-DE-MD (Metropolitan Statistical Area)"," ","200","Gross domestic product (GDP) by metropolitan area","67","562","    Waste management and remediation services","(D)",627,"(D)",619,"(D)",594,686,690,715,881,770,"(D)","(D)","(D)","(NA)"
"37980","Philadelphia-Camden-Wilmington, PA-NJ-DE-MD (Metropolitan Statistical Area)"," ","200","Gross domestic product (GDP) by metropolitan area","68","61, 62","  Educational services, health care, and social assistance",22804,24709,26260,28334,29620,31365,32796,35215,37381,38084,39243,40375,41057,42759,44446
"37980","Philadelphia-Camden-Wilmington, PA-NJ-DE-MD (Metropolitan Statistical Area)"," ","200","Gross domestic product (GDP) by metropolitan area","69","61","   Educational services",4560,4875,5280,5793,6045,6392,6780,7304,7956,8162,8367,8704,8587,9044,9259
"37980","Philadelphia-Camden-Wilmington, PA-NJ-DE-MD (Metropolitan Statistical Area)"," ","200","Gross domestic product (GDP) by metropolitan area","70","62","   Health care and social assistance",18244,19834,20980,22541,23575,24974,26016,27911,29424,29922,30875,31671,32470,33715,35187
"37980","Philadelphia-Camden-Wilmington, PA-NJ-DE-MD (Metropolitan Statistical Area)"," ","200","Gross domestic product (GDP) by metropolitan area","71","621","    Ambulatory health care services",7809,8593,8956,9524,10026,10661,10996,11843,12258,12490,12878,"(D)",13419,13911,"(NA)"
"37980","Philadelphia-Camden-Wilmington, PA-NJ-DE-MD (Metropolitan Statistical Area)"," ","200","Gross domestic product (GDP) by metropolitan area","72","622-623","    Hospitals and nursing and residential care facilities","(D)","(D)","(D)","(D)","(D)","(D)","(D)","(D)","(D)","(D)","(D)","(D)","(D)","(D)","(NA)"
"37980","Philadelphia-Camden-Wilmington, PA-NJ-DE-MD (Metropolitan Statistical Area)"," ","200","Gross domestic product (GDP) by metropolitan area","73","624","    Social assistance","(D)","(D)","(D)","(D)","(D)","(D)","(D)","(D)","(D)","(D)","(D)","(D)","(D)","(D)","(NA)"
"37980","Philadelphia-Camden-Wilmington, PA-NJ-DE-MD (Metropolitan Statistical Area)"," ","200","Gross domestic product (GDP) by metropolitan area","74","71, 72","  Arts, entertainment, recreation, accommodation, and food services",6724,7278,7470,7931,8217,8633,9395,9288,9209,9887,10333,10853,11366,11758,12305
"37980","Philadelphia-Camden-Wilmington, PA-NJ-DE-MD (Metropolitan Statistical Area)"," ","200","Gross domestic product (GDP) by metropolitan area","75","71","   Arts, entertainment, and recreation",1917,2211,2363,2520,2585,2718,3255,3270,3251,3635,3833,3915,4190,4268,4484
"37980","Philadelphia-Camden-Wilmington, PA-NJ-DE-MD (Metropolitan Statistical Area)"," ","200","Gross domestic product (GDP) by metropolitan area","76","711-712","    Performing arts, spectator sports, museums, and related activities","(D)","(D)","(D)","(D)","(D)",1751,1894,"(D)","(D)",2154,2221,"(D)","(D)","(D)","(NA)"
"37980","Philadelphia-Camden-Wilmington, PA-NJ-DE-MD (Metropolitan Statistical Area)"," ","200","Gross domestic product (GDP) by metropolitan area","77","713","    Amusements, gambling, and recreation industries","(D)","(D)","(D)","(D)","(D)",967,1362,"(D)","(D)",1481,1612,"(D)","(D)","(D)","(NA)"
"37980","Philadelphia-Camden-Wilmington, PA-NJ-DE-MD (Metropolitan Statistical Area)"," ","200","Gross domestic product (GDP) by metropolitan area","78","72","   Accommodation and food services",4807,5066,5107,5411,5631,5916,6140,6018,5958,6252,6499,6938,7176,7490,7820
"37980","Philadelphia-Camden-Wilmington, PA-NJ-DE-MD (Metropolitan Statistical Area)"," ","200","Gross domestic product (GDP) by metropolitan area","79","721","    Accommodation","(D)",960,928,1004,1039,1166,"(D)","(D)","(D)","(D)","(D)","(D)",1450,1512,"(NA)"
"37980","Philadelphia-Camden-Wilmington, PA-NJ-DE-MD (Metropolitan Statistical Area)"," ","200","Gross domestic product (GDP) by metropolitan area","80","722","    Food services and drinking places","(D)",4107,4179,4406,4592,4749,"(D)","(D)","(D)","(D)","(D)","(D)",5726,5978,"(NA)"
"37980","Philadelphia-Camden-Wilmington, PA-NJ-DE-MD (Metropolitan Statistical Area)"," ","200","Gross domestic product (GDP) by metropolitan area","81","81","  Other services, except government",5226,5712,5833,6103,6342,6561,6604,6684,6621,6665,6722,6915,7046,7366,7629
"37980","Philadelphia-Camden-Wilmington, PA-NJ-DE-MD (Metropolitan Statistical Area)"," ","200","Gross domestic product (GDP) by metropolitan area","82","92"," Government",23697,25309,26744,28391,29803,30763,32042,33225,34245,34961,34870,35069,36401,36964,37455
"37980","Philadelphia-Camden-Wilmington, PA-NJ-DE-MD (Metropolitan Statistical Area)"," ","200","Gross domestic product (GDP) by metropolitan area","83","...","  Federal civilian",5164,5411,5746,6046,6391,6576,6772,6978,7129,7281,7244,7280,7232,7479,"(NA)"
"37980","Philadelphia-Camden-Wilmington, PA-NJ-DE-MD (Metropolitan Statistical Area)"," ","200","Gross domestic product (GDP) by metropolitan area","84","...","  Federal military",1352,1522,1738,1816,1964,2001,2059,2038,2087,2153,2197,2291,2274,2274,"(NA)"
"37980","Philadelphia-Camden-Wilmington, PA-NJ-DE-MD (Metropolitan Statistical Area)"," ","200","Gross domestic product (GDP) by metropolitan area","85","...","  State and local",17180,18377,19261,20529,21448,22186,23210,24209,25028,25526,25429,25498,26895,27212,"(NA)"
"37980","Philadelphia-Camden-Wilmington, PA-NJ-DE-MD (Metropolitan Statistical Area)"," ","200","Gross domestic product (GDP) by metropolitan area","86","11, 21","Natural resources and mining","(D)",781,"(D)","(D)",814,892,921,"(D)",1045,1086,1150,"(D)","(D)","(D)","(D)"
"37980","Philadelphia-Camden-Wilmington, PA-NJ-DE-MD (Metropolitan Statistical Area)"," ","200","Gross domestic product (GDP) by metropolitan area","87","42, 44-45","Trade","(D)",30268,32123,34333,35918,37698,38037,37741,36571,38305,39734,41302,42778,44574,"(D)"
"37980","Philadelphia-Camden-Wilmington, PA-NJ-DE-MD (Metropolitan Statistical Area)"," ","200","Gross domestic product (GDP) by metropolitan area","88","...","Transportation and utilities",9466,"(D)",10130,10629,10915,11491,11713,11806,11983,"(D)","(D)",12805,"(D)","(D)","(D)"
"37980","Philadelphia-Camden-Wilmington, PA-NJ-DE-MD (Metropolitan Statistical Area)"," ","200","Gross domestic product (GDP) by metropolitan area","89","...","Private goods-producing industries",46076,45425,46822,46771,47407,48822,49444,49823,47192,45507,45097,46103,48491,51767,53405
"37980","Philadelphia-Camden-Wilmington, PA-NJ-DE-MD (Metropolitan Statistical Area)"," ","200","Gross domestic product (GDP) by metropolitan area","90","...","Private services-providing industries",179901,187999,199168,212323,224206,236100,248201,255105,259260,268282,277687,290123,296770,308405,320301
"37980","Philadelphia-Camden-Wilmington, PA-NJ-DE-MD (Metropolitan Statistical Area)"," ","800","Quantity indexes for real GDP by metropolitan area","1","...","All industry total",88.946,90.572,93.465,95.706,97.162,98.663,100.216,101.055,100.000,101.247,102.103,103.621,104.466,106.526,108.076
"37980","Philadelphia-Camden-Wilmington, PA-NJ-DE-MD (Metropolitan Statistical Area)"," ","800","Quantity indexes for real GDP by metropolitan area","2","..."," Private industries",88.397,89.923,92.983,95.346,96.875,98.624,100.382,101.234,100.000,101.476,102.674,104.466,105.244,107.633,109.489
"37980","Philadelphia-Camden-Wilmington, PA-NJ-DE-MD (Metropolitan Statistical Area)"," ","800","Quantity indexes for real GDP by metropolitan area","3","11","  Agriculture, forestry, fishing, and hunting","(D)","(D)","(D)","(D)","(D)","(D)","(D)","(D)","(D)","(D)","(D)","(D)","(D)","(D)","(D)"
"37980","Philadelphia-Camden-Wilmington, PA-NJ-DE-MD (Metropolitan Statistical Area)"," ","800","Quantity indexes for real GDP by metropolitan area","4","111-112","   Farms",70.142,91.342,67.085,66.061,76.180,85.774,63.783,58.524,100.000,79.376,59.910,59.784,66.240,79.005,"(NA)"
"37980","Philadelphia-Camden-Wilmington, PA-NJ-DE-MD (Metropolitan Statistical Area)"," ","800","Quantity indexes for real GDP by metropolitan area","5","113-115","   Forestry, fishing, and related activities","(D)","(D)","(D)","(D)","(D)","(D)","(D)","(D)","(D)","(D)","(D)","(D)","(D)","(D)","(NA)"
"37980","Philadelphia-Camden-Wilmington, PA-NJ-DE-MD (Metropolitan Statistical Area)"," ","800","Quantity indexes for real GDP by metropolitan area","6","21","  Mining","(D)","(D)","(D)","(D)","(D)","(D)","(D)","(D)","(D)","(D)","(D)","(D)","(D)","(D)","(D)"
"37980","Philadelphia-Camden-Wilmington, PA-NJ-DE-MD (Metropolitan Statistical Area)"," ","800","Quantity indexes for real GDP by metropolitan area","7","211","   Oil and gas extraction","(D)","(D)","(D)","(D)","(D)","(D)","(D)","(D)","(D)","(D)","(D)","(D)","(D)","(D)","(NA)"
"37980","Philadelphia-Camden-Wilmington, PA-NJ-DE-MD (Metropolitan Statistical Area)"," ","800","Quantity indexes for real GDP by metropolitan area","8","212","   Mining, except oil and gas","(D)","(D)","(D)","(D)","(D)","(D)","(D)","(D)","(D)","(D)","(D)","(D)","(D)","(D)","(NA)"
"37980","Philadelphia-Camden-Wilmington, PA-NJ-DE-MD (Metropolitan Statistical Area)"," ","800","Quantity indexes for real GDP by metropolitan area","9","213","   Support activities for mining","(D)","(D)","(D)","(D)","(D)","(D)","(D)","(D)","(D)","(D)","(D)","(D)","(D)","(D)","(NA)"
"37980","Philadelphia-Camden-Wilmington, PA-NJ-DE-MD (Metropolitan Statistical Area)"," ","800","Quantity indexes for real GDP by metropolitan area","10","22","  Utilities","(D)","(D)",123.271,120.154,111.296,108.444,"(D)",104.506,100.000,"(D)","(D)",109.339,"(D)","(D)","(D)"
"37980","Philadelphia-Camden-Wilmington, PA-NJ-DE-MD (Metropolitan Statistical Area)"," ","800","Quantity indexes for real GDP by metropolitan area","11","23","  Construction","(D)","(D)","(D)","(D)","(D)","(D)","(D)","(D)","(D)","(D)","(D)","(D)","(D)","(D)","(D)"
"37980","Philadelphia-Camden-Wilmington, PA-NJ-DE-MD (Metropolitan Statistical Area)"," ","800","Quantity indexes for real GDP by metropolitan area","12","31-33","  Manufacturing","(D)","(D)","(D)","(D)","(D)","(D)","(D)","(D)","(D)","(D)","(D)","(D)","(D)","(D)","(D)"
"37980","Philadelphia-Camden-Wilmington, PA-NJ-DE-MD (Metropolitan Statistical Area)"," ","800","Quantity indexes for real GDP by metropolitan area","13","...","   Durable goods manufacturing","(D)","(D)","(D)","(D)","(D)","(D)","(D)","(D)","(D)","(D)","(D)","(D)","(D)","(D)","(D)"
"37980","Philadelphia-Camden-Wilmington, PA-NJ-DE-MD (Metropolitan Statistical Area)"," ","800","Quantity indexes for real GDP by metropolitan area","14","321","    Wood products manufacturing","(D)","(D)","(D)","(D)","(D)","(D)","(D)","(D)","(D)","(D)","(D)","(D)","(D)","(D)","(NA)"
"37980","Philadelphia-Camden-Wilmington, PA-NJ-DE-MD (Metropolitan Statistical Area)"," ","800","Quantity indexes for real GDP by metropolitan area","15","327","    Nonmetallic mineral products manufacturing","(D)","(D)","(D)","(D)","(D)","(D)","(D)","(D)","(D)","(D)","(D)","(D)","(D)","(D)","(NA)"
"37980","Philadelphia-Camden-Wilmington, PA-NJ-DE-MD (Metropolitan Statistical Area)"," ","800","Quantity indexes for real GDP by metropolitan area","16","331","    Primary metals manufacturing","(D)","(D)","(D)","(D)","(D)","(D)","(D)","(D)","(D)","(D)","(D)","(D)","(D)","(D)","(NA)"
"37980","Philadelphia-Camden-Wilmington, PA-NJ-DE-MD (Metropolitan Statistical Area)"," ","800","Quantity indexes for real GDP by metropolitan area","17","332","    Fabricated metal products",128.845,117.248,118.367,114.555,118.138,123.027,131.583,125.450,100.000,103.289,108.844,"(D)",94.416,98.327,"(NA)"
"37980","Philadelphia-Camden-Wilmington, PA-NJ-DE-MD (Metropolitan Statistical Area)"," ","800","Quantity indexes for real GDP by metropolitan area","18","333","    Machinery manufacturing","(D)","(D)",89.381,90.367,94.745,105.957,"(D)",124.359,100.000,100.017,"(D)","(D)","(D)","(D)","(NA)"
"37980","Philadelphia-Camden-Wilmington, PA-NJ-DE-MD (Metropolitan Statistical Area)"," ","800","Quantity indexes for real GDP by metropolitan area","19","334","    Computer and electronic products manufacturing","(D)","(D)","(D)","(D)","(D)","(D)","(D)","(D)","(D)","(D)","(D)","(D)","(D)","(D)","(NA)"
"37980","Philadelphia-Camden-Wilmington, PA-NJ-DE-MD (Metropolitan Statistical Area)"," ","800","Quantity indexes for real GDP by metropolitan area","20","335","    Electrical equipment, appliance, and components manufacturing","(D)","(D)","(D)","(D)","(D)","(D)","(D)","(D)","(D)","(D)","(D)","(D)","(D)","(D)","(NA)"
"37980","Philadelphia-Camden-Wilmington, PA-NJ-DE-MD (Metropolitan Statistical Area)"," ","800","Quantity indexes for real GDP by metropolitan area","21","3361-3363","    Motor vehicles, bodies and trailers, and parts manufacturing","(D)","(D)","(D)","(D)","(D)","(D)","(D)","(D)","(D)","(D)","(D)","(D)","(D)","(D)","(NA)"
"37980","Philadelphia-Camden-Wilmington, PA-NJ-DE-MD (Metropolitan Statistical Area)"," ","800","Quantity indexes for real GDP by metropolitan area","22","3364-3366, 3369","    Other transportation equipment manufacturing","(D)","(D)","(D)","(D)","(D)","(D)","(D)","(D)","(D)","(D)","(D)","(D)","(D)","(D)","(NA)"
"37980","Philadelphia-Camden-Wilmington, PA-NJ-DE-MD (Metropolitan Statistical Area)"," ","800","Quantity indexes for real GDP by metropolitan area","23","337","    Furniture and related products manufacturing","(D)","(D)","(D)",151.049,151.864,146.671,146.319,128.851,100.000,105.785,108.755,"(D)",118.775,"(D)","(NA)"
"37980","Philadelphia-Camden-Wilmington, PA-NJ-DE-MD (Metropolitan Statistical Area)"," ","800","Quantity indexes for real GDP by metropolitan area","24","339","    Miscellaneous manufacturing","(D)","(D)","(D)","(D)","(D)","(D)","(D)","(D)","(D)","(D)","(D)","(D)","(D)","(D)","(NA)"
"37980","Philadelphia-Camden-Wilmington, PA-NJ-DE-MD (Metropolitan Statistical Area)"," ","800","Quantity indexes for real GDP by metropolitan area","25","...","   Nondurable goods manufacturing","(D)","(D)","(D)","(D)","(D)","(D)","(D)","(D)","(D)","(D)","(D)","(D)","(D)","(D)","(D)"
"37980","Philadelphia-Camden-Wilmington, PA-NJ-DE-MD (Metropolitan Statistical Area)"," ","800","Quantity indexes for real GDP by metropolitan area","26","311-312","    Food and beverage and tobacco products manufacturing","(D)","(D)","(D)","(D)","(D)","(D)","(D)","(D)","(D)","(D)","(D)","(D)","(D)","(D)","(NA)"
"37980","Philadelphia-Camden-Wilmington, PA-NJ-DE-MD (Metropolitan Statistical Area)"," ","800","Quantity indexes for real GDP by metropolitan area","27","313-314","    Textile mills and textile product mills","(D)","(D)","(D)","(D)","(D)","(D)","(D)","(D)","(D)","(D)","(D)","(D)","(D)","(D)","(NA)"
"37980","Philadelphia-Camden-Wilmington, PA-NJ-DE-MD (Metropolitan Statistical Area)"," ","800","Quantity indexes for real GDP by metropolitan area","28","315-316","    Apparel and leather and allied products manufacturing","(D)","(D)","(D)","(D)","(D)","(D)","(D)","(D)","(D)","(D)","(D)","(D)","(D)","(D)","(NA)"
"37980","Philadelphia-Camden-Wilmington, PA-NJ-DE-MD (Metropolitan Statistical Area)"," ","800","Quantity indexes for real GDP by metropolitan area","29","322","    Paper products manufacturing","(D)","(D)","(D)","(D)","(D)","(D)","(D)","(D)","(D)","(D)","(D)","(D)","(D)","(D)","(NA)"
"37980","Philadelphia-Camden-Wilmington, PA-NJ-DE-MD (Metropolitan Statistical Area)"," ","800","Quantity indexes for real GDP by metropolitan area","30","323","    Printing and related support activities","(D)","(D)","(D)","(D)","(D)","(D)","(D)","(D)","(D)","(D)","(D)","(D)","(D)","(D)","(NA)"
"37980","Philadelphia-Camden-Wilmington, PA-NJ-DE-MD (Metropolitan Statistical Area)"," ","800","Quantity indexes for real GDP by metropolitan area","31","324","    Petroleum and coal products manufacturing","(D)","(D)","(D)","(D)","(D)","(D)","(D)","(D)","(D)","(D)","(D)","(D)","(D)","(D)","(NA)"
"37980","Philadelphia-Camden-Wilmington, PA-NJ-DE-MD (Metropolitan Statistical Area)"," ","800","Quantity indexes for real GDP by metropolitan area","32","325","    Chemical products manufacturing",156.123,147.492,136.544,122.053,110.795,106.427,113.738,99.181,100.000,92.772,80.930,"(D)",71.579,77.485,"(NA)"
"37980","Philadelphia-Camden-Wilmington, PA-NJ-DE-MD (Metropolitan Statistical Area)"," ","800","Quantity indexes for real GDP by metropolitan area","33","326","    Plastics and rubber products manufacturing","(D)","(D)","(D)","(D)","(D)","(D)","(D)","(D)","(D)","(D)","(D)","(D)","(D)","(D)","(NA)"
"37980","Philadelphia-Camden-Wilmington, PA-NJ-DE-MD (Metropolitan Statistical Area)"," ","800","Quantity indexes for real GDP by metropolitan area","34","42","  Wholesale trade","(D)",92.593,100.472,108.708,110.863,114.984,115.924,112.913,100.000,103.376,106.135,107.354,111.144,116.096,"(D)"
"37980","Philadelphia-Camden-Wilmington, PA-NJ-DE-MD (Metropolitan Statistical Area)"," ","800","Quantity indexes for real GDP by metropolitan area","35","44-45","  Retail trade",100.747,104.173,109.830,109.692,112.068,111.205,106.437,102.029,100.000,102.555,102.530,103.316,104.690,106.049,109.583
"37980","Philadelphia-Camden-Wilmington, PA-NJ-DE-MD (Metropolitan Statistical Area)"," ","800","Quantity indexes for real GDP by metropolitan area","36","48-49","  Transportation and warehousing","(D)",85.578,90.754,98.027,102.836,105.621,"(D)",106.605,100.000,106.797,104.462,102.552,104.300,106.174,103.305
"37980","Philadelphia-Camden-Wilmington, PA-NJ-DE-MD (Metropolitan Statistical Area)"," ","800","Quantity indexes for real GDP by metropolitan area","37","481","   Air transportation","(D)","(D)","(D)","(D)","(D)","(D)","(D)","(D)","(D)","(D)","(D)","(D)","(D)","(D)","(NA)"
"37980","Philadelphia-Camden-Wilmington, PA-NJ-DE-MD (Metropolitan Statistical Area)"," ","800","Quantity indexes for real GDP by metropolitan area","38","482","   Rail transportation","(D)","(D)","(D)","(D)","(D)","(D)","(D)","(D)","(D)","(D)","(D)","(D)","(D)","(D)","(NA)"
"37980","Philadelphia-Camden-Wilmington, PA-NJ-DE-MD (Metropolitan Statistical Area)"," ","800","Quantity indexes for real GDP by metropolitan area","39","483","   Water transportation","(D)","(D)","(D)","(D)","(D)","(D)","(D)","(D)","(D)","(D)","(D)","(D)","(D)","(D)","(NA)"
"37980","Philadelphia-Camden-Wilmington, PA-NJ-DE-MD (Metropolitan Statistical Area)"," ","800","Quantity indexes for real GDP by metropolitan area","40","484","   Truck transportation",109.382,110.735,117.163,124.098,129.571,135.951,125.443,114.682,100.000,111.850,120.300,"(D)",119.530,117.223,"(NA)"
"37980","Philadelphia-Camden-Wilmington, PA-NJ-DE-MD (Metropolitan Statistical Area)"," ","800","Quantity indexes for real GDP by metropolitan area","41","485","   Transit and ground passenger transportation","(D)","(D)","(D)","(D)","(D)","(D)","(D)","(D)","(D)","(D)","(D)","(D)","(D)","(D)","(NA)"
"37980","Philadelphia-Camden-Wilmington, PA-NJ-DE-MD (Metropolitan Statistical Area)"," ","800","Quantity indexes for real GDP by metropolitan area","42","486","   Pipeline transportation","(D)","(D)","(D)","(D)","(D)","(D)","(D)","(D)","(D)","(D)","(D)","(D)","(D)","(D)","(NA)"
"37980","Philadelphia-Camden-Wilmington, PA-NJ-DE-MD (Metropolitan Statistical Area)"," ","800","Quantity indexes for real GDP by metropolitan area","43","487-488, 492","   Other transportation and support activities","(D)","(D)","(D)","(D)","(D)","(D)","(D)","(D)","(D)","(D)","(D)","(D)","(D)","(D)","(NA)"
"37980","Philadelphia-Camden-Wilmington, PA-NJ-DE-MD (Metropolitan Statistical Area)"," ","800","Quantity indexes for real GDP by metropolitan area","44","493","   Warehousing and storage","(D)","(D)","(D)","(D)","(D)","(D)","(D)","(D)","(D)","(D)","(D)","(D)","(D)","(D)","(NA)"
"37980","Philadelphia-Camden-Wilmington, PA-NJ-DE-MD (Metropolitan Statistical Area)"," ","800","Quantity indexes for real GDP by metropolitan area","45","51","  Information",45.056,47.744,50.942,58.094,63.082,64.491,73.524,96.883,100.000,109.224,110.263,114.657,123.018,122.773,132.140
"37980","Philadelphia-Camden-Wilmington, PA-NJ-DE-MD (Metropolitan Statistical Area)"," ","800","Quantity indexes for real GDP by metropolitan area","46","511","   Publishing industries, except Internet (includes software)","(D)","(D)","(D)","(D)","(D)","(D)","(D)","(D)","(D)","(D)","(D)","(D)","(D)","(D)","(NA)"
"37980","Philadelphia-Camden-Wilmington, PA-NJ-DE-MD (Metropolitan Statistical Area)"," ","800","Quantity indexes for real GDP by metropolitan area","47","512","   Motion picture and sound recording industries","(D)","(D)","(D)","(D)","(D)","(D)","(D)","(D)","(D)","(D)","(D)","(D)","(D)","(D)","(NA)"
"37980","Philadelphia-Camden-Wilmington, PA-NJ-DE-MD (Metropolitan Statistical Area)"," ","800","Quantity indexes for real GDP by metropolitan area","48","515, 517","   Broadcasting and telecommunications","(D)","(D)","(D)","(D)","(D)","(D)","(D)","(D)","(D)","(D)","(D)","(D)","(D)","(D)","(NA)"
"37980","Philadelphia-Camden-Wilmington, PA-NJ-DE-MD (Metropolitan Statistical Area)"," ","800","Quantity indexes for real GDP by metropolitan area","49","518, 519","   Data processing, internet publishing, and other information services","(D)","(D)","(D)","(D)","(D)","(D)","(D)","(D)","(D)","(D)","(D)","(D)","(D)","(D)","(NA)"
"37980","Philadelphia-Camden-Wilmington, PA-NJ-DE-MD (Metropolitan Statistical Area)"," ","800","Quantity indexes for real GDP by metropolitan area","50","52, 53","  Finance, insurance, real estate, rental, and leasing",83.777,83.599,86.440,88.168,91.712,95.161,97.534,93.459,100.000,101.079,104.772,107.923,105.751,107.370,108.811
"37980","Philadelphia-Camden-Wilmington, PA-NJ-DE-MD (Metropolitan Statistical Area)"," ","800","Quantity indexes for real GDP by metropolitan area","51","52","   Finance and insurance",96.870,92.734,94.697,95.870,101.028,106.833,104.482,86.332,100.000,99.295,103.203,105.166,101.763,103.600,105.488
"37980","Philadelphia-Camden-Wilmington, PA-NJ-DE-MD (Metropolitan Statistical Area)"," ","800","Quantity indexes for real GDP by metropolitan area","52","521-522","    Federal Reserve banks, credit intermediation, and related services","(D)","(D)","(D)","(D)","(D)","(D)","(D)","(D)","(D)","(D)","(D)","(D)","(D)","(D)","(NA)"
"37980","Philadelphia-Camden-Wilmington, PA-NJ-DE-MD (Metropolitan Statistical Area)"," ","800","Quantity indexes for real GDP by metropolitan area","53","523","    Securities, commodity contracts, and investments","(D)","(D)","(D)","(D)","(D)","(D)","(D)","(D)","(D)","(D)","(D)","(D)","(D)","(D)","(NA)"
"37980","Philadelphia-Camden-Wilmington, PA-NJ-DE-MD (Metropolitan Statistical Area)"," ","800","Quantity indexes for real GDP by metropolitan area","54","524","    Insurance carriers and related activities","(D)","(D)","(D)","(D)","(D)","(D)","(D)","(D)","(D)","(D)","(D)","(D)","(D)","(D)","(NA)"
"37980","Philadelphia-Camden-Wilmington, PA-NJ-DE-MD (Metropolitan Statistical Area)"," ","800","Quantity indexes for real GDP by metropolitan area","55","525","    Funds, trusts, and other financial vehicles","(D)","(D)","(D)","(D)","(D)","(D)","(D)","(D)","(D)","(D)","(D)","(D)","(D)","(D)","(NA)"
"37980","Philadelphia-Camden-Wilmington, PA-NJ-DE-MD (Metropolitan Statistical Area)"," ","800","Quantity indexes for real GDP by metropolitan area","56","53","   Real estate and rental and leasing",74.394,77.019,80.474,82.593,84.983,86.759,92.442,98.146,100.000,102.227,105.775,109.724,108.396,109.862,110.990
"37980","Philadelphia-Camden-Wilmington, PA-NJ-DE-MD (Metropolitan Statistical Area)"," ","800","Quantity indexes for real GDP by metropolitan area","57","531","    Real estate","(D)","(D)","(D)","(D)","(D)","(D)","(D)","(D)","(D)","(D)","(D)","(D)","(D)","(D)","(NA)"
"37980","Philadelphia-Camden-Wilmington, PA-NJ-DE-MD (Metropolitan Statistical Area)"," ","800","Quantity indexes for real GDP by metropolitan area","58","532-533","    Rental and leasing services and lessors of intangible assets","(D)","(D)","(D)","(D)","(D)","(D)","(D)","(D)","(D)","(D)","(D)","(D)","(D)","(D)","(NA)"
"37980","Philadelphia-Camden-Wilmington, PA-NJ-DE-MD (Metropolitan Statistical Area)"," ","800","Quantity indexes for real GDP by metropolitan area","59","54, 55, 56","  Professional and business services",80.943,84.848,88.543,91.738,95.032,96.850,100.775,105.522,100.000,101.412,103.476,107.654,"(D)","(D)",113.986
"37980","Philadelphia-Camden-Wilmington, PA-NJ-DE-MD (Metropolitan Statistical Area)"," ","800","Quantity indexes for real GDP by metropolitan area","60","54","   Professional, scientific, and technical services","(D)","(D)","(D)","(D)","(D)","(D)","(D)","(D)","(D)","(D)","(D)","(D)","(D)","(D)","(D)"
"37980","Philadelphia-Camden-Wilmington, PA-NJ-DE-MD (Metropolitan Statistical Area)"," ","800","Quantity indexes for real GDP by metropolitan area","64","55","   Management of companies and enterprises","(D)","(D)","(D)","(D)","(D)","(D)","(D)","(D)","(D)","(D)","(D)","(D)","(D)","(D)","(D)"
"37980","Philadelphia-Camden-Wilmington, PA-NJ-DE-MD (Metropolitan Statistical Area)"," ","800","Quantity indexes for real GDP by metropolitan area","65","56","   Administrative and waste management services","(D)",88.071,"(D)",93.287,"(D)",101.540,106.290,106.922,100.000,106.245,108.745,110.435,"(D)",117.757,"(D)"
"37980","Philadelphia-Camden-Wilmington, PA-NJ-DE-MD (Metropolitan Statistical Area)"," ","800","Quantity indexes for real GDP by metropolitan area","66","561","    Administrative and support services",85.268,86.978,89.248,93.137,98.917,102.444,106.735,107.628,100.000,105.080,109.262,"(D)","(D)","(D)","(NA)"
"37980","Philadelphia-Camden-Wilmington, PA-NJ-DE-MD (Metropolitan Statistical Area)"," ","800","Quantity indexes for real GDP by metropolitan area","67","562","    Waste management and remediation services","(D)",101.241,"(D)",95.195,"(D)",90.598,101.015,98.478,100.000,119.824,103.216,"(D)","(D)","(D)","(NA)"
"37980","Philadelphia-Camden-Wilmington, PA-NJ-DE-MD (Metropolitan Statistical Area)"," ","800","Quantity indexes for real GDP by metropolitan area","68","61, 62","  Educational services, health care, and social assistance",79.679,82.991,85.341,89.105,90.216,92.773,93.181,97.764,100.000,99.592,100.976,101.764,101.959,104.759,106.253
"37980","Philadelphia-Camden-Wilmington, PA-NJ-DE-MD (Metropolitan Statistical Area)"," ","800","Quantity indexes for real GDP by metropolitan area","69","61","   Educational services",80.560,81.275,85.252,89.542,89.830,90.584,91.971,95.660,100.000,99.881,99.581,100.173,95.947,98.688,97.147
"37980","Philadelphia-Camden-Wilmington, PA-NJ-DE-MD (Metropolitan Statistical Area)"," ","800","Quantity indexes for real GDP by metropolitan area","70","62","   Health care and social assistance",79.478,83.439,85.379,89.011,90.333,93.360,93.509,98.332,100.000,99.513,101.359,102.201,103.648,106.464,108.842
"37980","Philadelphia-Camden-Wilmington, PA-NJ-DE-MD (Metropolitan Statistical Area)"," ","800","Quantity indexes for real GDP by metropolitan area","71","621","    Ambulatory health care services",76.619,83.191,84.764,88.078,90.581,95.305,94.036,99.914,100.000,99.430,101.494,"(D)",103.882,107.019,"(NA)"
"37980","Philadelphia-Camden-Wilmington, PA-NJ-DE-MD (Metropolitan Statistical Area)"," ","800","Quantity indexes for real GDP by metropolitan area","72","622-623","    Hospitals and nursing and residential care facilities","(D)","(D)","(D)","(D)","(D)","(D)","(D)","(D)","(D)","(D)","(D)","(D)","(D)","(D)","(NA)"
"37980","Philadelphia-Camden-Wilmington, PA-NJ-DE-MD (Metropolitan Statistical Area)"," ","800","Quantity indexes for real GDP by metropolitan area","73","624","    Social assistance","(D)","(D)","(D)","(D)","(D)","(D)","(D)","(D)","(D)","(D)","(D)","(D)","(D)","(D)","(NA)"
"37980","Philadelphia-Camden-Wilmington, PA-NJ-DE-MD (Metropolitan Statistical Area)"," ","800","Quantity indexes for real GDP by metropolitan area","74","71, 72","  Arts, entertainment, recreation, accommodation, and food services",95.385,99.498,100.411,104.251,104.078,105.591,110.368,105.790,100.000,107.382,112.437,113.862,116.330,117.662,117.577
"37980","Philadelphia-Camden-Wilmington, PA-NJ-DE-MD (Metropolitan Statistical Area)"," ","800","Quantity indexes for real GDP by metropolitan area","75","71","   Arts, entertainment, and recreation",75.070,84.399,87.443,90.771,89.854,91.292,105.062,103.154,100.000,112.012,117.985,116.976,123.152,123.087,124.855
"37980","Philadelphia-Camden-Wilmington, PA-NJ-DE-MD (Metropolitan Statistical Area)"," ","800","Quantity indexes for real GDP by metropolitan area","76","711-712","    Performing arts, spectator sports, museums, and related activities","(D)","(D)","(D)","(D)","(D)","(D)","(D)","(D)","(D)","(D)","(D)","(D)","(D)","(D)","(NA)"
"37980","Philadelphia-Camden-Wilmington, PA-NJ-DE-MD (Metropolitan Statistical Area)"," ","800","Quantity indexes for real GDP by metropolitan area","77","713","    Amusements, gambling, and recreation industries","(D)","(D)","(D)","(D)","(D)","(D)","(D)","(D)","(D)","(D)","(D)","(D)","(D)","(D)","(NA)"
"37980","Philadelphia-Camden-Wilmington, PA-NJ-DE-MD (Metropolitan Statistical Area)"," ","800","Quantity indexes for real GDP by metropolitan area","78","72","   Accommodation and food services",106.893,108.070,107.780,111.912,112.166,113.721,113.349,107.254,100.000,104.858,109.413,112.161,112.636,114.711,113.650
"37980","Philadelphia-Camden-Wilmington, PA-NJ-DE-MD (Metropolitan Statistical Area)"," ","800","Quantity indexes for real GDP by metropolitan area","79","721","    Accommodation","(D)","(D)","(D)","(D)","(D)","(D)","(D)","(D)","(D)","(D)","(D)","(D)","(D)","(D)","(NA)"
"37980","Philadelphia-Camden-Wilmington, PA-NJ-DE-MD (Metropolitan Statistical Area)"," ","800","Quantity indexes for real GDP by metropolitan area","80","722","    Food services and drinking places","(D)","(D)","(D)","(D)","(D)","(D)","(D)","(D)","(D)","(D)","(D)","(D)","(D)","(D)","(NA)"
"37980","Philadelphia-Camden-Wilmington, PA-NJ-DE-MD (Metropolitan Statistical Area)"," ","800","Quantity indexes for real GDP by metropolitan area","81","81","  Other services, except government",107.654,112.642,111.829,113.432,113.262,112.605,108.900,106.011,100.000,98.093,96.668,96.872,95.989,97.853,97.896
"37980","Philadelphia-Camden-Wilmington, PA-NJ-DE-MD (Metropolitan Statistical Area)"," ","800","Quantity indexes for real GDP by metropolitan area","82","92"," Government",94.167,96.795,98.050,99.121,99.877,99.065,98.725,99.447,100.000,99.218,97.073,96.188,97.624,96.792,95.665
"37980","Philadelphia-Camden-Wilmington, PA-NJ-DE-MD (Metropolitan Statistical Area)"," ","800","Quantity indexes for real GDP by metropolitan area","83","...","  Federal civilian",98.437,97.339,98.264,98.542,99.841,99.678,98.667,99.730,100.000,98.435,95.635,95.872,93.178,94.096,"(NA)"
"37980","Philadelphia-Camden-Wilmington, PA-NJ-DE-MD (Metropolitan Statistical Area)"," ","800","Quantity indexes for real GDP by metropolitan area","84","...","  Federal military",92.679,98.147,102.824,103.315,104.576,101.501,96.326,96.626,100.000,100.504,100.941,103.601,103.252,101.671,"(NA)"
"37980","Philadelphia-Camden-Wilmington, PA-NJ-DE-MD (Metropolitan Statistical Area)"," ","800","Quantity indexes for real GDP by metropolitan area","85","...","  State and local",93.018,96.491,97.556,98.910,99.462,98.656,98.946,99.606,100.000,99.336,97.164,95.662,98.419,97.150,"(NA)"
"37980","Philadelphia-Camden-Wilmington, PA-NJ-DE-MD (Metropolitan Statistical Area)"," ","800","Quantity indexes for real GDP by metropolitan area","86","11, 21","Natural resources and mining","(D)",96.845,"(D)","(D)",84.355,92.103,76.665,"(D)",100.000,90.914,78.363,"(D)","(D)","(D)","(D)"
"37980","Philadelphia-Camden-Wilmington, PA-NJ-DE-MD (Metropolitan Statistical Area)"," ","800","Quantity indexes for real GDP by metropolitan area","87","42, 44-45","Trade","(D)",97.987,104.854,109.263,111.520,113.376,111.716,108.067,100.000,103.018,104.570,105.602,108.348,111.745,"(D)"
"37980","Philadelphia-Camden-Wilmington, PA-NJ-DE-MD (Metropolitan Statistical Area)"," ","800","Quantity indexes for real GDP by metropolitan area","88","...","Transportation and utilities",100.764,"(D)",104.278,107.311,106.422,106.789,106.982,105.687,100.000,"(D)","(D)",105.617,"(D)","(D)","(D)"
"37980","Philadelphia-Camden-Wilmington, PA-NJ-DE-MD (Metropolitan Statistical Area)"," ","800","Quantity indexes for real GDP by metropolitan area","89","...","Private goods-producing industries",121.424,119.554,121.062,117.916,112.456,110.881,109.836,108.326,100.000,96.286,91.754,90.632,93.679,97.332,99.469
"37980","Philadelphia-Camden-Wilmington, PA-NJ-DE-MD (Metropolitan Statistical Area)"," ","800","Quantity indexes for real GDP by metropolitan area","90","...","Private services-providing industries",82.596,84.706,88.026,91.326,94.072,96.414,98.675,99.952,100.000,102.418,104.666,107.000,107.352,109.502,111.304
"37980","Philadelphia-Camden-Wilmington, PA-NJ-DE-MD (Metropolitan Statistical Area)"," ","900","Real GDP by metropolitan area","1","...","All industry total",303035,308574,318432,326067,331026,336141,341433,344292,340696,344946,347861,353033,355912,362930,368210
"37980","Philadelphia-Camden-Wilmington, PA-NJ-DE-MD (Metropolitan Statistical Area)"," ","900","Real GDP by metropolitan area","2","..."," Private industries",270895,275569,284947,292188,296876,302235,307623,310234,306452,310976,314646,320136,322521,329842,335529
"37980","Philadelphia-Camden-Wilmington, PA-NJ-DE-MD (Metropolitan Statistical Area)"," ","900","Real GDP by metropolitan area","3","11","  Agriculture, forestry, fishing, and hunting","(D)","(D)","(D)","(D)","(D)","(D)","(D)","(D)","(D)","(D)","(D)","(D)",568,663,743
"37980","Philadelphia-Camden-Wilmington, PA-NJ-DE-MD (Metropolitan Statistical Area)"," ","900","Real GDP by metropolitan area","4","111-112","   Farms",467,608,447,440,507,571,425,390,666,528,399,398,441,526,"(NA)"
"37980","Philadelphia-Camden-Wilmington, PA-NJ-DE-MD (Metropolitan Statistical Area)"," ","900","Real GDP by metropolitan area","5","113-115","   Forestry, fishing, and related activities","(D)","(D)","(D)","(D)","(D)","(D)","(D)","(D)","(D)","(D)","(D)","(D)",132,139,"(NA)"
"37980","Philadelphia-Camden-Wilmington, PA-NJ-DE-MD (Metropolitan Statistical Area)"," ","900","Real GDP by metropolitan area","6","21","  Mining","(D)","(D)","(D)","(D)","(D)","(D)","(D)","(D)","(D)","(D)","(D)","(D)","(D)","(D)","(D)"
"37980","Philadelphia-Camden-Wilmington, PA-NJ-DE-MD (Metropolitan Statistical Area)"," ","900","Real GDP by metropolitan area","7","211","   Oil and gas extraction","(D)","(D)","(D)","(D)","(D)","(D)","(D)","(D)","(D)","(D)","(D)","(D)",406,581,"(NA)"
"37980","Philadelphia-Camden-Wilmington, PA-NJ-DE-MD (Metropolitan Statistical Area)"," ","900","Real GDP by metropolitan area","8","212","   Mining, except oil and gas","(D)","(D)","(D)","(D)","(D)","(D)","(D)","(D)","(D)","(D)","(D)","(D)",164,"(D)","(NA)"
"37980","Philadelphia-Camden-Wilmington, PA-NJ-DE-MD (Metropolitan Statistical Area)"," ","900","Real GDP by metropolitan area","9","213","   Support activities for mining","(D)","(D)","(D)","(D)","(D)","(D)","(D)","(D)","(D)","(D)","(D)","(D)","(D)","(D)","(NA)"
"37980","Philadelphia-Camden-Wilmington, PA-NJ-DE-MD (Metropolitan Statistical Area)"," ","900","Real GDP by metropolitan area","10","22","  Utilities","(D)","(D)",6643,6475,5997,5844,"(D)",5632,5389,"(D)","(D)",5892,"(D)","(D)","(D)"
"37980","Philadelphia-Camden-Wilmington, PA-NJ-DE-MD (Metropolitan Statistical Area)"," ","900","Real GDP by metropolitan area","11","23","  Construction",15626,"(D)","(D)","(D)",15983,"(D)","(D)","(D)","(D)","(D)","(D)","(D)","(D)","(D)","(D)"
"37980","Philadelphia-Camden-Wilmington, PA-NJ-DE-MD (Metropolitan Statistical Area)"," ","900","Real GDP by metropolitan area","12","31-33","  Manufacturing",40576,39568,39978,38364,36219,"(D)","(D)",37022,"(D)","(D)","(D)",29532,"(D)","(D)","(D)"
"37980","Philadelphia-Camden-Wilmington, PA-NJ-DE-MD (Metropolitan Statistical Area)"," ","900","Real GDP by metropolitan area","13","...","   Durable goods manufacturing","(D)","(D)","(D)","(D)","(D)","(D)","(D)","(D)","(D)","(D)","(D)","(D)","(D)","(D)","(D)"
"37980","Philadelphia-Camden-Wilmington, PA-NJ-DE-MD (Metropolitan Statistical Area)"," ","900","Real GDP by metropolitan area","14","321","    Wood products manufacturing","(D)","(D)","(D)","(D)","(D)","(D)","(D)","(D)","(D)","(D)","(D)","(D)","(D)","(D)","(NA)"
"37980","Philadelphia-Camden-Wilmington, PA-NJ-DE-MD (Metropolitan Statistical Area)"," ","900","Real GDP by metropolitan area","15","327","    Nonmetallic mineral products manufacturing","(D)","(D)","(D)","(D)","(D)","(D)",677,"(D)","(D)","(D)","(D)","(D)","(D)","(D)","(NA)"
"37980","Philadelphia-Camden-Wilmington, PA-NJ-DE-MD (Metropolitan Statistical Area)"," ","900","Real GDP by metropolitan area","16","331","    Primary metals manufacturing","(D)","(D)","(D)","(D)","(D)","(D)","(D)","(D)","(D)","(D)","(D)","(D)","(D)",518,"(NA)"
"37980","Philadelphia-Camden-Wilmington, PA-NJ-DE-MD (Metropolitan Statistical Area)"," ","900","Real GDP by metropolitan area","17","332","    Fabricated metal products",2548,2319,2341,2266,2337,2433,2603,2481,1978,2043,2153,"(D)",1867,1945,"(NA)"
"37980","Philadelphia-Camden-Wilmington, PA-NJ-DE-MD (Metropolitan Statistical Area)"," ","900","Real GDP by metropolitan area","18","333","    Machinery manufacturing","(D)","(D)",1109,1121,1175,1314,"(D)",1542,1240,1240,"(D)","(D)","(D)","(D)","(NA)"
"37980","Philadelphia-Camden-Wilmington, PA-NJ-DE-MD (Metropolitan Statistical Area)"," ","900","Real GDP by metropolitan area","19","334","    Computer and electronic products manufacturing","(D)","(D)","(D)","(D)","(D)","(D)","(D)","(D)","(D)","(D)","(D)","(D)",3848,"(D)","(NA)"
"37980","Philadelphia-Camden-Wilmington, PA-NJ-DE-MD (Metropolitan Statistical Area)"," ","900","Real GDP by metropolitan area","20","335","    Electrical equipment, appliance, and components manufacturing","(D)","(D)","(D)","(D)","(D)","(D)","(D)","(D)","(D)","(D)","(D)","(D)","(D)","(D)","(NA)"
"37980","Philadelphia-Camden-Wilmington, PA-NJ-DE-MD (Metropolitan Statistical Area)"," ","900","Real GDP by metropolitan area","21","3361-3363","    Motor vehicles, bodies and trailers, and parts manufacturing","(D)","(D)","(D)","(D)","(D)","(D)","(D)","(D)","(D)","(D)","(D)","(D)","(D)","(D)","(NA)"
"37980","Philadelphia-Camden-Wilmington, PA-NJ-DE-MD (Metropolitan Statistical Area)"," ","900","Real GDP by metropolitan area","22","3364-3366, 3369","    Other transportation equipment manufacturing","(D)","(D)","(D)","(D)","(D)","(D)","(D)","(D)","(D)","(D)","(D)","(D)","(D)","(D)","(NA)"
"37980","Philadelphia-Camden-Wilmington, PA-NJ-DE-MD (Metropolitan Statistical Area)"," ","900","Real GDP by metropolitan area","23","337","    Furniture and related products manufacturing","(D)","(D)","(D)",515,518,500,499,440,341,361,371,"(D)",405,"(D)","(NA)"
"37980","Philadelphia-Camden-Wilmington, PA-NJ-DE-MD (Metropolitan Statistical Area)"," ","900","Real GDP by metropolitan area","24","339","    Miscellaneous manufacturing","(D)","(D)","(D)","(D)","(D)","(D)","(D)","(D)","(D)","(D)",1408,"(D)",1257,1284,"(NA)"
"37980","Philadelphia-Camden-Wilmington, PA-NJ-DE-MD (Metropolitan Statistical Area)"," ","900","Real GDP by metropolitan area","25","...","   Nondurable goods manufacturing","(D)","(D)","(D)","(D)","(D)","(D)","(D)","(D)","(D)","(D)","(D)","(D)","(D)","(D)","(D)"
"37980","Philadelphia-Camden-Wilmington, PA-NJ-DE-MD (Metropolitan Statistical Area)"," ","900","Real GDP by metropolitan area","26","311-312","    Food and beverage and tobacco products manufacturing","(D)","(D)","(D)","(D)","(D)","(D)","(D)","(D)","(D)","(D)","(D)","(D)","(D)","(D)","(NA)"
"37980","Philadelphia-Camden-Wilmington, PA-NJ-DE-MD (Metropolitan Statistical Area)"," ","900","Real GDP by metropolitan area","27","313-314","    Textile mills and textile product mills","(D)","(D)","(D)","(D)","(D)","(D)","(D)","(D)","(D)","(D)","(D)","(D)",263,"(D)","(NA)"
"37980","Philadelphia-Camden-Wilmington, PA-NJ-DE-MD (Metropolitan Statistical Area)"," ","900","Real GDP by metropolitan area","28","315-316","    Apparel and leather and allied products manufacturing","(D)","(D)","(D)","(D)","(D)","(D)","(D)","(D)","(D)","(D)","(D)","(D)","(D)",115,"(NA)"
"37980","Philadelphia-Camden-Wilmington, PA-NJ-DE-MD (Metropolitan Statistical Area)"," ","900","Real GDP by metropolitan area","29","322","    Paper products manufacturing","(D)",1533,1558,1582,"(D)","(D)","(D)",1404,"(D)","(D)","(D)","(D)","(D)","(D)","(NA)"
"37980","Philadelphia-Camden-Wilmington, PA-NJ-DE-MD (Metropolitan Statistical Area)"," ","900","Real GDP by metropolitan area","30","323","    Printing and related support activities","(D)","(D)","(D)","(D)",1153,"(D)","(D)","(D)","(D)","(D)","(D)","(D)",1082,1166,"(NA)"
"37980","Philadelphia-Camden-Wilmington, PA-NJ-DE-MD (Metropolitan Statistical Area)"," ","900","Real GDP by metropolitan area","31","324","    Petroleum and coal products manufacturing","(D)","(D)","(D)","(D)","(D)","(D)","(D)","(D)","(D)","(D)","(D)","(D)","(D)","(D)","(NA)"
"37980","Philadelphia-Camden-Wilmington, PA-NJ-DE-MD (Metropolitan Statistical Area)"," ","900","Real GDP by metropolitan area","32","325","    Chemical products manufacturing",20204,19087,17670,15795,14338,13773,14719,12835,12941,12006,10473,"(D)",9263,10027,"(NA)"
"37980","Philadelphia-Camden-Wilmington, PA-NJ-DE-MD (Metropolitan Statistical Area)"," ","900","Real GDP by metropolitan area","33","326","    Plastics and rubber products manufacturing","(D)","(D)","(D)","(D)","(D)","(D)","(D)","(D)","(D)","(D)","(D)","(D)","(D)","(D)","(NA)"
"37980","Philadelphia-Camden-Wilmington, PA-NJ-DE-MD (Metropolitan Statistical Area)"," ","900","Real GDP by metropolitan area","34","42","  Wholesale trade","(D)",19039,20659,22353,22796,23643,23837,23217,20562,21257,21824,22074,22854,23872,"(D)"
"37980","Philadelphia-Camden-Wilmington, PA-NJ-DE-MD (Metropolitan Statistical Area)"," ","900","Real GDP by metropolitan area","35","44-45","  Retail trade",16129,16677,17583,17561,17941,17803,17040,16334,16009,16418,16414,16540,16760,16978,17543
"37980","Philadelphia-Camden-Wilmington, PA-NJ-DE-MD (Metropolitan Statistical Area)"," ","900","Real GDP by metropolitan area","36","48-49","  Transportation and warehousing","(D)",5643,5985,6464,6781,6965,"(D)",7030,6594,7042,6889,6763,6878,7001,6812
"37980","Philadelphia-Camden-Wilmington, PA-NJ-DE-MD (Metropolitan Statistical Area)"," ","900","Real GDP by metropolitan area","37","481","   Air transportation","(D)","(D)","(D)","(D)","(D)","(D)","(D)","(D)","(D)","(D)","(D)","(D)",1187,1245,"(NA)"
"37980","Philadelphia-Camden-Wilmington, PA-NJ-DE-MD (Metropolitan Statistical Area)"," ","900","Real GDP by metropolitan area","38","482","   Rail transportation",566,449,"(D)","(D)","(D)","(D)","(D)","(D)","(D)","(D)","(D)","(D)","(D)","(D)","(NA)"
"37980","Philadelphia-Camden-Wilmington, PA-NJ-DE-MD (Metropolitan Statistical Area)"," ","900","Real GDP by metropolitan area","39","483","   Water transportation","(D)","(D)","(D)","(D)","(D)","(D)","(D)","(D)","(D)","(D)","(D)","(D)","(D)","(D)","(NA)"
"37980","Philadelphia-Camden-Wilmington, PA-NJ-DE-MD (Metropolitan Statistical Area)"," ","900","Real GDP by metropolitan area","40","484","   Truck transportation",1584,1603,1696,1797,1876,1968,1816,1660,1448,1619,1742,"(D)",1731,1697,"(NA)"
"37980","Philadelphia-Camden-Wilmington, PA-NJ-DE-MD (Metropolitan Statistical Area)"," ","900","Real GDP by metropolitan area","41","485","   Transit and ground passenger transportation",700,674,731,733,722,"(D)",731,698,"(D)","(D)","(D)","(D)",633,628,"(NA)"
"37980","Philadelphia-Camden-Wilmington, PA-NJ-DE-MD (Metropolitan Statistical Area)"," ","900","Real GDP by metropolitan area","42","486","   Pipeline transportation","(D)","(D)","(D)","(D)","(D)","(D)","(D)","(D)","(D)","(D)","(D)","(D)","(D)","(D)","(NA)"
"37980","Philadelphia-Camden-Wilmington, PA-NJ-DE-MD (Metropolitan Statistical Area)"," ","900","Real GDP by metropolitan area","43","487-488, 492","   Other transportation and support activities","(D)","(D)","(D)","(D)","(D)","(D)","(D)","(D)","(D)","(D)","(D)","(D)",1529,1554,"(NA)"
"37980","Philadelphia-Camden-Wilmington, PA-NJ-DE-MD (Metropolitan Statistical Area)"," ","900","Real GDP by metropolitan area","44","493","   Warehousing and storage","(D)","(D)","(D)","(D)",898,"(D)",965,"(D)","(D)","(D)","(D)","(D)","(D)","(D)","(NA)"
"37980","Philadelphia-Camden-Wilmington, PA-NJ-DE-MD (Metropolitan Statistical Area)"," ","900","Real GDP by metropolitan area","45","51","  Information",9411,9972,10640,12134,13176,13471,15357,20236,20887,22814,23031,23949,25695,25644,27601
"37980","Philadelphia-Camden-Wilmington, PA-NJ-DE-MD (Metropolitan Statistical Area)"," ","900","Real GDP by metropolitan area","46","511","   Publishing industries, except Internet (includes software)","(D)","(D)","(D)","(D)","(D)","(D)","(D)","(D)","(D)","(D)","(D)","(D)","(D)",3013,"(NA)"
"37980","Philadelphia-Camden-Wilmington, PA-NJ-DE-MD (Metropolitan Statistical Area)"," ","900","Real GDP by metropolitan area","47","512","   Motion picture and sound recording industries","(D)","(D)","(D)","(D)","(D)","(D)","(D)","(D)","(D)","(D)","(D)","(D)",804,787,"(NA)"
"37980","Philadelphia-Camden-Wilmington, PA-NJ-DE-MD (Metropolitan Statistical Area)"," ","900","Real GDP by metropolitan area","48","515, 517","   Broadcasting and telecommunications","(D)","(D)","(D)","(D)","(D)","(D)","(D)","(D)","(D)","(D)","(D)","(D)","(D)","(D)","(NA)"
"37980","Philadelphia-Camden-Wilmington, PA-NJ-DE-MD (Metropolitan Statistical Area)"," ","900","Real GDP by metropolitan area","49","518, 519","   Data processing, internet publishing, and other information services","(D)","(D)","(D)","(D)","(D)","(D)","(D)","(D)","(D)","(D)","(D)","(D)","(D)","(D)","(NA)"
"37980","Philadelphia-Camden-Wilmington, PA-NJ-DE-MD (Metropolitan Statistical Area)"," ","900","Real GDP by metropolitan area","50","52, 53","  Finance, insurance, real estate, rental, and leasing",73459,73303,75795,77310,80417,83442,85522,81949,87685,88631,91869,94632,92727,94147,95410
"37980","Philadelphia-Camden-Wilmington, PA-NJ-DE-MD (Metropolitan Statistical Area)"," ","900","Real GDP by metropolitan area","51","52","   Finance and insurance",32834,31433,32098,32496,34244,36212,35415,29263,33895,33656,34981,35647,34493,35116,35756
"37980","Philadelphia-Camden-Wilmington, PA-NJ-DE-MD (Metropolitan Statistical Area)"," ","900","Real GDP by metropolitan area","52","521-522","    Federal Reserve banks, credit intermediation, and related services","(D)","(D)","(D)","(D)","(D)","(D)","(D)","(D)","(D)","(D)","(D)","(D)",12192,11228,"(NA)"
"37980","Philadelphia-Camden-Wilmington, PA-NJ-DE-MD (Metropolitan Statistical Area)"," ","900","Real GDP by metropolitan area","53","523","    Securities, commodity contracts, and investments","(D)","(D)","(D)","(D)","(D)","(D)","(D)","(D)","(D)","(D)","(D)","(D)",4909,"(D)","(NA)"
"37980","Philadelphia-Camden-Wilmington, PA-NJ-DE-MD (Metropolitan Statistical Area)"," ","900","Real GDP by metropolitan area","54","524","    Insurance carriers and related activities","(D)","(D)",11842,13623,"(D)","(D)","(D)",13685,"(D)",16190,16916,"(D)","(D)",17956,"(NA)"
"37980","Philadelphia-Camden-Wilmington, PA-NJ-DE-MD (Metropolitan Statistical Area)"," ","900","Real GDP by metropolitan area","55","525","    Funds, trusts, and other financial vehicles","(D)","(D)","(D)","(D)","(D)","(D)","(D)","(D)","(D)","(D)","(D)","(D)","(D)","(D)","(NA)"
"37980","Philadelphia-Camden-Wilmington, PA-NJ-DE-MD (Metropolitan Statistical Area)"," ","900","Real GDP by metropolitan area","56","53","   Real estate and rental and leasing",40016,41428,43286,44426,45712,46667,49724,52792,53789,54987,56896,59020,58306,59094,59701
"37980","Philadelphia-Camden-Wilmington, PA-NJ-DE-MD (Metropolitan Statistical Area)"," ","900","Real GDP by metropolitan area","57","531","    Real estate","(D)","(D)","(D)","(D)","(D)","(D)","(D)","(D)","(D)","(D)","(D)","(D)","(D)",53877,"(NA)"
"37980","Philadelphia-Camden-Wilmington, PA-NJ-DE-MD (Metropolitan Statistical Area)"," ","900","Real GDP by metropolitan area","58","532-533","    Rental and leasing services and lessors of intangible assets","(D)","(D)","(D)","(D)","(D)","(D)","(D)","(D)","(D)","(D)","(D)","(D)","(D)",5217,"(NA)"
"37980","Philadelphia-Camden-Wilmington, PA-NJ-DE-MD (Metropolitan Statistical Area)"," ","900","Real GDP by metropolitan area","59","54, 55, 56","  Professional and business services",39599,41510,43317,44880,46492,47381,49302,51624,48922,49613,50623,52667,"(D)","(D)",55765
"37980","Philadelphia-Camden-Wilmington, PA-NJ-DE-MD (Metropolitan Statistical Area)"," ","900","Real GDP by metropolitan area","60","54","   Professional, scientific, and technical services",25996,"(D)",27957,"(D)","(D)","(D)","(D)","(D)","(D)","(D)","(D)","(D)",31881,32165,"(D)"
"37980","Philadelphia-Camden-Wilmington, PA-NJ-DE-MD (Metropolitan Statistical Area)"," ","900","Real GDP by metropolitan area","64","55","   Management of companies and enterprises","(D)","(D)","(D)","(D)","(D)","(D)","(D)","(D)","(D)","(D)","(D)","(D)","(D)","(D)","(D)"
"37980","Philadelphia-Camden-Wilmington, PA-NJ-DE-MD (Metropolitan Statistical Area)"," ","900","Real GDP by metropolitan area","65","56","   Administrative and waste management services","(D)",8118,"(D)",8599,"(D)",9359,9797,9856,9218,9793,10024,10179,"(D)",10854,"(D)"
"37980","Philadelphia-Camden-Wilmington, PA-NJ-DE-MD (Metropolitan Statistical Area)"," ","900","Real GDP by metropolitan area","66","561","    Administrative and support services",7250,7395,7588,7919,8410,8710,9075,9151,8502,8934,9290,"(D)","(D)","(D)","(NA)"
"37980","Philadelphia-Camden-Wilmington, PA-NJ-DE-MD (Metropolitan Statistical Area)"," ","900","Real GDP by metropolitan area","67","562","    Waste management and remediation services","(D)",724,"(D)",681,"(D)",648,723,704,715,857,738,"(D)","(D)","(D)","(NA)"
"37980","Philadelphia-Camden-Wilmington, PA-NJ-DE-MD (Metropolitan Statistical Area)"," ","900","Real GDP by metropolitan area","68","61, 62","  Educational services, health care, and social assistance",29785,31023,31901,33308,33724,34679,34832,36545,37381,37228,37746,38040,38113,39160,39718
"37980","Philadelphia-Camden-Wilmington, PA-NJ-DE-MD (Metropolitan Statistical Area)"," ","900","Real GDP by metropolitan area","69","61","   Educational services",6410,6467,6783,7124,7147,7207,7318,7611,7956,7947,7923,7970,7634,7852,7729
"37980","Philadelphia-Camden-Wilmington, PA-NJ-DE-MD (Metropolitan Statistical Area)"," ","900","Real GDP by metropolitan area","70","62","   Health care and social assistance",23386,24552,25122,26191,26580,27471,27515,28934,29424,29281,29824,30072,30498,31326,32026
"37980","Philadelphia-Camden-Wilmington, PA-NJ-DE-MD (Metropolitan Statistical Area)"," ","900","Real GDP by metropolitan area","71","621","    Ambulatory health care services",9392,10197,10390,10796,11103,11682,11527,12247,12258,12188,12441,"(D)",12734,13118,"(NA)"
"37980","Philadelphia-Camden-Wilmington, PA-NJ-DE-MD (Metropolitan Statistical Area)"," ","900","Real GDP by metropolitan area","72","622-623","    Hospitals and nursing and residential care facilities","(D)","(D)","(D)","(D)","(D)","(D)","(D)","(D)","(D)","(D)","(D)","(D)","(D)","(D)","(NA)"
"37980","Philadelphia-Camden-Wilmington, PA-NJ-DE-MD (Metropolitan Statistical Area)"," ","900","Real GDP by metropolitan area","73","624","    Social assistance","(D)","(D)","(D)","(D)","(D)","(D)","(D)","(D)","(D)","(D)","(D)","(D)","(D)","(D)","(NA)"
"37980","Philadelphia-Camden-Wilmington, PA-NJ-DE-MD (Metropolitan Statistical Area)"," ","900","Real GDP by metropolitan area","74","71, 72","  Arts, entertainment, recreation, accommodation, and food services",8784,9163,9247,9601,9585,9724,10164,9742,9209,9889,10354,10486,10713,10836,10828
"37980","Philadelphia-Camden-Wilmington, PA-NJ-DE-MD (Metropolitan Statistical Area)"," ","900","Real GDP by metropolitan area","75","71","   Arts, entertainment, and recreation",2441,2744,2843,2951,2921,2968,3416,3354,3251,3642,3836,3803,4004,4002,4059
"37980","Philadelphia-Camden-Wilmington, PA-NJ-DE-MD (Metropolitan Statistical Area)"," ","900","Real GDP by metropolitan area","76","711-712","    Performing arts, spectator sports, museums, and related activities","(D)","(D)","(D)","(D)","(D)",1934,2002,"(D)","(D)",2141,2200,"(D)","(D)","(D)","(NA)"
"37980","Philadelphia-Camden-Wilmington, PA-NJ-DE-MD (Metropolitan Statistical Area)"," ","900","Real GDP by metropolitan area","77","713","    Amusements, gambling, and recreation industries","(D)","(D)","(D)","(D)","(D)",1038,1413,"(D)","(D)",1503,1639,"(D)","(D)","(D)","(NA)"
"37980","Philadelphia-Camden-Wilmington, PA-NJ-DE-MD (Metropolitan Statistical Area)"," ","900","Real GDP by metropolitan area","78","72","   Accommodation and food services",6368,6438,6421,6667,6682,6775,6753,6390,5958,6247,6519,6682,6710,6834,6771
"37980","Philadelphia-Camden-Wilmington, PA-NJ-DE-MD (Metropolitan Statistical Area)"," ","900","Real GDP by metropolitan area","79","721","    Accommodation","(D)",1141,1102,1171,1143,1232,"(D)","(D)","(D)","(D)","(D)","(D)",1363,1366,"(NA)"
"37980","Philadelphia-Camden-Wilmington, PA-NJ-DE-MD (Metropolitan Statistical Area)"," ","900","Real GDP by metropolitan area","80","722","    Food services and drinking places","(D)",5300,5324,5499,5546,5542,"(D)","(D)","(D)","(D)","(D)","(D)",5348,5468,"(NA)"
"37980","Philadelphia-Camden-Wilmington, PA-NJ-DE-MD (Metropolitan Statistical Area)"," ","900","Real GDP by metropolitan area","81","81","  Other services, except government",7128,7458,7404,7510,7499,7456,7210,7019,6621,6495,6400,6414,6355,6479,6482
"37980","Philadelphia-Camden-Wilmington, PA-NJ-DE-MD (Metropolitan Statistical Area)"," ","900","Real GDP by metropolitan area","82","92"," Government",32247,33147,33577,33944,34202,33924,33808,34055,34245,33977,33242,32939,33431,33146,32760
"37980","Philadelphia-Camden-Wilmington, PA-NJ-DE-MD (Metropolitan Statistical Area)"," ","900","Real GDP by metropolitan area","83","...","  Federal civilian",7018,6940,7006,7025,7118,7106,7034,7110,7129,7018,6818,6835,6643,6708,"(NA)"
"37980","Philadelphia-Camden-Wilmington, PA-NJ-DE-MD (Metropolitan Statistical Area)"," ","900","Real GDP by metropolitan area","84","...","  Federal military",1934,2048,2146,2156,2182,2118,2010,2017,2087,2097,2107,2162,2155,2122,"(NA)"
"37980","Philadelphia-Camden-Wilmington, PA-NJ-DE-MD (Metropolitan Statistical Area)"," ","900","Real GDP by metropolitan area","85","...","  State and local",23281,24150,24417,24756,24894,24692,24765,24930,25028,24862,24319,23943,24633,24315,"(NA)"
"37980","Philadelphia-Camden-Wilmington, PA-NJ-DE-MD (Metropolitan Statistical Area)"," ","900","Real GDP by metropolitan area","86","11, 21","Natural resources and mining","(D)",1012,"(D)","(D)",882,963,801,"(D)",1045,950,819,"(D)","(D)","(D)","(D)"
"37980","Philadelphia-Camden-Wilmington, PA-NJ-DE-MD (Metropolitan Statistical Area)"," ","900","Real GDP by metropolitan area","87","42, 44-45","Trade","(D)",35835,38347,39959,40785,41463,40856,39522,36571,37675,38243,38620,39624,40867,"(D)"
"37980","Philadelphia-Camden-Wilmington, PA-NJ-DE-MD (Metropolitan Statistical Area)"," ","900","Real GDP by metropolitan area","88","...","Transportation and utilities",12075,"(D)",12496,12859,12753,12797,12820,12664,11983,"(D)","(D)",12656,"(D)","(D)","(D)"
"37980","Philadelphia-Camden-Wilmington, PA-NJ-DE-MD (Metropolitan Statistical Area)"," ","900","Real GDP by metropolitan area","89","...","Private goods-producing industries",57302,56419,57131,55646,53070,52326,51833,51121,47192,45439,43300,42771,44208,45932,46941
"37980","Philadelphia-Camden-Wilmington, PA-NJ-DE-MD (Metropolitan Statistical Area)"," ","900","Real GDP by metropolitan area","90","...","Private services-providing industries",214137,219609,228217,236772,243891,249963,255825,259135,259260,265529,271356,277409,278322,283895,288567
"37980","Philadelphia-Camden-Wilmington, PA-NJ-DE-MD (Metropolitan Statistical Area)"," ","1000","Per capita real GDP by metropolitan area","1","...","All industry total",53034,53727,55151,56175,56788,57400,58046,58286,57341,57768,58005,58634,58963,59977,60662
"Note: See the included footnote file."
NAICS Industry detail is based on the 2007 North American Industry Classification System (NAICS).
"Source: U.S. Department of Commerce / Bureau of Economic Analysis / Regional Product Division"
