"GeoFIPS","GeoName","Region","ComponentId","ComponentName","IndustryId","IndustryClassification","Description","2001","2002","2003","2004","2005","2006","2007","2008","2009","2010","2011","2012","2013","2014","2015"
"39540","Racine, WI (Metropolitan Statistical Area)"," ","200","Gross domestic product (GDP) by metropolitan area","1","...","All industry total",5805,5951,6142,6423,6426,6754,6777,6522,6548,7086,7103,7560,7445,7655,7820
"39540","Racine, WI (Metropolitan Statistical Area)"," ","200","Gross domestic product (GDP) by metropolitan area","2","..."," Private industries",5260,5370,5532,5792,5779,6093,6085,5789,5780,6306,6313,6754,6654,6844,6994
"39540","Racine, WI (Metropolitan Statistical Area)"," ","200","Gross domestic product (GDP) by metropolitan area","3","11","  Agriculture, forestry, fishing, and hunting","(D)","(D)","(D)",54,42,65,60,44,"(D)","(D)","(D)","(D)","(D)","(D)",26
"39540","Racine, WI (Metropolitan Statistical Area)"," ","200","Gross domestic product (GDP) by metropolitan area","4","111-112","   Farms",39,37,44,46,35,57,52,36,51,34,40,30,38,25,"(NA)"
"39540","Racine, WI (Metropolitan Statistical Area)"," ","200","Gross domestic product (GDP) by metropolitan area","5","113-115","   Forestry, fishing, and related activities","(D)","(D)","(D)",7,7,8,8,8,"(D)","(D)","(D)","(D)","(D)","(D)","(NA)"
"39540","Racine, WI (Metropolitan Statistical Area)"," ","200","Gross domestic product (GDP) by metropolitan area","6","21","  Mining","(D)","(D)","(D)",8,8,10,8,6,"(D)",10,7,6,9,10,14
"39540","Racine, WI (Metropolitan Statistical Area)"," ","200","Gross domestic product (GDP) by metropolitan area","7","211","   Oil and gas extraction","(L)","(L)","(L)","(L)","(L)","(L)","(L)","(L)","(L)","(L)","(L)","(L)","(L)","(L)","(NA)"
"39540","Racine, WI (Metropolitan Statistical Area)"," ","200","Gross domestic product (GDP) by metropolitan area","8","212","   Mining, except oil and gas","(D)","(D)","(D)",8,8,10,8,6,"(D)",10,7,6,9,10,"(NA)"
"39540","Racine, WI (Metropolitan Statistical Area)"," ","200","Gross domestic product (GDP) by metropolitan area","9","213","   Support activities for mining","(L)","(L)","(L)","(L)","(L)","(L)","(L)","(L)","(L)","(L)","(L)","(L)","(L)","(L)","(NA)"
"39540","Racine, WI (Metropolitan Statistical Area)"," ","200","Gross domestic product (GDP) by metropolitan area","10","22","  Utilities","(D)","(D)","(D)","(D)","(D)","(D)","(D)","(D)","(D)","(D)","(D)","(D)","(D)","(D)","(D)"
"39540","Racine, WI (Metropolitan Statistical Area)"," ","200","Gross domestic product (GDP) by metropolitan area","11","23","  Construction",264,297,302,335,304,290,281,271,244,215,216,217,225,252,261
"39540","Racine, WI (Metropolitan Statistical Area)"," ","200","Gross domestic product (GDP) by metropolitan area","12","31-33","  Manufacturing",2439,2364,2407,2478,2377,2579,2443,2232,2243,2796,2693,3059,2992,3166,3127
"39540","Racine, WI (Metropolitan Statistical Area)"," ","200","Gross domestic product (GDP) by metropolitan area","13","...","   Durable goods manufacturing",1139,1038,1154,1102,1110,1229,1196,1243,1042,1185,1341,1526,1572,1569,1629
"39540","Racine, WI (Metropolitan Statistical Area)"," ","200","Gross domestic product (GDP) by metropolitan area","14","321","    Wood products manufacturing",5,6,6,7,9,7,7,3,2,2,2,2,"(D)","(D)","(NA)"
"39540","Racine, WI (Metropolitan Statistical Area)"," ","200","Gross domestic product (GDP) by metropolitan area","15","327","    Nonmetallic mineral products manufacturing",73,78,83,76,87,86,84,103,86,74,"(D)","(D)",107,111,"(NA)"
"39540","Racine, WI (Metropolitan Statistical Area)"," ","200","Gross domestic product (GDP) by metropolitan area","16","331","    Primary metals manufacturing",45,47,46,61,32,15,14,15,10,10,15,20,20,22,"(NA)"
"39540","Racine, WI (Metropolitan Statistical Area)"," ","200","Gross domestic product (GDP) by metropolitan area","17","332","    Fabricated metal products",138,131,149,159,158,170,175,180,155,168,186,215,199,204,"(NA)"
"39540","Racine, WI (Metropolitan Statistical Area)"," ","200","Gross domestic product (GDP) by metropolitan area","18","333","    Machinery manufacturing",407,304,339,318,289,339,303,337,302,333,388,434,427,426,"(NA)"
"39540","Racine, WI (Metropolitan Statistical Area)"," ","200","Gross domestic product (GDP) by metropolitan area","19","334","    Computer and electronic products manufacturing",20,21,27,30,66,61,58,39,39,43,43,51,54,54,"(NA)"
"39540","Racine, WI (Metropolitan Statistical Area)"," ","200","Gross domestic product (GDP) by metropolitan area","20","335","    Electrical equipment, appliance, and components manufacturing",289,248,295,242,215,278,273,259,270,294,273,312,346,366,"(NA)"
"39540","Racine, WI (Metropolitan Statistical Area)"," ","200","Gross domestic product (GDP) by metropolitan area","21","3361-3363","    Motor vehicles, bodies and trailers, and parts manufacturing","(D)","(D)","(D)","(D)","(D)","(D)","(D)","(D)",107,180,"(D)","(D)","(D)","(D)","(NA)"
"39540","Racine, WI (Metropolitan Statistical Area)"," ","200","Gross domestic product (GDP) by metropolitan area","22","3364-3366, 3369","    Other transportation equipment manufacturing","(D)","(D)","(D)","(D)","(D)","(D)","(D)","(D)",11,13,21,17,19,18,"(NA)"
"39540","Racine, WI (Metropolitan Statistical Area)"," ","200","Gross domestic product (GDP) by metropolitan area","23","337","    Furniture and related products manufacturing",9,8,9,9,10,9,9,9,6,6,6,6,6,6,"(NA)"
"39540","Racine, WI (Metropolitan Statistical Area)"," ","200","Gross domestic product (GDP) by metropolitan area","24","339","    Miscellaneous manufacturing",50,57,56,58,62,66,61,61,56,65,68,84,108,84,"(NA)"
"39540","Racine, WI (Metropolitan Statistical Area)"," ","200","Gross domestic product (GDP) by metropolitan area","25","...","   Nondurable goods manufacturing",1300,1326,1254,1376,1267,1351,1247,988,1201,1610,1352,1533,1420,1596,1498
"39540","Racine, WI (Metropolitan Statistical Area)"," ","200","Gross domestic product (GDP) by metropolitan area","26","311-312","    Food and beverage and tobacco products manufacturing","(D)","(D)","(D)","(D)",97,"(D)",95,89,"(D)","(D)","(D)",154,159,159,"(NA)"
"39540","Racine, WI (Metropolitan Statistical Area)"," ","200","Gross domestic product (GDP) by metropolitan area","27","313-314","    Textile mills and textile product mills",1,1,1,"(D)","(D)","(D)","(D)","(D)","(D)","(D)","(D)",6,7,9,"(NA)"
"39540","Racine, WI (Metropolitan Statistical Area)"," ","200","Gross domestic product (GDP) by metropolitan area","28","315-316","    Apparel and leather and allied products manufacturing","(D)","(D)","(D)","(D)","(D)","(D)","(D)","(D)","(D)","(D)","(D)","(D)","(D)","(D)","(NA)"
"39540","Racine, WI (Metropolitan Statistical Area)"," ","200","Gross domestic product (GDP) by metropolitan area","29","322","    Paper products manufacturing",50,52,53,49,49,57,53,48,59,56,59,65,65,83,"(NA)"
"39540","Racine, WI (Metropolitan Statistical Area)"," ","200","Gross domestic product (GDP) by metropolitan area","30","323","    Printing and related support activities",41,42,44,34,33,37,40,40,36,33,33,40,42,42,"(NA)"
"39540","Racine, WI (Metropolitan Statistical Area)"," ","200","Gross domestic product (GDP) by metropolitan area","31","324","    Petroleum and coal products manufacturing","(L)","(L)","(L)","(L)","(L)","(L)","(L)","(L)","(L)","(L)","(D)","(L)","(L)","(L)","(NA)"
"39540","Racine, WI (Metropolitan Statistical Area)"," ","200","Gross domestic product (GDP) by metropolitan area","32","325","    Chemical products manufacturing",1038,1062,995,1123,1007,1080,"(D)","(D)","(D)","(D)","(D)","(D)","(D)","(D)","(NA)"
"39540","Racine, WI (Metropolitan Statistical Area)"," ","200","Gross domestic product (GDP) by metropolitan area","33","326","    Plastics and rubber products manufacturing",66,60,59,72,79,82,76,68,72,73,65,72,78,85,"(NA)"
"39540","Racine, WI (Metropolitan Statistical Area)"," ","200","Gross domestic product (GDP) by metropolitan area","34","42","  Wholesale trade",293,285,295,345,369,402,414,381,360,369,356,374,384,402,423
"39540","Racine, WI (Metropolitan Statistical Area)"," ","200","Gross domestic product (GDP) by metropolitan area","35","44-45","  Retail trade",361,370,382,396,398,399,393,396,387,379,399,397,411,430,458
"39540","Racine, WI (Metropolitan Statistical Area)"," ","200","Gross domestic product (GDP) by metropolitan area","36","48-49","  Transportation and warehousing","(D)","(D)","(D)","(D)","(D)","(D)","(D)","(D)","(D)","(D)","(D)","(D)","(D)","(D)","(D)"
"39540","Racine, WI (Metropolitan Statistical Area)"," ","200","Gross domestic product (GDP) by metropolitan area","37","481","   Air transportation","(D)","(D)","(D)","(D)","(D)","(D)","(D)","(D)","(D)","(D)","(D)","(D)","(D)","(D)","(NA)"
"39540","Racine, WI (Metropolitan Statistical Area)"," ","200","Gross domestic product (GDP) by metropolitan area","38","482","   Rail transportation",1,1,1,1,2,2,2,2,2,2,2,2,3,3,"(NA)"
"39540","Racine, WI (Metropolitan Statistical Area)"," ","200","Gross domestic product (GDP) by metropolitan area","39","483","   Water transportation","(L)","(L)","(L)","(L)","(L)","(L)","(L)","(L)","(L)","(L)","(L)","(L)","(L)","(L)","(NA)"
"39540","Racine, WI (Metropolitan Statistical Area)"," ","200","Gross domestic product (GDP) by metropolitan area","40","484","   Truck transportation",53,53,57,61,63,65,59,62,63,81,87,90,91,93,"(NA)"
"39540","Racine, WI (Metropolitan Statistical Area)"," ","200","Gross domestic product (GDP) by metropolitan area","41","485","   Transit and ground passenger transportation",15,17,18,19,21,22,22,23,24,24,24,28,21,21,"(NA)"
"39540","Racine, WI (Metropolitan Statistical Area)"," ","200","Gross domestic product (GDP) by metropolitan area","42","486","   Pipeline transportation","(L)","(L)","(L)","(L)","(L)","(L)","(L)","(L)","(L)","(L)","(L)","(L)","(L)","(L)","(NA)"
"39540","Racine, WI (Metropolitan Statistical Area)"," ","200","Gross domestic product (GDP) by metropolitan area","43","487-488, 492","   Other transportation and support activities",15,18,19,21,22,24,21,23,22,22,26,"(D)","(D)",28,"(NA)"
"39540","Racine, WI (Metropolitan Statistical Area)"," ","200","Gross domestic product (GDP) by metropolitan area","44","493","   Warehousing and storage",7,6,7,9,16,19,19,20,24,25,28,19,18,16,"(NA)"
"39540","Racine, WI (Metropolitan Statistical Area)"," ","200","Gross domestic product (GDP) by metropolitan area","45","51","  Information",83,88,74,75,77,76,83,89,76,71,66,66,69,68,94
"39540","Racine, WI (Metropolitan Statistical Area)"," ","200","Gross domestic product (GDP) by metropolitan area","46","511","   Publishing industries, except Internet (includes software)","(D)","(D)","(D)",29,"(D)","(D)",31,30,29,27,27,25,25,24,"(NA)"
"39540","Racine, WI (Metropolitan Statistical Area)"," ","200","Gross domestic product (GDP) by metropolitan area","47","512","   Motion picture and sound recording industries",5,5,5,4,3,1,2,12,2,1,1,"(D)","(D)",1,"(NA)"
"39540","Racine, WI (Metropolitan Statistical Area)"," ","200","Gross domestic product (GDP) by metropolitan area","48","515, 517","   Broadcasting and telecommunications","(D)","(D)","(D)","(D)","(D)","(D)","(D)","(D)","(D)","(D)","(D)","(D)","(D)","(D)","(NA)"
"39540","Racine, WI (Metropolitan Statistical Area)"," ","200","Gross domestic product (GDP) by metropolitan area","49","518, 519","   Data processing, internet publishing, and other information services",1,2,2,"(D)",2,"(D)","(D)","(D)","(D)","(D)","(D)","(D)","(L)","(D)","(NA)"
"39540","Racine, WI (Metropolitan Statistical Area)"," ","200","Gross domestic product (GDP) by metropolitan area","50","52, 53","  Finance, insurance, real estate, rental, and leasing",542,595,626,612,680,686,763,725,790,783,802,853,804,744,771
"39540","Racine, WI (Metropolitan Statistical Area)"," ","200","Gross domestic product (GDP) by metropolitan area","51","52","   Finance and insurance",144,154,184,170,194,204,267,241,223,237,274,278,278,285,283
"39540","Racine, WI (Metropolitan Statistical Area)"," ","200","Gross domestic product (GDP) by metropolitan area","52","521-522","    Federal Reserve banks, credit intermediation, and related services",74,93,109,107,117,124,182,174,151,166,201,200,193,187,"(NA)"
"39540","Racine, WI (Metropolitan Statistical Area)"," ","200","Gross domestic product (GDP) by metropolitan area","53","523","    Securities, commodity contracts, and investments","(D)","(D)","(D)",12,16,17,15,11,12,"(D)","(D)","(D)",18,18,"(NA)"
"39540","Racine, WI (Metropolitan Statistical Area)"," ","200","Gross domestic product (GDP) by metropolitan area","54","524","    Insurance carriers and related activities",50,39,47,50,60,62,68,55,58,58,60,62,66,79,"(NA)"
"39540","Racine, WI (Metropolitan Statistical Area)"," ","200","Gross domestic product (GDP) by metropolitan area","55","525","    Funds, trusts, and other financial vehicles","(D)","(D)","(D)",1,1,1,2,2,1,"(D)","(D)","(D)",1,1,"(NA)"
"39540","Racine, WI (Metropolitan Statistical Area)"," ","200","Gross domestic product (GDP) by metropolitan area","56","53","   Real estate and rental and leasing",398,440,442,442,486,482,496,484,567,546,528,574,526,460,488
"39540","Racine, WI (Metropolitan Statistical Area)"," ","200","Gross domestic product (GDP) by metropolitan area","57","531","    Real estate",369,407,412,414,456,460,473,453,537,513,492,534,485,418,"(NA)"
"39540","Racine, WI (Metropolitan Statistical Area)"," ","200","Gross domestic product (GDP) by metropolitan area","58","532-533","    Rental and leasing services and lessors of intangible assets",29,33,30,28,31,21,23,31,30,33,36,41,41,42,"(NA)"
"39540","Racine, WI (Metropolitan Statistical Area)"," ","200","Gross domestic product (GDP) by metropolitan area","59","54, 55, 56","  Professional and business services",358,399,403,447,464,469,492,523,446,454,497,486,474,474,490
"39540","Racine, WI (Metropolitan Statistical Area)"," ","200","Gross domestic product (GDP) by metropolitan area","60","54","   Professional, scientific, and technical services",217,239,245,270,270,278,287,316,259,236,239,227,206,209,221
"39540","Racine, WI (Metropolitan Statistical Area)"," ","200","Gross domestic product (GDP) by metropolitan area","64","55","   Management of companies and enterprises",25,37,34,36,38,29,28,24,24,31,68,63,79,64,66
"39540","Racine, WI (Metropolitan Statistical Area)"," ","200","Gross domestic product (GDP) by metropolitan area","65","56","   Administrative and waste management services",117,122,124,141,156,162,177,183,164,187,190,196,189,201,204
"39540","Racine, WI (Metropolitan Statistical Area)"," ","200","Gross domestic product (GDP) by metropolitan area","66","561","    Administrative and support services",98,102,107,122,139,145,156,161,142,161,167,177,168,177,"(NA)"
"39540","Racine, WI (Metropolitan Statistical Area)"," ","200","Gross domestic product (GDP) by metropolitan area","67","562","    Waste management and remediation services",19,20,17,19,18,17,21,23,22,26,23,19,21,23,"(NA)"
"39540","Racine, WI (Metropolitan Statistical Area)"," ","200","Gross domestic product (GDP) by metropolitan area","68","61, 62","  Educational services, health care, and social assistance",455,489,531,560,563,588,610,600,642,645,670,691,668,675,702
"39540","Racine, WI (Metropolitan Statistical Area)"," ","200","Gross domestic product (GDP) by metropolitan area","69","61","   Educational services",17,18,19,22,20,25,25,24,28,29,27,26,26,25,25
"39540","Racine, WI (Metropolitan Statistical Area)"," ","200","Gross domestic product (GDP) by metropolitan area","70","62","   Health care and social assistance",439,472,512,538,543,562,584,576,614,616,642,666,642,650,677
"39540","Racine, WI (Metropolitan Statistical Area)"," ","200","Gross domestic product (GDP) by metropolitan area","71","621","    Ambulatory health care services",194,205,211,233,222,229,240,263,273,264,276,284,271,283,"(NA)"
"39540","Racine, WI (Metropolitan Statistical Area)"," ","200","Gross domestic product (GDP) by metropolitan area","72","622-623","    Hospitals and nursing and residential care facilities",207,226,255,257,271,282,293,258,283,287,299,311,299,294,"(NA)"
"39540","Racine, WI (Metropolitan Statistical Area)"," ","200","Gross domestic product (GDP) by metropolitan area","73","624","    Social assistance",38,41,45,48,50,51,52,56,58,65,67,71,73,73,"(NA)"
"39540","Racine, WI (Metropolitan Statistical Area)"," ","200","Gross domestic product (GDP) by metropolitan area","74","71, 72","  Arts, entertainment, recreation, accommodation, and food services",134,138,150,162,162,168,175,169,167,171,172,187,194,206,215
"39540","Racine, WI (Metropolitan Statistical Area)"," ","200","Gross domestic product (GDP) by metropolitan area","75","71","   Arts, entertainment, and recreation",33,30,33,39,38,39,41,38,37,38,38,43,43,45,44
"39540","Racine, WI (Metropolitan Statistical Area)"," ","200","Gross domestic product (GDP) by metropolitan area","76","711-712","    Performing arts, spectator sports, museums, and related activities",5,5,6,7,8,8,7,7,8,7,8,8,8,9,"(NA)"
"39540","Racine, WI (Metropolitan Statistical Area)"," ","200","Gross domestic product (GDP) by metropolitan area","77","713","    Amusements, gambling, and recreation industries",28,25,27,32,31,31,33,31,29,31,31,35,35,37,"(NA)"
"39540","Racine, WI (Metropolitan Statistical Area)"," ","200","Gross domestic product (GDP) by metropolitan area","78","72","   Accommodation and food services",102,108,117,123,124,130,134,131,131,132,134,144,151,161,172
"39540","Racine, WI (Metropolitan Statistical Area)"," ","200","Gross domestic product (GDP) by metropolitan area","79","721","    Accommodation",15,15,16,16,17,19,21,20,19,19,21,21,22,27,"(NA)"
"39540","Racine, WI (Metropolitan Statistical Area)"," ","200","Gross domestic product (GDP) by metropolitan area","80","722","    Food services and drinking places",86,93,102,107,107,110,113,111,112,114,114,123,128,134,"(NA)"
"39540","Racine, WI (Metropolitan Statistical Area)"," ","200","Gross domestic product (GDP) by metropolitan area","81","81","  Other services, except government",141,150,149,154,159,161,164,154,152,151,153,156,156,163,173
"39540","Racine, WI (Metropolitan Statistical Area)"," ","200","Gross domestic product (GDP) by metropolitan area","82","92"," Government",546,581,610,630,647,661,692,734,769,781,791,805,792,811,826
"39540","Racine, WI (Metropolitan Statistical Area)"," ","200","Gross domestic product (GDP) by metropolitan area","83","...","  Federal civilian",34,35,35,38,40,41,43,46,44,44,44,43,41,42,"(NA)"
"39540","Racine, WI (Metropolitan Statistical Area)"," ","200","Gross domestic product (GDP) by metropolitan area","84","...","  Federal military",14,17,23,24,26,26,25,26,28,27,25,23,22,21,"(NA)"
"39540","Racine, WI (Metropolitan Statistical Area)"," ","200","Gross domestic product (GDP) by metropolitan area","85","...","  State and local",498,529,553,569,581,594,624,661,696,710,721,739,728,749,"(NA)"
"39540","Racine, WI (Metropolitan Statistical Area)"," ","200","Gross domestic product (GDP) by metropolitan area","86","11, 21","Natural resources and mining",51,50,57,62,50,75,68,50,65,"(D)","(D)","(D)","(D)","(D)",40
"39540","Racine, WI (Metropolitan Statistical Area)"," ","200","Gross domestic product (GDP) by metropolitan area","87","42, 44-45","Trade",654,655,677,741,767,801,807,777,747,749,755,770,795,832,881
"39540","Racine, WI (Metropolitan Statistical Area)"," ","200","Gross domestic product (GDP) by metropolitan area","88","...","Transportation and utilities",138,145,155,167,177,199,200,199,208,"(D)","(D)","(D)","(D)","(D)",239
"39540","Racine, WI (Metropolitan Statistical Area)"," ","200","Gross domestic product (GDP) by metropolitan area","89","...","Private goods-producing industries",2754,2712,2766,2874,2731,2945,2793,2553,2552,"(D)","(D)","(D)","(D)","(D)",3429
"39540","Racine, WI (Metropolitan Statistical Area)"," ","200","Gross domestic product (GDP) by metropolitan area","90","...","Private services-providing industries",2506,2659,2766,2918,3049,3147,3292,3236,3228,"(D)","(D)","(D)","(D)","(D)",3565
"39540","Racine, WI (Metropolitan Statistical Area)"," ","800","Quantity indexes for real GDP by metropolitan area","1","...","All industry total",108.478,109.608,111.577,114.352,110.994,113.492,111.153,104.143,100.000,108.032,106.191,109.273,105.166,105.584,104.209
"39540","Racine, WI (Metropolitan Statistical Area)"," ","800","Quantity indexes for real GDP by metropolitan area","2","..."," Private industries",110.131,111.062,113.140,116.481,112.861,115.933,113.276,104.957,100.000,109.275,107.260,110.748,106.619,107.086,105.618
"39540","Racine, WI (Metropolitan Statistical Area)"," ","800","Quantity indexes for real GDP by metropolitan area","3","11","  Agriculture, forestry, fishing, and hunting","(D)","(D)","(D)","(D)","(D)","(D)","(D)","(D)","(D)","(D)","(D)","(D)","(D)","(D)","(D)"
"39540","Racine, WI (Metropolitan Statistical Area)"," ","800","Quantity indexes for real GDP by metropolitan area","4","111-112","   Farms",76.443,80.047,83.096,73.493,66.019,114.957,77.816,53.067,100.000,56.400,49.271,36.620,45.093,32.086,"(NA)"
"39540","Racine, WI (Metropolitan Statistical Area)"," ","800","Quantity indexes for real GDP by metropolitan area","5","113-115","   Forestry, fishing, and related activities","(D)","(D)","(D)","(D)","(D)","(D)","(D)","(D)","(D)","(D)","(D)","(D)","(D)","(D)","(NA)"
"39540","Racine, WI (Metropolitan Statistical Area)"," ","800","Quantity indexes for real GDP by metropolitan area","6","21","  Mining","(D)","(D)","(D)","(D)","(D)","(D)","(D)","(D)","(D)","(D)","(D)","(D)","(D)","(D)","(D)"
"39540","Racine, WI (Metropolitan Statistical Area)"," ","800","Quantity indexes for real GDP by metropolitan area","7","211","   Oil and gas extraction",0.000,0.000,0.000,0.000,0.000,0.000,0.000,0.000,0.000,0.000,0.000,0.000,0.000,0.000,"(NA)"
"39540","Racine, WI (Metropolitan Statistical Area)"," ","800","Quantity indexes for real GDP by metropolitan area","8","212","   Mining, except oil and gas","(D)","(D)","(D)","(D)","(D)","(D)","(D)","(D)","(D)","(D)","(D)","(D)","(D)","(D)","(NA)"
"39540","Racine, WI (Metropolitan Statistical Area)"," ","800","Quantity indexes for real GDP by metropolitan area","9","213","   Support activities for mining",0.000,0.000,0.000,0.000,0.000,0.000,0.000,0.000,0.000,0.000,0.000,0.000,0.000,0.000,"(NA)"
"39540","Racine, WI (Metropolitan Statistical Area)"," ","800","Quantity indexes for real GDP by metropolitan area","10","22","  Utilities","(D)","(D)","(D)","(D)","(D)","(D)","(D)","(D)","(D)","(D)","(D)","(D)","(D)","(D)","(D)"
"39540","Racine, WI (Metropolitan Statistical Area)"," ","800","Quantity indexes for real GDP by metropolitan area","11","23","  Construction",167.547,180.292,174.686,179.967,147.069,128.515,117.046,112.534,100.000,89.939,88.877,86.589,86.917,91.605,92.601
"39540","Racine, WI (Metropolitan Statistical Area)"," ","800","Quantity indexes for real GDP by metropolitan area","12","31-33","  Manufacturing",128.855,124.560,127.070,131.544,123.023,131.534,124.083,109.129,100.000,127.018,119.396,128.906,122.790,126.367,118.688
"39540","Racine, WI (Metropolitan Statistical Area)"," ","800","Quantity indexes for real GDP by metropolitan area","13","...","   Durable goods manufacturing",117.216,107.209,121.311,117.052,116.565,130.064,125.649,131.519,100.000,118.496,136.704,149.055,149.329,145.609,142.593
"39540","Racine, WI (Metropolitan Statistical Area)"," ","800","Quantity indexes for real GDP by metropolitan area","14","321","    Wood products manufacturing",315.132,362.001,362.705,326.259,428.810,374.575,427.523,201.709,100.000,96.918,123.175,149.736,"(D)","(D)","(NA)"
"39540","Racine, WI (Metropolitan Statistical Area)"," ","800","Quantity indexes for real GDP by metropolitan area","15","327","    Nonmetallic mineral products manufacturing",103.669,106.926,117.558,106.340,113.789,101.281,99.902,128.686,100.000,89.611,"(D)","(D)",122.099,119.729,"(NA)"
"39540","Racine, WI (Metropolitan Statistical Area)"," ","800","Quantity indexes for real GDP by metropolitan area","16","331","    Primary metals manufacturing",507.556,526.140,521.530,547.581,260.331,97.745,87.771,95.239,100.000,78.137,105.489,158.315,178.569,185.017,"(NA)"
"39540","Racine, WI (Metropolitan Statistical Area)"," ","800","Quantity indexes for real GDP by metropolitan area","17","332","    Fabricated metal products",115.664,109.649,126.279,132.627,125.794,136.415,136.420,134.820,100.000,116.198,129.618,142.030,127.132,130.526,"(NA)"
"39540","Racine, WI (Metropolitan Statistical Area)"," ","800","Quantity indexes for real GDP by metropolitan area","18","333","    Machinery manufacturing",150.369,111.347,125.091,121.635,108.174,127.439,112.057,124.494,100.000,115.207,135.813,144.891,136.386,131.795,"(NA)"
"39540","Racine, WI (Metropolitan Statistical Area)"," ","800","Quantity indexes for real GDP by metropolitan area","19","334","    Computer and electronic products manufacturing",26.107,30.211,42.924,52.198,124.930,128.094,135.019,98.436,100.000,113.352,117.423,141.750,150.260,148.344,"(NA)"
"39540","Racine, WI (Metropolitan Statistical Area)"," ","800","Quantity indexes for real GDP by metropolitan area","20","335","    Electrical equipment, appliance, and components manufacturing",122.692,106.208,130.259,109.140,95.611,120.531,113.457,104.719,100.000,111.529,104.849,112.932,122.878,128.454,"(NA)"
"39540","Racine, WI (Metropolitan Statistical Area)"," ","800","Quantity indexes for real GDP by metropolitan area","21","3361-3363","    Motor vehicles, bodies and trailers, and parts manufacturing","(D)","(D)","(D)","(D)","(D)","(D)","(D)","(D)",100.000,180.353,"(D)","(D)","(D)","(D)","(NA)"
"39540","Racine, WI (Metropolitan Statistical Area)"," ","800","Quantity indexes for real GDP by metropolitan area","22","3364-3366, 3369","    Other transportation equipment manufacturing","(D)","(D)","(D)","(D)","(D)","(D)","(D)","(D)",100.000,118.284,194.054,150.610,166.829,151.965,"(NA)"
"39540","Racine, WI (Metropolitan Statistical Area)"," ","800","Quantity indexes for real GDP by metropolitan area","23","337","    Furniture and related products manufacturing",183.000,164.277,172.395,198.529,199.151,180.064,172.817,183.428,100.000,104.566,108.007,111.570,111.317,111.245,"(NA)"
"39540","Racine, WI (Metropolitan Statistical Area)"," ","800","Quantity indexes for real GDP by metropolitan area","24","339","    Miscellaneous manufacturing",90.890,102.779,99.493,105.850,114.430,122.766,112.946,115.108,100.000,117.872,122.619,150.306,186.448,145.468,"(NA)"
"39540","Racine, WI (Metropolitan Statistical Area)"," ","800","Quantity indexes for real GDP by metropolitan area","25","...","   Nondurable goods manufacturing",141.065,142.760,133.373,146.666,130.112,133.901,123.540,89.752,100.000,134.274,105.950,113.272,102.334,111.409,100.215
"39540","Racine, WI (Metropolitan Statistical Area)"," ","800","Quantity indexes for real GDP by metropolitan area","26","311-312","    Food and beverage and tobacco products manufacturing","(D)","(D)","(D)","(D)","(D)","(D)","(D)","(D)","(D)","(D)","(D)","(D)","(D)","(D)","(NA)"
"39540","Racine, WI (Metropolitan Statistical Area)"," ","800","Quantity indexes for real GDP by metropolitan area","27","313-314","    Textile mills and textile product mills","(D)","(D)","(D)","(D)","(D)","(D)","(D)","(D)","(D)","(D)","(D)","(D)","(D)","(D)","(NA)"
"39540","Racine, WI (Metropolitan Statistical Area)"," ","800","Quantity indexes for real GDP by metropolitan area","28","315-316","    Apparel and leather and allied products manufacturing","(D)","(D)","(D)","(D)","(D)","(D)","(D)","(D)","(D)","(D)","(D)","(D)","(D)","(D)","(NA)"
"39540","Racine, WI (Metropolitan Statistical Area)"," ","800","Quantity indexes for real GDP by metropolitan area","29","322","    Paper products manufacturing",98.831,104.250,110.522,104.714,103.537,114.009,103.049,89.098,100.000,91.281,96.515,106.086,100.942,126.791,"(NA)"
"39540","Racine, WI (Metropolitan Statistical Area)"," ","800","Quantity indexes for real GDP by metropolitan area","30","323","    Printing and related support activities",106.377,115.797,123.889,95.842,89.429,99.209,107.704,111.722,100.000,92.665,96.256,118.436,124.298,123.656,"(NA)"
"39540","Racine, WI (Metropolitan Statistical Area)"," ","800","Quantity indexes for real GDP by metropolitan area","31","324","    Petroleum and coal products manufacturing",0.000,0.000,0.000,0.000,0.000,0.000,0.000,0.000,0.000,0.000,"(D)",0.000,0.000,0.000,"(NA)"
"39540","Racine, WI (Metropolitan Statistical Area)"," ","800","Quantity indexes for real GDP by metropolitan area","32","325","    Chemical products manufacturing","(D)","(D)","(D)","(D)","(D)","(D)","(D)","(D)","(D)","(D)","(D)","(D)","(D)","(D)","(NA)"
"39540","Racine, WI (Metropolitan Statistical Area)"," ","800","Quantity indexes for real GDP by metropolitan area","33","326","    Plastics and rubber products manufacturing",106.403,96.037,96.332,121.052,131.080,123.537,117.087,102.971,100.000,104.115,89.680,94.924,101.100,112.737,"(NA)"
"39540","Racine, WI (Metropolitan Statistical Area)"," ","800","Quantity indexes for real GDP by metropolitan area","34","42","  Wholesale trade",99.441,97.176,101.568,115.121,120.043,126.558,127.479,113.854,100.000,100.253,94.555,96.110,97.909,101.631,106.452
"39540","Racine, WI (Metropolitan Statistical Area)"," ","800","Quantity indexes for real GDP by metropolitan area","35","44-45","  Retail trade",105.125,108.157,112.449,114.179,112.042,109.159,104.580,103.427,100.000,97.309,100.200,97.080,99.722,102.803,107.849
"39540","Racine, WI (Metropolitan Statistical Area)"," ","800","Quantity indexes for real GDP by metropolitan area","36","48-49","  Transportation and warehousing","(D)","(D)","(D)","(D)","(D)","(D)","(D)","(D)","(D)","(D)","(D)","(D)","(D)","(D)","(D)"
"39540","Racine, WI (Metropolitan Statistical Area)"," ","800","Quantity indexes for real GDP by metropolitan area","37","481","   Air transportation","(D)","(D)","(D)","(D)","(D)","(D)","(D)","(D)","(D)","(D)","(D)","(D)","(D)","(D)","(NA)"
"39540","Racine, WI (Metropolitan Statistical Area)"," ","800","Quantity indexes for real GDP by metropolitan area","38","482","   Rail transportation",95.672,90.345,108.635,111.162,116.800,111.538,116.071,125.503,100.000,110.612,110.379,94.386,141.100,143.655,"(NA)"
"39540","Racine, WI (Metropolitan Statistical Area)"," ","800","Quantity indexes for real GDP by metropolitan area","39","483","   Water transportation",0.000,0.000,0.000,0.000,0.000,0.000,0.000,0.000,0.000,0.000,0.000,0.000,0.000,0.000,"(NA)"
"39540","Racine, WI (Metropolitan Statistical Area)"," ","800","Quantity indexes for real GDP by metropolitan area","40","484","   Truck transportation",96.892,97.012,101.519,107.740,108.414,109.739,98.662,100.634,100.000,135.540,146.743,147.527,143.842,141.040,"(NA)"
"39540","Racine, WI (Metropolitan Statistical Area)"," ","800","Quantity indexes for real GDP by metropolitan area","41","485","   Transit and ground passenger transportation",91.128,102.097,99.137,102.422,107.241,105.115,108.408,105.089,100.000,95.883,96.557,106.060,74.313,75.558,"(NA)"
"39540","Racine, WI (Metropolitan Statistical Area)"," ","800","Quantity indexes for real GDP by metropolitan area","42","486","   Pipeline transportation",0.000,0.000,0.000,0.000,0.000,0.000,0.000,0.000,0.000,0.000,0.000,0.000,0.000,0.000,"(NA)"
"39540","Racine, WI (Metropolitan Statistical Area)"," ","800","Quantity indexes for real GDP by metropolitan area","43","487-488, 492","   Other transportation and support activities",88.504,102.179,109.013,111.871,114.484,120.420,102.986,106.932,100.000,96.711,109.893,"(D)","(D)",102.326,"(NA)"
"39540","Racine, WI (Metropolitan Statistical Area)"," ","800","Quantity indexes for real GDP by metropolitan area","44","493","   Warehousing and storage",31.910,30.888,33.177,40.674,74.105,90.972,86.338,87.518,100.000,109.638,127.372,89.486,87.393,78.725,"(NA)"
"39540","Racine, WI (Metropolitan Statistical Area)"," ","800","Quantity indexes for real GDP by metropolitan area","45","51","  Information",103.091,109.517,92.197,93.754,98.459,98.505,108.881,117.316,100.000,93.965,87.648,87.593,91.474,89.925,125.981
"39540","Racine, WI (Metropolitan Statistical Area)"," ","800","Quantity indexes for real GDP by metropolitan area","46","511","   Publishing industries, except Internet (includes software)","(D)","(D)","(D)",105.839,"(D)","(D)",109.217,103.781,100.000,93.489,91.501,83.887,84.093,80.629,"(NA)"
"39540","Racine, WI (Metropolitan Statistical Area)"," ","800","Quantity indexes for real GDP by metropolitan area","47","512","   Motion picture and sound recording industries",283.078,269.691,283.417,253.647,175.349,74.276,119.039,661.556,100.000,49.654,54.954,"(D)","(D)",76.624,"(NA)"
"39540","Racine, WI (Metropolitan Statistical Area)"," ","800","Quantity indexes for real GDP by metropolitan area","48","515, 517","   Broadcasting and telecommunications","(D)","(D)","(D)","(D)","(D)","(D)","(D)","(D)","(D)","(D)","(D)","(D)","(D)","(D)","(NA)"
"39540","Racine, WI (Metropolitan Statistical Area)"," ","800","Quantity indexes for real GDP by metropolitan area","49","518, 519","   Data processing, internet publishing, and other information services","(D)","(D)","(D)","(D)","(D)","(D)","(D)","(D)","(D)","(D)","(D)","(D)","(D)","(D)","(NA)"
"39540","Racine, WI (Metropolitan Statistical Area)"," ","800","Quantity indexes for real GDP by metropolitan area","50","52, 53","  Finance, insurance, real estate, rental, and leasing",77.915,82.698,85.025,81.346,88.493,87.156,95.665,89.748,100.000,98.278,99.670,102.802,94.042,84.612,85.248
"39540","Racine, WI (Metropolitan Statistical Area)"," ","800","Quantity indexes for real GDP by metropolitan area","51","52","   Finance and insurance",65.201,68.085,78.864,71.216,79.638,82.391,107.912,96.600,100.000,101.481,116.081,111.942,106.749,105.250,101.917
"39540","Racine, WI (Metropolitan Statistical Area)"," ","800","Quantity indexes for real GDP by metropolitan area","52","521-522","    Federal Reserve banks, credit intermediation, and related services",46.464,57.782,65.553,63.446,67.962,70.291,102.276,97.840,100.000,104.361,125.193,117.634,107.523,99.955,"(NA)"
"39540","Racine, WI (Metropolitan Statistical Area)"," ","800","Quantity indexes for real GDP by metropolitan area","53","523","    Securities, commodity contracts, and investments","(D)","(D)","(D)",107.056,142.143,147.741,118.835,77.201,100.000,"(D)","(D)","(D)",116.776,105.574,"(NA)"
"39540","Racine, WI (Metropolitan Statistical Area)"," ","800","Quantity indexes for real GDP by metropolitan area","54","524","    Insurance carriers and related activities",97.041,73.649,85.776,88.321,102.676,105.892,117.409,95.922,100.000,97.216,98.760,100.150,104.162,122.274,"(NA)"
"39540","Racine, WI (Metropolitan Statistical Area)"," ","800","Quantity indexes for real GDP by metropolitan area","55","525","    Funds, trusts, and other financial vehicles","(D)","(D)","(D)",35.541,58.615,69.462,118.874,163.133,100.000,"(D)","(D)","(D)",44.265,58.239,"(NA)"
"39540","Racine, WI (Metropolitan Statistical Area)"," ","800","Quantity indexes for real GDP by metropolitan area","56","53","   Real estate and rental and leasing",83.997,89.674,88.094,86.249,92.819,89.590,90.370,86.867,100.000,96.985,92.898,99.106,88.775,75.797,78.204
"39540","Racine, WI (Metropolitan Statistical Area)"," ","800","Quantity indexes for real GDP by metropolitan area","57","531","    Real estate",82.207,87.180,86.497,85.001,91.650,90.177,90.751,85.787,100.000,96.223,91.465,97.185,86.209,72.525,"(NA)"
"39540","Racine, WI (Metropolitan Statistical Area)"," ","800","Quantity indexes for real GDP by metropolitan area","58","532-533","    Rental and leasing services and lessors of intangible assets",117.185,135.964,117.473,109.107,114.189,78.315,82.672,106.369,100.000,110.559,118.410,133.335,134.761,135.034,"(NA)"
"39540","Racine, WI (Metropolitan Statistical Area)"," ","800","Quantity indexes for real GDP by metropolitan area","59","54, 55, 56","  Professional and business services",99.583,109.091,108.379,115.096,115.489,112.532,113.397,118.867,100.000,100.867,109.186,105.299,100.917,99.406,100.638
"39540","Racine, WI (Metropolitan Statistical Area)"," ","800","Quantity indexes for real GDP by metropolitan area","60","54","   Professional, scientific, and technical services",105.551,114.753,114.394,121.547,115.878,115.234,114.184,123.752,100.000,89.393,88.920,82.930,73.501,73.255,75.988
"39540","Racine, WI (Metropolitan Statistical Area)"," ","800","Quantity indexes for real GDP by metropolitan area","64","55","   Management of companies and enterprises",168.547,247.467,223.306,203.166,203.088,142.959,125.504,105.385,100.000,130.582,284.707,262.812,327.195,268.734,270.749
"39540","Racine, WI (Metropolitan Statistical Area)"," ","800","Quantity indexes for real GDP by metropolitan area","65","56","   Administrative and waste management services",81.004,83.571,84.799,93.763,103.340,104.097,110.443,113.088,100.000,114.911,116.193,118.446,112.514,117.005,115.613
"39540","Racine, WI (Metropolitan Statistical Area)"," ","800","Quantity indexes for real GDP by metropolitan area","66","561","    Administrative and support services",77.667,79.878,84.411,93.633,105.117,107.190,111.438,114.096,100.000,114.697,118.767,124.436,116.326,120.454,"(NA)"
"39540","Racine, WI (Metropolitan Statistical Area)"," ","800","Quantity indexes for real GDP by metropolitan area","67","562","    Waste management and remediation services",103.141,108.139,87.321,94.591,91.438,83.297,102.099,106.441,100.000,116.287,100.096,81.097,88.633,95.301,"(NA)"
"39540","Racine, WI (Metropolitan Statistical Area)"," ","800","Quantity indexes for real GDP by metropolitan area","68","61, 62","  Educational services, health care, and social assistance",91.156,94.575,99.323,101.597,99.091,100.714,100.522,96.940,100.000,98.337,100.631,102.051,97.487,97.366,99.214
"39540","Racine, WI (Metropolitan Statistical Area)"," ","800","Quantity indexes for real GDP by metropolitan area","69","61","   Educational services",84.091,84.873,89.104,96.273,85.173,102.213,98.229,91.742,100.000,103.108,93.799,84.666,82.328,78.967,75.857
"39540","Racine, WI (Metropolitan Statistical Area)"," ","800","Quantity indexes for real GDP by metropolitan area","70","62","   Health care and social assistance",91.470,95.000,99.771,101.837,99.699,100.651,100.624,97.174,100.000,98.121,100.945,102.855,98.186,98.222,100.310
"39540","Racine, WI (Metropolitan Statistical Area)"," ","800","Quantity indexes for real GDP by metropolitan area","71","621","    Ambulatory health care services",85.576,88.971,89.815,96.609,90.016,92.123,92.171,99.647,100.000,94.501,97.771,98.895,94.281,97.816,"(NA)"
"39540","Racine, WI (Metropolitan Statistical Area)"," ","800","Quantity indexes for real GDP by metropolitan area","72","622-623","    Hospitals and nursing and residential care facilities",98.863,102.603,111.105,107.819,109.728,110.165,110.279,94.601,100.000,99.314,102.407,104.383,98.790,95.978,"(NA)"
"39540","Racine, WI (Metropolitan Statistical Area)"," ","800","Quantity indexes for real GDP by metropolitan area","73","624","    Social assistance",83.213,86.317,92.500,97.149,97.037,95.013,93.184,98.054,100.000,109.291,108.746,113.970,113.435,111.261,"(NA)"
"39540","Racine, WI (Metropolitan Statistical Area)"," ","800","Quantity indexes for real GDP by metropolitan area","74","71, 72","  Arts, entertainment, recreation, accommodation, and food services",104.568,103.181,110.640,117.541,113.838,114.102,113.965,106.878,100.000,102.053,103.631,107.852,108.863,113.526,112.922
"39540","Racine, WI (Metropolitan Statistical Area)"," ","800","Quantity indexes for real GDP by metropolitan area","75","71","   Arts, entertainment, and recreation",108.263,96.419,102.819,121.375,116.765,113.935,116.194,106.683,100.000,104.818,105.174,113.854,112.210,117.101,109.720
"39540","Racine, WI (Metropolitan Statistical Area)"," ","800","Quantity indexes for real GDP by metropolitan area","76","711-712","    Performing arts, spectator sports, museums, and related activities",88.571,88.743,101.588,114.135,120.467,113.761,103.920,92.190,100.000,97.782,98.775,96.050,102.443,104.342,"(NA)"
"39540","Racine, WI (Metropolitan Statistical Area)"," ","800","Quantity indexes for real GDP by metropolitan area","77","713","    Amusements, gambling, and recreation industries",112.975,98.321,103.220,123.230,115.918,114.063,119.150,110.458,100.000,106.669,106.855,118.564,114.795,120.480,"(NA)"
"39540","Racine, WI (Metropolitan Statistical Area)"," ","800","Quantity indexes for real GDP by metropolitan area","78","72","   Accommodation and food services",103.473,105.279,113.064,116.395,112.967,114.159,113.306,106.933,100.000,101.281,103.199,106.182,107.923,112.522,113.727
"39540","Racine, WI (Metropolitan Statistical Area)"," ","800","Quantity indexes for real GDP by metropolitan area","79","721","    Accommodation",99.731,98.459,99.325,99.988,100.587,109.926,111.510,107.033,100.000,100.797,109.734,110.126,113.558,130.604,"(NA)"
"39540","Racine, WI (Metropolitan Statistical Area)"," ","800","Quantity indexes for real GDP by metropolitan area","80","722","    Food services and drinking places",104.185,106.557,115.584,119.392,115.238,114.941,113.461,106.916,100.000,101.361,102.116,105.531,106.992,109.520,"(NA)"
"39540","Racine, WI (Metropolitan Statistical Area)"," ","800","Quantity indexes for real GDP by metropolitan area","81","81","  Other services, except government",126.539,128.431,124.008,124.762,123.559,120.166,117.563,106.056,100.000,97.086,96.110,95.220,92.656,94.261,96.729
"39540","Racine, WI (Metropolitan Statistical Area)"," ","800","Quantity indexes for real GDP by metropolitan area","82","92"," Government",96.349,99.154,100.258,98.585,97.231,95.359,95.395,98.072,100.000,98.813,98.250,98.338,94.393,94.439,93.761
"39540","Racine, WI (Metropolitan Statistical Area)"," ","800","Quantity indexes for real GDP by metropolitan area","83","...","  Federal civilian",103.902,100.928,96.498,100.157,100.655,101.737,101.053,106.354,100.000,95.422,94.039,90.760,85.290,84.781,"(NA)"
"39540","Racine, WI (Metropolitan Statistical Area)"," ","800","Quantity indexes for real GDP by metropolitan area","84","...","  Federal military",70.422,80.719,98.063,98.586,100.866,95.323,87.118,91.801,100.000,93.097,85.110,78.092,74.156,68.283,"(NA)"
"39540","Racine, WI (Metropolitan Statistical Area)"," ","800","Quantity indexes for real GDP by metropolitan area","85","...","  State and local",96.904,99.786,100.589,98.474,96.845,94.937,95.528,97.806,100.000,99.262,99.053,99.644,95.794,96.108,"(NA)"
"39540","Racine, WI (Metropolitan Statistical Area)"," ","800","Quantity indexes for real GDP by metropolitan area","86","11, 21","Natural resources and mining",90.405,95.521,97.528,90.420,82.012,124.308,87.394,62.457,100.000,"(D)","(D)","(D)","(D)","(D)",50.432
"39540","Racine, WI (Metropolitan Statistical Area)"," ","800","Quantity indexes for real GDP by metropolitan area","87","42, 44-45","Trade",102.613,103.200,107.542,114.741,115.876,117.360,115.443,108.373,100.000,98.733,97.449,96.606,98.837,102.230,107.168
"39540","Racine, WI (Metropolitan Statistical Area)"," ","800","Quantity indexes for real GDP by metropolitan area","88","...","Transportation and utilities",84.903,89.740,92.299,96.534,98.607,106.777,104.959,102.317,100.000,"(D)","(D)","(D)","(D)","(D)",100.329
"39540","Racine, WI (Metropolitan Statistical Area)"," ","800","Quantity indexes for real GDP by metropolitan area","89","...","Private goods-producing industries",131.686,128.917,130.778,134.996,124.253,131.070,122.300,108.061,100.000,"(D)","(D)","(D)","(D)","(D)",114.196
"39540","Racine, WI (Metropolitan Statistical Area)"," ","800","Quantity indexes for real GDP by metropolitan area","90","...","Private services-providing industries",93.834,97.647,99.898,102.579,104.310,104.570,106.458,102.560,100.000,"(D)","(D)","(D)","(D)","(D)",99.007
"39540","Racine, WI (Metropolitan Statistical Area)"," ","900","Real GDP by metropolitan area","1","...","All industry total",7104,7178,7307,7488,7268,7432,7279,6820,6548,7074,6954,7156,6887,6914,6824
"39540","Racine, WI (Metropolitan Statistical Area)"," ","900","Real GDP by metropolitan area","2","..."," Private industries",6365,6419,6539,6732,6523,6700,6547,6066,5780,6316,6199,6401,6162,6189,6104
"39540","Racine, WI (Metropolitan Statistical Area)"," ","900","Real GDP by metropolitan area","3","11","  Agriculture, forestry, fishing, and hunting","(D)","(D)","(D)",46,42,68,48,34,"(D)","(D)","(D)","(D)","(D)","(D)",22
"39540","Racine, WI (Metropolitan Statistical Area)"," ","900","Real GDP by metropolitan area","4","111-112","   Farms",39,41,42,38,34,59,40,27,51,29,25,19,23,16,"(NA)"
"39540","Racine, WI (Metropolitan Statistical Area)"," ","900","Real GDP by metropolitan area","5","113-115","   Forestry, fishing, and related activities","(D)","(D)","(D)",8,8,9,8,8,"(D)","(D)","(D)","(D)","(D)","(D)","(NA)"
"39540","Racine, WI (Metropolitan Statistical Area)"," ","900","Real GDP by metropolitan area","6","21","  Mining","(D)","(D)","(D)",15,13,14,10,7,"(D)",9,6,5,8,9,13
"39540","Racine, WI (Metropolitan Statistical Area)"," ","900","Real GDP by metropolitan area","7","211","   Oil and gas extraction","(L)","(L)","(L)","(L)","(L)","(L)","(L)","(L)","(L)","(L)","(L)","(L)","(L)","(L)","(NA)"
"39540","Racine, WI (Metropolitan Statistical Area)"," ","900","Real GDP by metropolitan area","8","212","   Mining, except oil and gas","(D)","(D)","(D)",15,13,14,10,7,"(D)",9,6,5,8,9,"(NA)"
"39540","Racine, WI (Metropolitan Statistical Area)"," ","900","Real GDP by metropolitan area","9","213","   Support activities for mining","(L)","(L)","(L)","(L)","(L)","(L)","(L)","(L)","(L)","(L)","(L)","(L)","(L)","(L)","(NA)"
"39540","Racine, WI (Metropolitan Statistical Area)"," ","900","Real GDP by metropolitan area","10","22","  Utilities","(D)","(D)","(D)","(D)","(D)","(D)","(D)","(D)","(D)","(D)","(D)","(D)","(D)","(D)","(D)"
"39540","Racine, WI (Metropolitan Statistical Area)"," ","900","Real GDP by metropolitan area","11","23","  Construction",409,440,426,439,359,313,285,274,244,219,217,211,212,223,226
"39540","Racine, WI (Metropolitan Statistical Area)"," ","900","Real GDP by metropolitan area","12","31-33","  Manufacturing",2890,2794,2850,2950,2759,2950,2783,2448,2243,2849,2678,2891,2754,2834,2662
"39540","Racine, WI (Metropolitan Statistical Area)"," ","900","Real GDP by metropolitan area","13","...","   Durable goods manufacturing",1222,1117,1264,1220,1215,1356,1310,1371,1042,1235,1425,1553,1556,1518,1486
"39540","Racine, WI (Metropolitan Statistical Area)"," ","900","Real GDP by metropolitan area","14","321","    Wood products manufacturing",5,5,5,5,6,6,6,3,2,1,2,2,"(D)","(D)","(NA)"
"39540","Racine, WI (Metropolitan Statistical Area)"," ","900","Real GDP by metropolitan area","15","327","    Nonmetallic mineral products manufacturing",89,92,101,91,97,87,86,110,86,77,"(D)","(D)",105,103,"(NA)"
"39540","Racine, WI (Metropolitan Statistical Area)"," ","900","Real GDP by metropolitan area","16","331","    Primary metals manufacturing",49,51,51,53,25,9,9,9,10,8,10,15,17,18,"(NA)"
"39540","Racine, WI (Metropolitan Statistical Area)"," ","900","Real GDP by metropolitan area","17","332","    Fabricated metal products",179,170,196,206,195,212,212,209,155,180,201,220,197,203,"(NA)"
"39540","Racine, WI (Metropolitan Statistical Area)"," ","900","Real GDP by metropolitan area","18","333","    Machinery manufacturing",454,336,378,367,327,385,338,376,302,348,410,438,412,398,"(NA)"
"39540","Racine, WI (Metropolitan Statistical Area)"," ","900","Real GDP by metropolitan area","19","334","    Computer and electronic products manufacturing",10,12,17,20,48,49,52,38,39,44,45,55,58,57,"(NA)"
"39540","Racine, WI (Metropolitan Statistical Area)"," ","900","Real GDP by metropolitan area","20","335","    Electrical equipment, appliance, and components manufacturing",332,287,352,295,258,326,307,283,270,301,283,305,332,347,"(NA)"
"39540","Racine, WI (Metropolitan Statistical Area)"," ","900","Real GDP by metropolitan area","21","3361-3363","    Motor vehicles, bodies and trailers, and parts manufacturing","(D)","(D)","(D)","(D)","(D)","(D)","(D)","(D)",107,193,"(D)","(D)","(D)","(D)","(NA)"
"39540","Racine, WI (Metropolitan Statistical Area)"," ","900","Real GDP by metropolitan area","22","3364-3366, 3369","    Other transportation equipment manufacturing","(D)","(D)","(D)","(D)","(D)","(D)","(D)","(D)",11,13,21,16,18,17,"(NA)"
"39540","Racine, WI (Metropolitan Statistical Area)"," ","900","Real GDP by metropolitan area","23","337","    Furniture and related products manufacturing",10,9,10,11,11,10,10,10,6,6,6,6,6,6,"(NA)"
"39540","Racine, WI (Metropolitan Statistical Area)"," ","900","Real GDP by metropolitan area","24","339","    Miscellaneous manufacturing",51,57,55,59,64,68,63,64,56,66,68,84,104,81,"(NA)"
"39540","Racine, WI (Metropolitan Statistical Area)"," ","900","Real GDP by metropolitan area","25","...","   Nondurable goods manufacturing",1694,1714,1601,1761,1562,1608,1483,1078,1201,1612,1272,1360,1229,1338,1203
"39540","Racine, WI (Metropolitan Statistical Area)"," ","900","Real GDP by metropolitan area","26","311-312","    Food and beverage and tobacco products manufacturing","(D)","(D)","(D)","(D)",114,"(D)",116,100,"(D)","(D)","(D)",148,149,142,"(NA)"
"39540","Racine, WI (Metropolitan Statistical Area)"," ","900","Real GDP by metropolitan area","27","313-314","    Textile mills and textile product mills",1,1,1,"(D)","(D)","(D)","(D)","(D)","(D)","(D)","(D)",5,6,8,"(NA)"
"39540","Racine, WI (Metropolitan Statistical Area)"," ","900","Real GDP by metropolitan area","28","315-316","    Apparel and leather and allied products manufacturing","(D)","(D)","(D)","(D)","(D)","(D)","(D)","(D)","(D)","(D)","(D)","(D)","(D)","(D)","(NA)"
"39540","Racine, WI (Metropolitan Statistical Area)"," ","900","Real GDP by metropolitan area","29","322","    Paper products manufacturing",58,62,65,62,61,67,61,53,59,54,57,63,60,75,"(NA)"
"39540","Racine, WI (Metropolitan Statistical Area)"," ","900","Real GDP by metropolitan area","30","323","    Printing and related support activities",39,42,45,35,32,36,39,41,36,34,35,43,45,45,"(NA)"
"39540","Racine, WI (Metropolitan Statistical Area)"," ","900","Real GDP by metropolitan area","31","324","    Petroleum and coal products manufacturing","(L)","(L)","(L)","(L)","(L)","(L)","(L)","(L)","(L)","(L)","(D)","(L)","(L)","(L)","(NA)"
"39540","Racine, WI (Metropolitan Statistical Area)"," ","900","Real GDP by metropolitan area","32","325","    Chemical products manufacturing",1399,1422,1306,1467,1262,1306,"(D)","(D)","(D)","(D)","(D)","(D)","(D)","(D)","(NA)"
"39540","Racine, WI (Metropolitan Statistical Area)"," ","900","Real GDP by metropolitan area","33","326","    Plastics and rubber products manufacturing",77,69,70,87,95,89,84,74,72,75,65,68,73,81,"(NA)"
"39540","Racine, WI (Metropolitan Statistical Area)"," ","900","Real GDP by metropolitan area","34","42","  Wholesale trade",358,350,366,414,432,455,459,410,360,361,340,346,352,366,383
"39540","Racine, WI (Metropolitan Statistical Area)"," ","900","Real GDP by metropolitan area","35","44-45","  Retail trade",407,419,435,442,434,422,405,400,387,377,388,376,386,398,417
"39540","Racine, WI (Metropolitan Statistical Area)"," ","900","Real GDP by metropolitan area","36","48-49","  Transportation and warehousing","(D)","(D)","(D)","(D)","(D)","(D)","(D)","(D)","(D)","(D)","(D)","(D)","(D)","(D)","(D)"
"39540","Racine, WI (Metropolitan Statistical Area)"," ","900","Real GDP by metropolitan area","37","481","   Air transportation","(D)","(D)","(D)","(D)","(D)","(D)","(D)","(D)","(D)","(D)","(D)","(D)","(D)","(D)","(NA)"
"39540","Racine, WI (Metropolitan Statistical Area)"," ","900","Real GDP by metropolitan area","38","482","   Rail transportation",2,2,2,2,2,2,2,2,2,2,2,2,3,3,"(NA)"
"39540","Racine, WI (Metropolitan Statistical Area)"," ","900","Real GDP by metropolitan area","39","483","   Water transportation","(L)","(L)","(L)","(L)","(L)","(L)","(L)","(L)","(L)","(L)","(L)","(L)","(L)","(L)","(NA)"
"39540","Racine, WI (Metropolitan Statistical Area)"," ","900","Real GDP by metropolitan area","40","484","   Truck transportation",61,61,64,68,68,69,62,63,63,85,92,93,91,89,"(NA)"
"39540","Racine, WI (Metropolitan Statistical Area)"," ","900","Real GDP by metropolitan area","41","485","   Transit and ground passenger transportation",22,25,24,25,26,25,26,25,24,23,23,26,18,18,"(NA)"
"39540","Racine, WI (Metropolitan Statistical Area)"," ","900","Real GDP by metropolitan area","42","486","   Pipeline transportation","(L)","(L)","(L)","(L)","(L)","(L)","(L)","(L)","(L)","(L)","(L)","(L)","(L)","(L)","(NA)"
"39540","Racine, WI (Metropolitan Statistical Area)"," ","900","Real GDP by metropolitan area","43","487-488, 492","   Other transportation and support activities",19,22,24,24,25,26,22,23,22,21,24,"(D)","(D)",22,"(NA)"
"39540","Racine, WI (Metropolitan Statistical Area)"," ","900","Real GDP by metropolitan area","44","493","   Warehousing and storage",8,7,8,10,17,21,20,21,24,26,30,21,21,19,"(NA)"
"39540","Racine, WI (Metropolitan Statistical Area)"," ","900","Real GDP by metropolitan area","45","51","  Information",78,83,70,71,75,75,82,89,76,71,66,66,69,68,95
"39540","Racine, WI (Metropolitan Statistical Area)"," ","900","Real GDP by metropolitan area","46","511","   Publishing industries, except Internet (includes software)","(D)","(D)","(D)",31,"(D)","(D)",32,30,29,27,27,25,25,24,"(NA)"
"39540","Racine, WI (Metropolitan Statistical Area)"," ","900","Real GDP by metropolitan area","47","512","   Motion picture and sound recording industries",5,5,5,5,3,1,2,12,2,1,1,"(D)","(D)",1,"(NA)"
"39540","Racine, WI (Metropolitan Statistical Area)"," ","900","Real GDP by metropolitan area","48","515, 517","   Broadcasting and telecommunications","(D)","(D)","(D)","(D)","(D)","(D)","(D)","(D)","(D)","(D)","(D)","(D)","(D)","(D)","(NA)"
"39540","Racine, WI (Metropolitan Statistical Area)"," ","900","Real GDP by metropolitan area","49","518, 519","   Data processing, internet publishing, and other information services",1,2,2,"(D)",2,"(D)","(D)","(D)","(D)","(D)","(D)","(D)",1,"(D)","(NA)"
"39540","Racine, WI (Metropolitan Statistical Area)"," ","900","Real GDP by metropolitan area","50","52, 53","  Finance, insurance, real estate, rental, and leasing",615,653,671,642,699,688,755,709,790,776,787,812,743,668,673
"39540","Racine, WI (Metropolitan Statistical Area)"," ","900","Real GDP by metropolitan area","51","52","   Finance and insurance",145,152,176,159,178,184,241,215,223,226,259,250,238,235,227
"39540","Racine, WI (Metropolitan Statistical Area)"," ","900","Real GDP by metropolitan area","52","521-522","    Federal Reserve banks, credit intermediation, and related services",70,87,99,96,103,106,154,148,151,157,189,177,162,151,"(NA)"
"39540","Racine, WI (Metropolitan Statistical Area)"," ","900","Real GDP by metropolitan area","53","523","    Securities, commodity contracts, and investments","(D)","(D)","(D)",13,18,18,15,10,12,"(D)","(D)","(D)",15,13,"(NA)"
"39540","Racine, WI (Metropolitan Statistical Area)"," ","900","Real GDP by metropolitan area","54","524","    Insurance carriers and related activities",57,43,50,52,60,62,69,56,58,57,58,59,61,72,"(NA)"
"39540","Racine, WI (Metropolitan Statistical Area)"," ","900","Real GDP by metropolitan area","55","525","    Funds, trusts, and other financial vehicles","(D)","(D)","(D)","(L)",1,1,1,2,1,"(D)","(D)","(D)",1,1,"(NA)"
"39540","Racine, WI (Metropolitan Statistical Area)"," ","900","Real GDP by metropolitan area","56","53","   Real estate and rental and leasing",476,508,499,489,526,508,512,492,567,550,526,562,503,429,443
"39540","Racine, WI (Metropolitan Statistical Area)"," ","900","Real GDP by metropolitan area","57","531","    Real estate",441,468,464,456,492,484,487,460,537,516,491,521,463,389,"(NA)"
"39540","Racine, WI (Metropolitan Statistical Area)"," ","900","Real GDP by metropolitan area","58","532-533","    Rental and leasing services and lessors of intangible assets",35,41,35,33,34,24,25,32,30,33,36,40,41,41,"(NA)"
"39540","Racine, WI (Metropolitan Statistical Area)"," ","900","Real GDP by metropolitan area","59","54, 55, 56","  Professional and business services",444,487,484,514,515,502,506,530,446,450,487,470,450,444,449
"39540","Racine, WI (Metropolitan Statistical Area)"," ","900","Real GDP by metropolitan area","60","54","   Professional, scientific, and technical services",273,297,296,315,300,298,296,320,259,231,230,215,190,190,197
"39540","Racine, WI (Metropolitan Statistical Area)"," ","900","Real GDP by metropolitan area","64","55","   Management of companies and enterprises",40,59,53,48,48,34,30,25,24,31,67,62,77,64,64
"39540","Racine, WI (Metropolitan Statistical Area)"," ","900","Real GDP by metropolitan area","65","56","   Administrative and waste management services",133,137,139,154,169,170,181,185,164,188,190,194,184,192,189
"39540","Racine, WI (Metropolitan Statistical Area)"," ","900","Real GDP by metropolitan area","66","561","    Administrative and support services",110,113,120,133,149,152,158,162,142,163,169,177,165,171,"(NA)"
"39540","Racine, WI (Metropolitan Statistical Area)"," ","900","Real GDP by metropolitan area","67","562","    Waste management and remediation services",22,23,19,21,20,18,22,23,22,25,22,18,19,21,"(NA)"
"39540","Racine, WI (Metropolitan Statistical Area)"," ","900","Real GDP by metropolitan area","68","61, 62","  Educational services, health care, and social assistance",585,607,638,652,636,647,645,622,642,631,646,655,626,625,637
"39540","Racine, WI (Metropolitan Statistical Area)"," ","900","Real GDP by metropolitan area","69","61","   Educational services",23,24,25,27,24,28,27,25,28,29,26,23,23,22,21
"39540","Racine, WI (Metropolitan Statistical Area)"," ","900","Real GDP by metropolitan area","70","62","   Health care and social assistance",562,584,613,626,613,618,618,597,614,603,620,632,603,603,616
"39540","Racine, WI (Metropolitan Statistical Area)"," ","900","Real GDP by metropolitan area","71","621","    Ambulatory health care services",234,243,245,264,246,251,252,272,273,258,267,270,257,267,"(NA)"
"39540","Racine, WI (Metropolitan Statistical Area)"," ","900","Real GDP by metropolitan area","72","622-623","    Hospitals and nursing and residential care facilities",280,291,315,305,311,312,312,268,283,281,290,296,280,272,"(NA)"
"39540","Racine, WI (Metropolitan Statistical Area)"," ","900","Real GDP by metropolitan area","73","624","    Social assistance",49,50,54,57,57,55,54,57,58,64,63,66,66,65,"(NA)"
"39540","Racine, WI (Metropolitan Statistical Area)"," ","900","Real GDP by metropolitan area","74","71, 72","  Arts, entertainment, recreation, accommodation, and food services",175,173,185,197,190,191,191,179,167,171,173,180,182,190,189
"39540","Racine, WI (Metropolitan Statistical Area)"," ","900","Real GDP by metropolitan area","75","71","   Arts, entertainment, and recreation",40,35,38,45,43,42,43,39,37,38,39,42,41,43,40
"39540","Racine, WI (Metropolitan Statistical Area)"," ","900","Real GDP by metropolitan area","76","711-712","    Performing arts, spectator sports, museums, and related activities",7,7,8,9,9,9,8,7,8,7,7,7,8,8,"(NA)"
"39540","Racine, WI (Metropolitan Statistical Area)"," ","900","Real GDP by metropolitan area","77","713","    Amusements, gambling, and recreation industries",33,29,30,36,34,33,35,32,29,31,31,35,33,35,"(NA)"
"39540","Racine, WI (Metropolitan Statistical Area)"," ","900","Real GDP by metropolitan area","78","72","   Accommodation and food services",135,138,148,152,148,149,148,140,131,132,135,139,141,147,149
"39540","Racine, WI (Metropolitan Statistical Area)"," ","900","Real GDP by metropolitan area","79","721","    Accommodation",19,18,18,19,19,20,21,20,19,19,20,20,21,24,"(NA)"
"39540","Racine, WI (Metropolitan Statistical Area)"," ","900","Real GDP by metropolitan area","80","722","    Food services and drinking places",117,119,129,134,129,129,127,120,112,114,114,118,120,123,"(NA)"
"39540","Racine, WI (Metropolitan Statistical Area)"," ","900","Real GDP by metropolitan area","81","81","  Other services, except government",192,195,189,190,188,183,179,161,152,148,146,145,141,143,147
"39540","Racine, WI (Metropolitan Statistical Area)"," ","900","Real GDP by metropolitan area","82","92"," Government",741,762,771,758,748,733,733,754,769,760,755,756,726,726,721
"39540","Racine, WI (Metropolitan Statistical Area)"," ","900","Real GDP by metropolitan area","83","...","  Federal civilian",46,44,43,44,44,45,45,47,44,42,41,40,38,37,"(NA)"
"39540","Racine, WI (Metropolitan Statistical Area)"," ","900","Real GDP by metropolitan area","84","...","  Federal military",20,23,28,28,29,27,25,26,28,26,24,22,21,19,"(NA)"
"39540","Racine, WI (Metropolitan Statistical Area)"," ","900","Real GDP by metropolitan area","85","...","  State and local",675,695,701,686,674,661,665,681,696,691,690,694,667,669,"(NA)"
"39540","Racine, WI (Metropolitan Statistical Area)"," ","900","Real GDP by metropolitan area","86","11, 21","Natural resources and mining",59,62,63,59,53,81,57,41,65,"(D)","(D)","(D)","(D)","(D)",33
"39540","Racine, WI (Metropolitan Statistical Area)"," ","900","Real GDP by metropolitan area","87","42, 44-45","Trade",766,771,803,857,865,877,862,809,747,737,728,722,738,764,800
"39540","Racine, WI (Metropolitan Statistical Area)"," ","900","Real GDP by metropolitan area","88","...","Transportation and utilities",177,187,192,201,205,222,218,213,208,"(D)","(D)","(D)","(D)","(D)",209
"39540","Racine, WI (Metropolitan Statistical Area)"," ","900","Real GDP by metropolitan area","89","...","Private goods-producing industries",3360,3289,3337,3445,3170,3344,3121,2757,2552,"(D)","(D)","(D)","(D)","(D)",2914
"39540","Racine, WI (Metropolitan Statistical Area)"," ","900","Real GDP by metropolitan area","90","...","Private services-providing industries",3029,3152,3225,3311,3367,3375,3436,3311,3228,"(D)","(D)","(D)","(D)","(D)",3196
"39540","Racine, WI (Metropolitan Statistical Area)"," ","1000","Per capita real GDP by metropolitan area","1","...","All industry total",37576,37810,38285,39040,37611,38326,37443,35021,33559,36196,35664,36755,35331,35427,34981
"Note: See the included footnote file."
NAICS Industry detail is based on the 2007 North American Industry Classification System (NAICS).
"Source: U.S. Department of Commerce / Bureau of Economic Analysis / Regional Product Division"
