"GeoFIPS","GeoName","Region","ComponentId","ComponentName","IndustryId","IndustryClassification","Description","2001","2002","2003","2004","2005","2006","2007","2008","2009","2010","2011","2012","2013","2014","2015"
"30980","Longview, TX (Metropolitan Statistical Area)"," ","200","Gross domestic product (GDP) by metropolitan area","1","...","All industry total",5547,5608,6033,6652,7482,8489,9183,10629,9471,10472,10530,11138,11570,12067,11070
"30980","Longview, TX (Metropolitan Statistical Area)"," ","200","Gross domestic product (GDP) by metropolitan area","2","..."," Private industries",5033,5075,5483,6106,6909,7899,8549,9972,8773,9734,9815,10407,10820,11291,10268
"30980","Longview, TX (Metropolitan Statistical Area)"," ","200","Gross domestic product (GDP) by metropolitan area","3","11","  Agriculture, forestry, fishing, and hunting",75,87,77,84,62,48,50,38,35,54,37,68,81,110,124
"30980","Longview, TX (Metropolitan Statistical Area)"," ","200","Gross domestic product (GDP) by metropolitan area","4","111-112","   Farms",54,69,63,69,48,31,33,21,21,39,23,52,66,94,"(NA)"
"30980","Longview, TX (Metropolitan Statistical Area)"," ","200","Gross domestic product (GDP) by metropolitan area","5","113-115","   Forestry, fishing, and related activities",21,18,14,15,14,16,16,17,14,15,14,16,15,16,"(NA)"
"30980","Longview, TX (Metropolitan Statistical Area)"," ","200","Gross domestic product (GDP) by metropolitan area","6","21","  Mining",673,572,793,888,1200,1511,1812,2940,1833,2061,2615,2635,2654,2757,1856
"30980","Longview, TX (Metropolitan Statistical Area)"," ","200","Gross domestic product (GDP) by metropolitan area","7","211","   Oil and gas extraction","(D)","(D)","(D)","(D)","(D)","(D)","(D)","(D)","(D)","(D)","(D)","(D)","(D)","(D)","(NA)"
"30980","Longview, TX (Metropolitan Statistical Area)"," ","200","Gross domestic product (GDP) by metropolitan area","8","212","   Mining, except oil and gas","(D)","(D)","(D)","(D)","(D)","(D)","(D)","(D)","(D)","(D)","(D)","(D)","(D)","(D)","(NA)"
"30980","Longview, TX (Metropolitan Statistical Area)"," ","200","Gross domestic product (GDP) by metropolitan area","9","213","   Support activities for mining","(D)",185,254,"(D)","(D)","(D)","(D)",869,606,724,977,999,916,975,"(NA)"
"30980","Longview, TX (Metropolitan Statistical Area)"," ","200","Gross domestic product (GDP) by metropolitan area","10","22","  Utilities",225,214,233,234,259,275,266,216,289,311,298,291,288,299,300
"30980","Longview, TX (Metropolitan Statistical Area)"," ","200","Gross domestic product (GDP) by metropolitan area","11","23","  Construction",306,320,322,330,390,432,504,544,560,657,662,788,872,928,929
"30980","Longview, TX (Metropolitan Statistical Area)"," ","200","Gross domestic product (GDP) by metropolitan area","12","31-33","  Manufacturing",1043,1052,1111,1442,1551,1851,1865,1781,1591,1878,1318,1385,1476,1477,1438
"30980","Longview, TX (Metropolitan Statistical Area)"," ","200","Gross domestic product (GDP) by metropolitan area","13","...","   Durable goods manufacturing",591,541,551,"(D)","(D)","(D)",943,966,762,819,993,1030,1051,1079,1010
"30980","Longview, TX (Metropolitan Statistical Area)"," ","200","Gross domestic product (GDP) by metropolitan area","14","321","    Wood products manufacturing",21,23,"(D)","(D)","(D)","(D)","(D)","(D)","(D)","(D)","(D)","(D)","(D)","(D)","(NA)"
"30980","Longview, TX (Metropolitan Statistical Area)"," ","200","Gross domestic product (GDP) by metropolitan area","15","327","    Nonmetallic mineral products manufacturing","(D)","(D)","(D)","(D)","(D)","(D)","(D)",22,"(D)","(D)","(D)","(D)",19,20,"(NA)"
"30980","Longview, TX (Metropolitan Statistical Area)"," ","200","Gross domestic product (GDP) by metropolitan area","16","331","    Primary metals manufacturing","(D)",24,24,54,47,59,59,61,42,44,63,63,"(D)","(D)","(NA)"
"30980","Longview, TX (Metropolitan Statistical Area)"," ","200","Gross domestic product (GDP) by metropolitan area","17","332","    Fabricated metal products",146,119,114,127,154,"(D)",222,236,185,181,231,270,268,288,"(NA)"
"30980","Longview, TX (Metropolitan Statistical Area)"," ","200","Gross domestic product (GDP) by metropolitan area","18","333","    Machinery manufacturing",131,115,127,192,"(D)","(D)","(D)",335,268,"(D)",389,368,337,314,"(NA)"
"30980","Longview, TX (Metropolitan Statistical Area)"," ","200","Gross domestic product (GDP) by metropolitan area","19","334","    Computer and electronic products manufacturing",38,54,41,76,66,"(D)","(D)","(D)",115,126,120,92,87,79,"(NA)"
"30980","Longview, TX (Metropolitan Statistical Area)"," ","200","Gross domestic product (GDP) by metropolitan area","20","335","    Electrical equipment, appliance, and components manufacturing","(D)","(D)","(D)","(D)","(D)","(D)","(D)","(D)","(D)","(D)","(D)","(D)","(D)","(D)","(NA)"
"30980","Longview, TX (Metropolitan Statistical Area)"," ","200","Gross domestic product (GDP) by metropolitan area","21","3361-3363","    Motor vehicles, bodies and trailers, and parts manufacturing","(D)","(D)","(D)","(D)","(D)","(D)","(D)","(D)","(D)","(D)","(D)","(D)","(D)","(D)","(NA)"
"30980","Longview, TX (Metropolitan Statistical Area)"," ","200","Gross domestic product (GDP) by metropolitan area","22","3364-3366, 3369","    Other transportation equipment manufacturing","(D)","(D)","(D)","(D)","(D)","(D)","(D)","(D)","(D)",44,64,"(D)",166,201,"(NA)"
"30980","Longview, TX (Metropolitan Statistical Area)"," ","200","Gross domestic product (GDP) by metropolitan area","23","337","    Furniture and related products manufacturing","(D)","(D)","(D)","(D)","(D)","(D)","(D)","(D)","(D)","(D)","(D)","(D)",7,7,"(NA)"
"30980","Longview, TX (Metropolitan Statistical Area)"," ","200","Gross domestic product (GDP) by metropolitan area","24","339","    Miscellaneous manufacturing","(D)","(D)","(D)","(D)","(D)","(D)","(D)","(D)","(D)","(D)","(D)","(D)",25,24,"(NA)"
"30980","Longview, TX (Metropolitan Statistical Area)"," ","200","Gross domestic product (GDP) by metropolitan area","25","...","   Nondurable goods manufacturing",451,511,560,"(D)","(D)","(D)",922,815,829,1059,325,355,425,398,428
"30980","Longview, TX (Metropolitan Statistical Area)"," ","200","Gross domestic product (GDP) by metropolitan area","26","311-312","    Food and beverage and tobacco products manufacturing","(D)","(D)","(D)","(D)","(D)","(D)","(D)","(D)","(D)","(D)","(D)","(D)",50,60,"(NA)"
"30980","Longview, TX (Metropolitan Statistical Area)"," ","200","Gross domestic product (GDP) by metropolitan area","27","313-314","    Textile mills and textile product mills","(D)","(L)","(L)","(D)","(D)","(D)","(D)","(D)","(D)","(D)","(D)","(D)","(D)","(D)","(NA)"
"30980","Longview, TX (Metropolitan Statistical Area)"," ","200","Gross domestic product (GDP) by metropolitan area","28","315-316","    Apparel and leather and allied products manufacturing","(D)","(D)","(D)","(D)","(D)","(D)","(D)","(D)","(D)","(D)","(D)","(D)","(D)","(D)","(NA)"
"30980","Longview, TX (Metropolitan Statistical Area)"," ","200","Gross domestic product (GDP) by metropolitan area","29","322","    Paper products manufacturing","(D)","(D)","(D)",8,7,8,7,7,9,8,6,"(D)","(D)","(D)","(NA)"
"30980","Longview, TX (Metropolitan Statistical Area)"," ","200","Gross domestic product (GDP) by metropolitan area","30","323","    Printing and related support activities","(D)","(D)","(D)","(D)","(D)","(D)","(D)","(D)","(D)","(D)","(D)","(D)",7,7,"(NA)"
"30980","Longview, TX (Metropolitan Statistical Area)"," ","200","Gross domestic product (GDP) by metropolitan area","31","324","    Petroleum and coal products manufacturing","(D)","(D)","(D)","(D)","(D)","(D)","(D)","(D)","(D)","(D)","(D)","(D)",192,"(D)","(NA)"
"30980","Longview, TX (Metropolitan Statistical Area)"," ","200","Gross domestic product (GDP) by metropolitan area","32","325","    Chemical products manufacturing","(D)","(D)","(D)","(D)","(D)","(D)","(D)","(D)","(D)","(D)","(D)","(D)",87,84,"(NA)"
"30980","Longview, TX (Metropolitan Statistical Area)"," ","200","Gross domestic product (GDP) by metropolitan area","33","326","    Plastics and rubber products manufacturing","(D)","(D)","(D)","(D)","(D)","(D)","(D)","(D)","(D)","(D)","(D)","(D)","(D)","(D)","(NA)"
"30980","Longview, TX (Metropolitan Statistical Area)"," ","200","Gross domestic product (GDP) by metropolitan area","34","42","  Wholesale trade",291,308,318,364,439,521,586,717,720,825,868,957,1087,1131,1031
"30980","Longview, TX (Metropolitan Statistical Area)"," ","200","Gross domestic product (GDP) by metropolitan area","35","44-45","  Retail trade",518,530,542,546,671,731,745,737,743,775,765,788,800,819,773
"30980","Longview, TX (Metropolitan Statistical Area)"," ","200","Gross domestic product (GDP) by metropolitan area","36","48-49","  Transportation and warehousing",181,162,172,200,194,204,221,260,257,279,290,342,351,358,333
"30980","Longview, TX (Metropolitan Statistical Area)"," ","200","Gross domestic product (GDP) by metropolitan area","37","481","   Air transportation","(D)","(D)",1,"(D)","(D)","(D)","(D)","(D)","(D)",3,4,"(D)","(D)",3,"(NA)"
"30980","Longview, TX (Metropolitan Statistical Area)"," ","200","Gross domestic product (GDP) by metropolitan area","38","482","   Rail transportation",37,37,38,39,44,48,49,55,45,50,55,60,60,63,"(NA)"
"30980","Longview, TX (Metropolitan Statistical Area)"," ","200","Gross domestic product (GDP) by metropolitan area","39","483","   Water transportation","(L)","(L)","(L)","(L)","(L)",1,1,1,"(L)","(L)","(L)","(L)","(L)","(L)","(NA)"
"30980","Longview, TX (Metropolitan Statistical Area)"," ","200","Gross domestic product (GDP) by metropolitan area","40","484","   Truck transportation",59,46,50,66,89,87,97,117,114,116,118,147,164,163,"(NA)"
"30980","Longview, TX (Metropolitan Statistical Area)"," ","200","Gross domestic product (GDP) by metropolitan area","41","485","   Transit and ground passenger transportation","(D)","(D)","(D)",1,"(D)","(D)","(D)","(D)",4,4,3,3,"(D)",4,"(NA)"
"30980","Longview, TX (Metropolitan Statistical Area)"," ","200","Gross domestic product (GDP) by metropolitan area","42","486","   Pipeline transportation","(D)","(D)","(D)","(D)","(D)","(D)","(D)","(D)","(D)","(D)","(D)","(D)",56,59,"(NA)"
"30980","Longview, TX (Metropolitan Statistical Area)"," ","200","Gross domestic product (GDP) by metropolitan area","43","487-488, 492","   Other transportation and support activities","(D)","(D)","(D)","(D)","(D)","(D)","(D)","(D)","(D)","(D)","(D)","(D)","(D)","(D)","(NA)"
"30980","Longview, TX (Metropolitan Statistical Area)"," ","200","Gross domestic product (GDP) by metropolitan area","44","493","   Warehousing and storage","(D)","(D)",4,5,6,7,6,9,8,7,"(D)","(D)",16,"(D)","(NA)"
"30980","Longview, TX (Metropolitan Statistical Area)"," ","200","Gross domestic product (GDP) by metropolitan area","45","51","  Information",211,253,272,283,297,296,318,389,344,359,352,379,384,429,454
"30980","Longview, TX (Metropolitan Statistical Area)"," ","200","Gross domestic product (GDP) by metropolitan area","46","511","   Publishing industries, except Internet (includes software)","(D)","(D)","(D)","(D)","(D)","(D)","(D)","(D)","(D)","(D)","(D)","(D)","(D)",68,"(NA)"
"30980","Longview, TX (Metropolitan Statistical Area)"," ","200","Gross domestic product (GDP) by metropolitan area","47","512","   Motion picture and sound recording industries",7,8,9,9,7,9,12,10,12,14,12,"(D)","(D)","(D)","(NA)"
"30980","Longview, TX (Metropolitan Statistical Area)"," ","200","Gross domestic product (GDP) by metropolitan area","48","515, 517","   Broadcasting and telecommunications","(D)","(D)","(D)","(D)","(D)","(D)","(D)","(D)","(D)","(D)","(D)","(D)",281,324,"(NA)"
"30980","Longview, TX (Metropolitan Statistical Area)"," ","200","Gross domestic product (GDP) by metropolitan area","49","518, 519","   Data processing, internet publishing, and other information services","(D)","(D)","(D)","(D)","(D)","(D)","(D)","(D)","(D)","(D)","(D)","(D)",4,"(D)","(NA)"
"30980","Longview, TX (Metropolitan Statistical Area)"," ","200","Gross domestic product (GDP) by metropolitan area","50","52, 53","  Finance, insurance, real estate, rental, and leasing",381,388,381,398,476,544,616,638,649,698,702,762,783,850,851
"30980","Longview, TX (Metropolitan Statistical Area)"," ","200","Gross domestic product (GDP) by metropolitan area","51","52","   Finance and insurance",190,204,210,189,208,227,227,226,231,240,255,268,284,290,288
"30980","Longview, TX (Metropolitan Statistical Area)"," ","200","Gross domestic product (GDP) by metropolitan area","52","521-522","    Federal Reserve banks, credit intermediation, and related services","(D)","(D)","(D)","(D)","(D)","(D)","(D)","(D)","(D)","(D)","(D)",153,154,145,"(NA)"
"30980","Longview, TX (Metropolitan Statistical Area)"," ","200","Gross domestic product (GDP) by metropolitan area","53","523","    Securities, commodity contracts, and investments",24,26,32,14,"(D)","(D)","(D)","(D)","(D)",28,27,"(D)",33,38,"(NA)"
"30980","Longview, TX (Metropolitan Statistical Area)"," ","200","Gross domestic product (GDP) by metropolitan area","54","524","    Insurance carriers and related activities",65,"(D)",78,85,"(D)","(D)",89,"(D)","(D)",80,83,83,97,107,"(NA)"
"30980","Longview, TX (Metropolitan Statistical Area)"," ","200","Gross domestic product (GDP) by metropolitan area","55","525","    Funds, trusts, and other financial vehicles","(D)","(D)","(D)","(D)","(L)","(L)","(L)","(L)","(D)","(D)","(D)","(D)","(L)","(L)","(NA)"
"30980","Longview, TX (Metropolitan Statistical Area)"," ","200","Gross domestic product (GDP) by metropolitan area","56","53","   Real estate and rental and leasing",191,184,170,209,268,317,388,412,418,458,447,494,499,559,563
"30980","Longview, TX (Metropolitan Statistical Area)"," ","200","Gross domestic product (GDP) by metropolitan area","57","531","    Real estate","(D)",89,"(D)","(D)","(D)","(D)","(D)","(D)","(D)","(D)","(D)",244,242,"(D)","(NA)"
"30980","Longview, TX (Metropolitan Statistical Area)"," ","200","Gross domestic product (GDP) by metropolitan area","58","532-533","    Rental and leasing services and lessors of intangible assets","(D)",96,"(D)","(D)","(D)","(D)","(D)","(D)","(D)","(D)","(D)",250,257,"(D)","(NA)"
"30980","Longview, TX (Metropolitan Statistical Area)"," ","200","Gross domestic product (GDP) by metropolitan area","59","54, 55, 56","  Professional and business services",319,323,366,391,384,444,498,603,578,631,658,683,705,747,727
"30980","Longview, TX (Metropolitan Statistical Area)"," ","200","Gross domestic product (GDP) by metropolitan area","60","54","   Professional, scientific, and technical services","(D)","(D)","(D)","(D)","(D)",239,"(D)","(D)","(D)","(D)","(D)","(D)","(D)","(D)","(D)"
"30980","Longview, TX (Metropolitan Statistical Area)"," ","200","Gross domestic product (GDP) by metropolitan area","64","55","   Management of companies and enterprises","(D)","(D)","(D)","(D)","(D)","(D)","(D)","(D)","(D)","(D)","(D)","(D)",31,"(D)","(D)"
"30980","Longview, TX (Metropolitan Statistical Area)"," ","200","Gross domestic product (GDP) by metropolitan area","65","56","   Administrative and waste management services","(D)","(D)","(D)","(D)","(D)","(D)","(D)","(D)","(D)","(D)","(D)","(D)","(D)","(D)",290
"30980","Longview, TX (Metropolitan Statistical Area)"," ","200","Gross domestic product (GDP) by metropolitan area","66","561","    Administrative and support services","(D)","(D)","(D)",112,129,"(D)","(D)","(D)","(D)","(D)","(D)","(D)","(D)","(D)","(NA)"
"30980","Longview, TX (Metropolitan Statistical Area)"," ","200","Gross domestic product (GDP) by metropolitan area","67","562","    Waste management and remediation services",31,13,15,"(D)","(D)","(D)","(D)","(D)","(D)","(D)","(D)","(D)",26,"(D)","(NA)"
"30980","Longview, TX (Metropolitan Statistical Area)"," ","200","Gross domestic product (GDP) by metropolitan area","68","61, 62","  Educational services, health care, and social assistance",466,501,535,576,598,631,644,679,736,758,789,829,831,850,916
"30980","Longview, TX (Metropolitan Statistical Area)"," ","200","Gross domestic product (GDP) by metropolitan area","69","61","   Educational services","(D)","(D)",46,51,52,"(D)",59,"(D)","(D)","(D)",73,"(D)","(D)",79,84
"30980","Longview, TX (Metropolitan Statistical Area)"," ","200","Gross domestic product (GDP) by metropolitan area","70","62","   Health care and social assistance","(D)","(D)",489,525,546,"(D)",585,"(D)","(D)","(D)",715,"(D)","(D)",772,832
"30980","Longview, TX (Metropolitan Statistical Area)"," ","200","Gross domestic product (GDP) by metropolitan area","71","621","    Ambulatory health care services",209,225,233,250,269,283,304,329,352,358,370,389,392,414,"(NA)"
"30980","Longview, TX (Metropolitan Statistical Area)"," ","200","Gross domestic product (GDP) by metropolitan area","72","622-623","    Hospitals and nursing and residential care facilities","(D)","(D)","(D)",255,"(D)","(D)","(D)","(D)","(D)","(D)","(D)","(D)","(D)","(D)","(NA)"
"30980","Longview, TX (Metropolitan Statistical Area)"," ","200","Gross domestic product (GDP) by metropolitan area","73","624","    Social assistance","(D)","(D)","(D)",20,"(D)","(D)","(D)","(D)","(D)",24,"(D)","(D)","(D)","(D)","(NA)"
"30980","Longview, TX (Metropolitan Statistical Area)"," ","200","Gross domestic product (GDP) by metropolitan area","74","71, 72","  Arts, entertainment, recreation, accommodation, and food services",180,183,182,180,183,192,198,208,215,224,233,249,259,279,289
"30980","Longview, TX (Metropolitan Statistical Area)"," ","200","Gross domestic product (GDP) by metropolitan area","75","71","   Arts, entertainment, and recreation","(D)",14,14,13,13,14,15,19,21,23,22,24,26,27,31
"30980","Longview, TX (Metropolitan Statistical Area)"," ","200","Gross domestic product (GDP) by metropolitan area","76","711-712","    Performing arts, spectator sports, museums, and related activities","(D)","(D)","(D)","(D)","(D)","(D)","(D)","(D)","(D)","(D)","(D)",3,3,"(D)","(NA)"
"30980","Longview, TX (Metropolitan Statistical Area)"," ","200","Gross domestic product (GDP) by metropolitan area","77","713","    Amusements, gambling, and recreation industries","(D)","(D)","(D)","(D)","(D)","(D)","(D)","(D)","(D)","(D)","(D)",21,24,"(D)","(NA)"
"30980","Longview, TX (Metropolitan Statistical Area)"," ","200","Gross domestic product (GDP) by metropolitan area","78","72","   Accommodation and food services","(D)",169,168,166,169,178,184,189,195,201,211,225,233,252,258
"30980","Longview, TX (Metropolitan Statistical Area)"," ","200","Gross domestic product (GDP) by metropolitan area","79","721","    Accommodation","(D)","(D)",29,30,29,29,30,26,23,27,32,33,"(D)",41,"(NA)"
"30980","Longview, TX (Metropolitan Statistical Area)"," ","200","Gross domestic product (GDP) by metropolitan area","80","722","    Food services and drinking places",141,"(D)",139,136,140,149,154,163,172,173,180,193,"(D)",211,"(NA)"
"30980","Longview, TX (Metropolitan Statistical Area)"," ","200","Gross domestic product (GDP) by metropolitan area","81","81","  Other services, except government",163,182,179,190,206,218,227,221,224,225,229,251,249,257,247
"30980","Longview, TX (Metropolitan Statistical Area)"," ","200","Gross domestic product (GDP) by metropolitan area","82","92"," Government",514,533,550,546,573,590,634,657,697,738,715,731,750,775,802
"30980","Longview, TX (Metropolitan Statistical Area)"," ","200","Gross domestic product (GDP) by metropolitan area","83","...","  Federal civilian",37,39,40,42,43,43,45,45,45,56,49,48,48,50,"(NA)"
"30980","Longview, TX (Metropolitan Statistical Area)"," ","200","Gross domestic product (GDP) by metropolitan area","84","...","  Federal military",8,11,16,17,19,18,19,21,24,23,21,19,17,16,"(NA)"
"30980","Longview, TX (Metropolitan Statistical Area)"," ","200","Gross domestic product (GDP) by metropolitan area","85","...","  State and local",468,483,494,488,512,529,571,591,628,659,645,664,685,709,"(NA)"
"30980","Longview, TX (Metropolitan Statistical Area)"," ","200","Gross domestic product (GDP) by metropolitan area","86","11, 21","Natural resources and mining",748,659,870,972,1262,1558,1862,2978,1868,2115,2652,2703,2735,2867,1979
"30980","Longview, TX (Metropolitan Statistical Area)"," ","200","Gross domestic product (GDP) by metropolitan area","87","42, 44-45","Trade",809,838,860,910,1110,1252,1331,1454,1463,1600,1633,1745,1887,1950,1804
"30980","Longview, TX (Metropolitan Statistical Area)"," ","200","Gross domestic product (GDP) by metropolitan area","88","...","Transportation and utilities",406,376,405,434,453,480,487,477,545,590,588,633,639,657,633
"30980","Longview, TX (Metropolitan Statistical Area)"," ","200","Gross domestic product (GDP) by metropolitan area","89","...","Private goods-producing industries",2098,2031,2304,2745,3203,3841,4231,5303,4019,4651,4632,4876,5083,5272,4347
"30980","Longview, TX (Metropolitan Statistical Area)"," ","200","Gross domestic product (GDP) by metropolitan area","90","...","Private services-providing industries",2935,3044,3180,3361,3706,4058,4318,4669,4755,5083,5183,5531,5737,6019,5922
"30980","Longview, TX (Metropolitan Statistical Area)"," ","800","Quantity indexes for real GDP by metropolitan area","1","...","All industry total",74.005,74.625,76.362,80.471,84.383,91.736,96.272,104.306,100.000,106.685,103.020,108.215,110.214,113.907,111.302
"30980","Longview, TX (Metropolitan Statistical Area)"," ","800","Quantity indexes for real GDP by metropolitan area","2","..."," Private industries",72.089,72.729,74.656,79.482,83.629,91.602,96.275,104.871,100.000,106.980,103.424,108.980,111.122,115.036,112.146
"30980","Longview, TX (Metropolitan Statistical Area)"," ","800","Quantity indexes for real GDP by metropolitan area","3","11","  Agriculture, forestry, fishing, and hunting",226.684,282.705,227.095,214.309,181.100,144.963,122.429,90.407,100.000,136.861,75.621,135.646,157.884,231.136,314.567
"30980","Longview, TX (Metropolitan Statistical Area)"," ","800","Quantity indexes for real GDP by metropolitan area","4","111-112","   Farms",261.819,365.042,294.389,270.672,223.500,155.778,122.638,76.843,100.000,160.628,71.243,155.631,192.828,302.179,"(NA)"
"30980","Longview, TX (Metropolitan Statistical Area)"," ","800","Quantity indexes for real GDP by metropolitan area","5","113-115","   Forestry, fishing, and related activities",156.227,136.957,108.238,114.870,106.300,120.775,116.977,112.634,100.000,101.073,87.459,98.736,90.525,93.749,"(NA)"
"30980","Longview, TX (Metropolitan Statistical Area)"," ","800","Quantity indexes for real GDP by metropolitan area","6","21","  Mining",68.047,61.361,63.924,60.684,61.203,69.788,78.360,104.525,100.000,96.504,110.064,116.114,113.787,122.002,121.457
"30980","Longview, TX (Metropolitan Statistical Area)"," ","800","Quantity indexes for real GDP by metropolitan area","7","211","   Oil and gas extraction","(D)","(D)","(D)","(D)","(D)","(D)","(D)","(D)","(D)","(D)","(D)","(D)","(D)","(D)","(NA)"
"30980","Longview, TX (Metropolitan Statistical Area)"," ","800","Quantity indexes for real GDP by metropolitan area","8","212","   Mining, except oil and gas","(D)","(D)","(D)","(D)","(D)","(D)","(D)","(D)","(D)","(D)","(D)","(D)","(D)","(D)","(NA)"
"30980","Longview, TX (Metropolitan Statistical Area)"," ","800","Quantity indexes for real GDP by metropolitan area","9","213","   Support activities for mining","(D)",50.094,64.719,"(D)","(D)","(D)","(D)",130.859,100.000,121.867,156.391,153.197,138.502,147.776,"(NA)"
"30980","Longview, TX (Metropolitan Statistical Area)"," ","800","Quantity indexes for real GDP by metropolitan area","10","22","  Utilities",108.877,108.127,110.154,107.083,111.713,109.482,104.679,85.044,100.000,110.746,105.377,106.344,101.865,97.538,90.579
"30980","Longview, TX (Metropolitan Statistical Area)"," ","800","Quantity indexes for real GDP by metropolitan area","11","23","  Construction",84.702,84.378,81.346,77.363,82.335,83.202,91.250,98.537,100.000,119.578,118.646,137.296,146.728,147.208,143.384
"30980","Longview, TX (Metropolitan Statistical Area)"," ","800","Quantity indexes for real GDP by metropolitan area","12","31-33","  Manufacturing",76.263,77.553,81.693,105.644,109.552,128.304,128.706,118.562,100.000,118.334,79.499,80.555,85.498,84.360,80.845
"30980","Longview, TX (Metropolitan Statistical Area)"," ","800","Quantity indexes for real GDP by metropolitan area","13","...","   Durable goods manufacturing",80.000,73.958,76.672,"(D)","(D)","(D)",130.620,133.983,100.000,110.478,134.780,135.880,134.920,135.122,121.013
"30980","Longview, TX (Metropolitan Statistical Area)"," ","800","Quantity indexes for real GDP by metropolitan area","14","321","    Wood products manufacturing","(D)","(D)","(D)","(D)","(D)","(D)","(D)","(D)","(D)","(D)","(D)","(D)","(D)","(D)","(NA)"
"30980","Longview, TX (Metropolitan Statistical Area)"," ","800","Quantity indexes for real GDP by metropolitan area","15","327","    Nonmetallic mineral products manufacturing","(D)","(D)","(D)","(D)","(D)","(D)","(D)","(D)","(D)","(D)","(D)","(D)","(D)","(D)","(NA)"
"30980","Longview, TX (Metropolitan Statistical Area)"," ","800","Quantity indexes for real GDP by metropolitan area","16","331","    Primary metals manufacturing","(D)",63.164,63.733,111.959,88.641,90.309,85.733,87.736,100.000,83.462,103.259,117.878,"(D)","(D)","(NA)"
"30980","Longview, TX (Metropolitan Statistical Area)"," ","800","Quantity indexes for real GDP by metropolitan area","17","332","    Fabricated metal products",102.749,83.348,81.330,88.776,103.218,"(D)",145.938,148.388,100.000,105.154,134.708,149.807,143.876,154.843,"(NA)"
"30980","Longview, TX (Metropolitan Statistical Area)"," ","800","Quantity indexes for real GDP by metropolitan area","18","333","    Machinery manufacturing",54.799,47.440,52.769,82.710,"(D)","(D)","(D)",139.955,100.000,"(D)",153.486,138.502,121.498,109.614,"(NA)"
"30980","Longview, TX (Metropolitan Statistical Area)"," ","800","Quantity indexes for real GDP by metropolitan area","19","334","    Computer and electronic products manufacturing",16.913,25.824,22.092,44.409,41.729,"(D)","(D)","(D)",100.000,112.748,110.702,86.282,81.001,73.351,"(NA)"
"30980","Longview, TX (Metropolitan Statistical Area)"," ","800","Quantity indexes for real GDP by metropolitan area","20","335","    Electrical equipment, appliance, and components manufacturing","(D)","(D)","(D)","(D)","(D)","(D)","(D)","(D)","(D)","(D)","(D)","(D)","(D)","(D)","(NA)"
"30980","Longview, TX (Metropolitan Statistical Area)"," ","800","Quantity indexes for real GDP by metropolitan area","21","3361-3363","    Motor vehicles, bodies and trailers, and parts manufacturing","(D)","(D)","(D)","(D)","(D)","(D)","(D)","(D)","(D)","(D)","(D)","(D)","(D)","(D)","(NA)"
"30980","Longview, TX (Metropolitan Statistical Area)"," ","800","Quantity indexes for real GDP by metropolitan area","22","3364-3366, 3369","    Other transportation equipment manufacturing","(D)","(D)","(D)","(D)","(D)","(D)","(D)","(D)","(D)","(D)","(D)","(D)","(D)","(D)","(NA)"
"30980","Longview, TX (Metropolitan Statistical Area)"," ","800","Quantity indexes for real GDP by metropolitan area","23","337","    Furniture and related products manufacturing","(D)","(D)","(D)","(D)","(D)","(D)","(D)","(D)","(D)","(D)","(D)","(D)","(D)","(D)","(NA)"
"30980","Longview, TX (Metropolitan Statistical Area)"," ","800","Quantity indexes for real GDP by metropolitan area","24","339","    Miscellaneous manufacturing","(D)","(D)","(D)","(D)","(D)","(D)","(D)","(D)","(D)","(D)","(D)","(D)","(D)","(D)","(NA)"
"30980","Longview, TX (Metropolitan Statistical Area)"," ","800","Quantity indexes for real GDP by metropolitan area","25","...","   Nondurable goods manufacturing",71.445,81.290,87.038,"(D)","(D)","(D)",127.480,104.305,100.000,125.390,33.817,34.786,44.076,41.845,47.535
"30980","Longview, TX (Metropolitan Statistical Area)"," ","800","Quantity indexes for real GDP by metropolitan area","26","311-312","    Food and beverage and tobacco products manufacturing","(D)","(D)","(D)","(D)","(D)","(D)","(D)","(D)","(D)","(D)","(D)","(D)","(D)","(D)","(NA)"
"30980","Longview, TX (Metropolitan Statistical Area)"," ","800","Quantity indexes for real GDP by metropolitan area","27","313-314","    Textile mills and textile product mills","(D)","(D)","(D)","(D)","(D)","(D)","(D)","(D)","(D)","(D)","(D)","(D)","(D)","(D)","(NA)"
"30980","Longview, TX (Metropolitan Statistical Area)"," ","800","Quantity indexes for real GDP by metropolitan area","28","315-316","    Apparel and leather and allied products manufacturing","(D)","(D)","(D)","(D)","(D)","(D)","(D)","(D)","(D)","(D)","(D)","(D)","(D)","(D)","(NA)"
"30980","Longview, TX (Metropolitan Statistical Area)"," ","800","Quantity indexes for real GDP by metropolitan area","29","322","    Paper products manufacturing","(D)","(D)","(D)",111.306,99.094,107.463,93.266,81.509,100.000,86.061,66.812,"(D)","(D)","(D)","(NA)"
"30980","Longview, TX (Metropolitan Statistical Area)"," ","800","Quantity indexes for real GDP by metropolitan area","30","323","    Printing and related support activities","(D)","(D)","(D)","(D)","(D)","(D)","(D)","(D)","(D)","(D)","(D)","(D)","(D)","(D)","(NA)"
"30980","Longview, TX (Metropolitan Statistical Area)"," ","800","Quantity indexes for real GDP by metropolitan area","31","324","    Petroleum and coal products manufacturing","(D)","(D)","(D)","(D)","(D)","(D)","(D)","(D)","(D)","(D)","(D)","(D)","(D)","(D)","(NA)"
"30980","Longview, TX (Metropolitan Statistical Area)"," ","800","Quantity indexes for real GDP by metropolitan area","32","325","    Chemical products manufacturing","(D)","(D)","(D)","(D)","(D)","(D)","(D)","(D)","(D)","(D)","(D)","(D)","(D)","(D)","(NA)"
"30980","Longview, TX (Metropolitan Statistical Area)"," ","800","Quantity indexes for real GDP by metropolitan area","33","326","    Plastics and rubber products manufacturing","(D)","(D)","(D)","(D)","(D)","(D)","(D)","(D)","(D)","(D)","(D)","(D)","(D)","(D)","(NA)"
"30980","Longview, TX (Metropolitan Statistical Area)"," ","800","Quantity indexes for real GDP by metropolitan area","34","42","  Wholesale trade",49.274,52.564,54.713,60.772,71.531,81.958,90.290,107.119,100.000,111.930,115.158,123.074,138.549,142.940,129.625
"30980","Longview, TX (Metropolitan Statistical Area)"," ","800","Quantity indexes for real GDP by metropolitan area","35","44-45","  Retail trade",78.675,80.690,83.041,82.033,98.409,104.195,103.243,100.368,100.000,103.504,100.197,100.534,100.965,102.154,94.849
"30980","Longview, TX (Metropolitan Statistical Area)"," ","800","Quantity indexes for real GDP by metropolitan area","36","48-49","  Transportation and warehousing",85.782,75.368,80.442,92.349,87.159,88.254,93.419,106.689,100.000,108.749,110.985,125.363,123.796,121.956,106.735
"30980","Longview, TX (Metropolitan Statistical Area)"," ","800","Quantity indexes for real GDP by metropolitan area","37","481","   Air transportation","(D)","(D)","(D)","(D)","(D)","(D)","(D)","(D)","(D)","(D)","(D)","(D)","(D)","(D)","(NA)"
"30980","Longview, TX (Metropolitan Statistical Area)"," ","800","Quantity indexes for real GDP by metropolitan area","38","482","   Rail transportation",120.448,115.252,120.666,122.487,124.899,124.074,124.498,125.194,100.000,108.844,113.797,115.771,111.920,113.912,"(NA)"
"30980","Longview, TX (Metropolitan Statistical Area)"," ","800","Quantity indexes for real GDP by metropolitan area","39","483","   Water transportation",6.724,4.463,11.009,19.108,19.471,110.908,191.834,169.386,100.000,75.747,4.301,31.321,58.970,60.570,"(NA)"
"30980","Longview, TX (Metropolitan Statistical Area)"," ","800","Quantity indexes for real GDP by metropolitan area","40","484","   Truck transportation",59.459,46.384,49.604,64.457,84.490,80.888,88.972,105.199,100.000,107.062,110.009,132.958,143.368,135.965,"(NA)"
"30980","Longview, TX (Metropolitan Statistical Area)"," ","800","Quantity indexes for real GDP by metropolitan area","41","485","   Transit and ground passenger transportation","(D)","(D)","(D)",45.647,"(D)","(D)","(D)","(D)",100.000,99.333,82.397,81.659,"(D)",85.482,"(NA)"
"30980","Longview, TX (Metropolitan Statistical Area)"," ","800","Quantity indexes for real GDP by metropolitan area","42","486","   Pipeline transportation","(D)","(D)","(D)","(D)","(D)","(D)","(D)","(D)","(D)","(D)","(D)","(D)","(D)","(D)","(NA)"
"30980","Longview, TX (Metropolitan Statistical Area)"," ","800","Quantity indexes for real GDP by metropolitan area","43","487-488, 492","   Other transportation and support activities","(D)","(D)","(D)","(D)","(D)","(D)","(D)","(D)","(D)","(D)","(D)","(D)","(D)","(D)","(NA)"
"30980","Longview, TX (Metropolitan Statistical Area)"," ","800","Quantity indexes for real GDP by metropolitan area","44","493","   Warehousing and storage","(D)","(D)",56.409,72.043,82.668,96.456,84.798,116.442,100.000,93.911,"(D)","(D)",227.486,"(D)","(NA)"
"30980","Longview, TX (Metropolitan Statistical Area)"," ","800","Quantity indexes for real GDP by metropolitan area","45","51","  Information",55.457,66.871,71.808,75.396,81.816,83.495,98.583,112.973,100.000,104.986,103.423,111.196,111.764,124.835,134.475
"30980","Longview, TX (Metropolitan Statistical Area)"," ","800","Quantity indexes for real GDP by metropolitan area","46","511","   Publishing industries, except Internet (includes software)","(D)","(D)","(D)","(D)","(D)","(D)","(D)","(D)","(D)","(D)","(D)","(D)","(D)","(D)","(NA)"
"30980","Longview, TX (Metropolitan Statistical Area)"," ","800","Quantity indexes for real GDP by metropolitan area","47","512","   Motion picture and sound recording industries",62.368,71.917,77.130,76.101,62.313,78.476,96.356,78.794,100.000,114.941,93.960,"(D)","(D)","(D)","(NA)"
"30980","Longview, TX (Metropolitan Statistical Area)"," ","800","Quantity indexes for real GDP by metropolitan area","48","515, 517","   Broadcasting and telecommunications","(D)","(D)","(D)","(D)","(D)","(D)","(D)","(D)","(D)","(D)","(D)","(D)","(D)","(D)","(NA)"
"30980","Longview, TX (Metropolitan Statistical Area)"," ","800","Quantity indexes for real GDP by metropolitan area","49","518, 519","   Data processing, internet publishing, and other information services","(D)","(D)","(D)","(D)","(D)","(D)","(D)","(D)","(D)","(D)","(D)","(D)","(D)","(D)","(NA)"
"30980","Longview, TX (Metropolitan Statistical Area)"," ","800","Quantity indexes for real GDP by metropolitan area","50","52, 53","  Finance, insurance, real estate, rental, and leasing",67.319,67.238,64.032,65.199,76.210,85.396,94.640,96.890,100.000,106.386,105.640,111.785,111.915,118.742,117.469
"30980","Longview, TX (Metropolitan Statistical Area)"," ","800","Quantity indexes for real GDP by metropolitan area","51","52","   Finance and insurance",85.332,89.836,89.855,78.509,84.548,90.890,89.399,89.406,100.000,99.864,104.030,104.486,105.772,104.024,100.582
"30980","Longview, TX (Metropolitan Statistical Area)"," ","800","Quantity indexes for real GDP by metropolitan area","52","521-522","    Federal Reserve banks, credit intermediation, and related services","(D)","(D)","(D)","(D)","(D)","(D)","(D)","(D)","(D)","(D)","(D)","(D)","(D)","(D)","(NA)"
"30980","Longview, TX (Metropolitan Statistical Area)"," ","800","Quantity indexes for real GDP by metropolitan area","53","523","    Securities, commodity contracts, and investments","(D)","(D)","(D)","(D)","(D)","(D)","(D)","(D)","(D)","(D)","(D)","(D)","(D)","(D)","(NA)"
"30980","Longview, TX (Metropolitan Statistical Area)"," ","800","Quantity indexes for real GDP by metropolitan area","54","524","    Insurance carriers and related activities","(D)","(D)","(D)","(D)","(D)","(D)","(D)","(D)","(D)","(D)","(D)","(D)","(D)","(D)","(NA)"
"30980","Longview, TX (Metropolitan Statistical Area)"," ","800","Quantity indexes for real GDP by metropolitan area","55","525","    Funds, trusts, and other financial vehicles","(D)","(D)","(D)","(D)","(D)","(D)","(D)","(D)","(D)","(D)","(D)","(D)","(D)","(D)","(NA)"
"30980","Longview, TX (Metropolitan Statistical Area)"," ","800","Quantity indexes for real GDP by metropolitan area","56","53","   Real estate and rental and leasing",55.378,52.341,47.068,56.357,70.571,81.559,97.647,101.305,100.000,110.074,106.474,115.988,115.409,127.605,127.734
"30980","Longview, TX (Metropolitan Statistical Area)"," ","800","Quantity indexes for real GDP by metropolitan area","57","531","    Real estate","(D)","(D)","(D)","(D)","(D)","(D)","(D)","(D)","(D)","(D)","(D)","(D)","(D)","(D)","(NA)"
"30980","Longview, TX (Metropolitan Statistical Area)"," ","800","Quantity indexes for real GDP by metropolitan area","58","532-533","    Rental and leasing services and lessors of intangible assets","(D)","(D)","(D)","(D)","(D)","(D)","(D)","(D)","(D)","(D)","(D)","(D)","(D)","(D)","(NA)"
"30980","Longview, TX (Metropolitan Statistical Area)"," ","800","Quantity indexes for real GDP by metropolitan area","59","54, 55, 56","  Professional and business services",68.007,67.572,75.298,77.343,73.818,82.187,88.330,105.641,100.000,108.482,112.052,114.615,116.485,121.390,115.707
"30980","Longview, TX (Metropolitan Statistical Area)"," ","800","Quantity indexes for real GDP by metropolitan area","60","54","   Professional, scientific, and technical services","(D)","(D)","(D)","(D)","(D)","(D)","(D)","(D)","(D)","(D)","(D)","(D)","(D)","(D)","(D)"
"30980","Longview, TX (Metropolitan Statistical Area)"," ","800","Quantity indexes for real GDP by metropolitan area","64","55","   Management of companies and enterprises","(D)","(D)","(D)","(D)","(D)","(D)","(D)","(D)","(D)","(D)","(D)","(D)","(D)","(D)","(D)"
"30980","Longview, TX (Metropolitan Statistical Area)"," ","800","Quantity indexes for real GDP by metropolitan area","65","56","   Administrative and waste management services","(D)","(D)","(D)","(D)","(D)","(D)","(D)","(D)","(D)","(D)","(D)","(D)","(D)","(D)","(D)"
"30980","Longview, TX (Metropolitan Statistical Area)"," ","800","Quantity indexes for real GDP by metropolitan area","66","561","    Administrative and support services","(D)","(D)","(D)","(D)","(D)","(D)","(D)","(D)","(D)","(D)","(D)","(D)","(D)","(D)","(NA)"
"30980","Longview, TX (Metropolitan Statistical Area)"," ","800","Quantity indexes for real GDP by metropolitan area","67","562","    Waste management and remediation services","(D)","(D)","(D)","(D)","(D)","(D)","(D)","(D)","(D)","(D)","(D)","(D)","(D)","(D)","(NA)"
"30980","Longview, TX (Metropolitan Statistical Area)"," ","800","Quantity indexes for real GDP by metropolitan area","68","61, 62","  Educational services, health care, and social assistance",81.346,84.585,87.308,91.148,91.802,94.548,92.608,95.631,100.000,100.684,103.357,106.668,105.818,107.059,113.271
"30980","Longview, TX (Metropolitan Statistical Area)"," ","800","Quantity indexes for real GDP by metropolitan area","69","61","   Educational services","(D)","(D)","(D)","(D)","(D)","(D)","(D)","(D)","(D)","(D)","(D)","(D)","(D)","(D)","(D)"
"30980","Longview, TX (Metropolitan Statistical Area)"," ","800","Quantity indexes for real GDP by metropolitan area","70","62","   Health care and social assistance","(D)","(D)","(D)","(D)","(D)","(D)","(D)","(D)","(D)","(D)","(D)","(D)","(D)","(D)","(D)"
"30980","Longview, TX (Metropolitan Statistical Area)"," ","800","Quantity indexes for real GDP by metropolitan area","71","621","    Ambulatory health care services",71.386,75.930,76.704,80.519,84.481,88.077,90.510,96.559,100.000,99.275,101.581,105.075,105.618,110.902,"(NA)"
"30980","Longview, TX (Metropolitan Statistical Area)"," ","800","Quantity indexes for real GDP by metropolitan area","72","622-623","    Hospitals and nursing and residential care facilities","(D)","(D)","(D)","(D)","(D)","(D)","(D)","(D)","(D)","(D)","(D)","(D)","(D)","(D)","(NA)"
"30980","Longview, TX (Metropolitan Statistical Area)"," ","800","Quantity indexes for real GDP by metropolitan area","73","624","    Social assistance","(D)","(D)","(D)","(D)","(D)","(D)","(D)","(D)","(D)","(D)","(D)","(D)","(D)","(D)","(NA)"
"30980","Longview, TX (Metropolitan Statistical Area)"," ","800","Quantity indexes for real GDP by metropolitan area","74","71, 72","  Arts, entertainment, recreation, accommodation, and food services",110.736,107.914,105.821,102.626,100.648,102.387,101.507,103.002,100.000,103.882,108.741,111.842,113.061,118.986,117.019
"30980","Longview, TX (Metropolitan Statistical Area)"," ","800","Quantity indexes for real GDP by metropolitan area","75","71","   Arts, entertainment, and recreation","(D)",77.720,77.004,72.740,72.457,73.103,74.882,95.641,100.000,111.943,106.012,114.081,122.307,125.756,138.232
"30980","Longview, TX (Metropolitan Statistical Area)"," ","800","Quantity indexes for real GDP by metropolitan area","76","711-712","    Performing arts, spectator sports, museums, and related activities","(D)","(D)","(D)","(D)","(D)","(D)","(D)","(D)","(D)","(D)","(D)","(D)","(D)","(D)","(NA)"
"30980","Longview, TX (Metropolitan Statistical Area)"," ","800","Quantity indexes for real GDP by metropolitan area","77","713","    Amusements, gambling, and recreation industries","(D)","(D)","(D)","(D)","(D)","(D)","(D)","(D)","(D)","(D)","(D)","(D)","(D)","(D)","(NA)"
"30980","Longview, TX (Metropolitan Statistical Area)"," ","800","Quantity indexes for real GDP by metropolitan area","78","72","   Accommodation and food services","(D)",111.260,109.009,105.945,103.773,105.636,104.456,103.799,100.000,103.033,109.022,111.604,112.098,118.275,114.859
"30980","Longview, TX (Metropolitan Statistical Area)"," ","800","Quantity indexes for real GDP by metropolitan area","79","721","    Accommodation","(D)","(D)",152.294,154.536,140.524,136.210,131.738,114.465,100.000,121.713,139.052,139.471,"(D)",163.679,"(NA)"
"30980","Longview, TX (Metropolitan Statistical Area)"," ","800","Quantity indexes for real GDP by metropolitan area","80","722","    Food services and drinking places",110.830,"(D)",102.773,98.962,98.484,101.244,100.579,102.321,100.000,100.586,105.081,107.950,"(D)",112.321,"(NA)"
"30980","Longview, TX (Metropolitan Statistical Area)"," ","800","Quantity indexes for real GDP by metropolitan area","81","81","  Other services, except government",99.271,105.681,101.469,103.964,108.434,110.303,110.241,103.539,100.000,97.553,97.035,103.606,99.897,100.644,93.378
"30980","Longview, TX (Metropolitan Statistical Area)"," ","800","Quantity indexes for real GDP by metropolitan area","82","92"," Government",99.949,100.309,99.556,94.154,94.915,93.803,96.488,96.821,100.000,102.953,97.875,98.421,98.578,99.465,100.279
"30980","Longview, TX (Metropolitan Statistical Area)"," ","800","Quantity indexes for real GDP by metropolitan area","83","...","  Federal civilian",112.265,109.580,106.966,106.375,104.297,102.742,102.055,100.325,100.000,119.514,101.029,99.339,96.791,98.993,"(NA)"
"30980","Longview, TX (Metropolitan Statistical Area)"," ","800","Quantity indexes for real GDP by metropolitan area","84","...","  Federal military",48.343,61.507,81.632,85.055,87.388,78.610,75.937,87.311,100.000,92.579,82.908,73.877,69.524,63.860,"(NA)"
"30980","Longview, TX (Metropolitan Statistical Area)"," ","800","Quantity indexes for real GDP by metropolitan area","85","...","  State and local",101.000,101.117,99.710,93.605,94.517,93.744,96.917,96.934,100.000,102.143,98.220,99.289,99.810,100.842,"(NA)"
"30980","Longview, TX (Metropolitan Statistical Area)"," ","800","Quantity indexes for real GDP by metropolitan area","86","11, 21","Natural resources and mining",70.402,65.902,66.744,63.327,63.120,70.991,79.058,104.289,100.000,97.243,109.352,116.524,114.725,124.313,125.682
"30980","Longview, TX (Metropolitan Statistical Area)"," ","800","Quantity indexes for real GDP by metropolitan area","87","42, 44-45","Trade",64.779,67.395,69.649,71.977,85.695,93.688,97.122,103.639,100.000,107.667,107.603,111.708,119.624,122.405,112.121
"30980","Longview, TX (Metropolitan Statistical Area)"," ","800","Quantity indexes for real GDP by metropolitan area","88","...","Transportation and utilities",97.620,91.876,95.481,99.898,99.687,99.068,99.156,95.444,100.000,109.800,108.074,115.607,112.589,109.497,98.525
"30980","Longview, TX (Metropolitan Statistical Area)"," ","800","Quantity indexes for real GDP by metropolitan area","89","...","Private goods-producing industries",70.208,69.194,70.903,78.648,80.621,91.318,96.739,108.552,100.000,108.230,100.157,106.538,108.659,113.113,111.739
"30980","Longview, TX (Metropolitan Statistical Area)"," ","800","Quantity indexes for real GDP by metropolitan area","90","...","Private services-providing industries",74.150,76.026,78.145,80.611,86.703,92.131,96.096,101.440,100.000,105.900,106.517,111.301,113.465,116.887,112.691
"30980","Longview, TX (Metropolitan Statistical Area)"," ","900","Real GDP by metropolitan area","1","...","All industry total",7009,7068,7232,7621,7992,8688,9118,9879,9471,10104,9757,10249,10438,10788,10541
"30980","Longview, TX (Metropolitan Statistical Area)"," ","900","Real GDP by metropolitan area","2","..."," Private industries",6325,6381,6550,6973,7337,8037,8447,9201,8773,9386,9074,9561,9749,10093,9839
"30980","Longview, TX (Metropolitan Statistical Area)"," ","900","Real GDP by metropolitan area","3","11","  Agriculture, forestry, fishing, and hunting",79,99,80,75,63,51,43,32,35,48,27,48,55,81,110
"30980","Longview, TX (Metropolitan Statistical Area)"," ","900","Real GDP by metropolitan area","4","111-112","   Farms",54,75,61,56,46,32,25,16,21,33,15,32,40,62,"(NA)"
"30980","Longview, TX (Metropolitan Statistical Area)"," ","900","Real GDP by metropolitan area","5","113-115","   Forestry, fishing, and related activities",22,20,16,17,15,17,17,16,14,15,13,14,13,13,"(NA)"
"30980","Longview, TX (Metropolitan Statistical Area)"," ","900","Real GDP by metropolitan area","6","21","  Mining",1247,1125,1172,1112,1122,1279,1436,1916,1833,1769,2017,2128,2085,2236,2226
"30980","Longview, TX (Metropolitan Statistical Area)"," ","900","Real GDP by metropolitan area","7","211","   Oil and gas extraction","(D)","(D)","(D)","(D)","(D)","(D)","(D)","(D)","(D)","(D)","(D)","(D)","(D)","(D)","(NA)"
"30980","Longview, TX (Metropolitan Statistical Area)"," ","900","Real GDP by metropolitan area","8","212","   Mining, except oil and gas","(D)","(D)","(D)","(D)","(D)","(D)","(D)","(D)","(D)","(D)","(D)","(D)","(D)","(D)","(NA)"
"30980","Longview, TX (Metropolitan Statistical Area)"," ","900","Real GDP by metropolitan area","9","213","   Support activities for mining","(D)",304,392,"(D)","(D)","(D)","(D)",793,606,739,948,929,840,896,"(NA)"
"30980","Longview, TX (Metropolitan Statistical Area)"," ","900","Real GDP by metropolitan area","10","22","  Utilities",314,312,318,309,322,316,302,246,289,320,304,307,294,282,261
"30980","Longview, TX (Metropolitan Statistical Area)"," ","900","Real GDP by metropolitan area","11","23","  Construction",474,472,455,433,461,466,511,552,560,669,664,769,821,824,803
"30980","Longview, TX (Metropolitan Statistical Area)"," ","900","Real GDP by metropolitan area","12","31-33","  Manufacturing",1213,1234,1300,1681,1743,2041,2048,1886,1591,1883,1265,1282,1360,1342,1286
"30980","Longview, TX (Metropolitan Statistical Area)"," ","900","Real GDP by metropolitan area","13","...","   Durable goods manufacturing",609,563,584,"(D)","(D)","(D)",995,1021,762,842,1027,1035,1028,1029,922
"30980","Longview, TX (Metropolitan Statistical Area)"," ","900","Real GDP by metropolitan area","14","321","    Wood products manufacturing",18,21,"(D)","(D)","(D)","(D)","(D)","(D)","(D)","(D)","(D)","(D)","(D)","(D)","(NA)"
"30980","Longview, TX (Metropolitan Statistical Area)"," ","900","Real GDP by metropolitan area","15","327","    Nonmetallic mineral products manufacturing","(D)","(D)","(D)","(D)","(D)","(D)","(D)",23,"(D)","(D)","(D)","(D)",18,18,"(NA)"
"30980","Longview, TX (Metropolitan Statistical Area)"," ","900","Real GDP by metropolitan area","16","331","    Primary metals manufacturing","(D)",26,27,47,37,38,36,37,42,35,43,49,"(D)","(D)","(NA)"
"30980","Longview, TX (Metropolitan Statistical Area)"," ","900","Real GDP by metropolitan area","17","332","    Fabricated metal products",190,154,150,164,191,"(D)",269,274,185,194,249,277,266,286,"(NA)"
"30980","Longview, TX (Metropolitan Statistical Area)"," ","900","Real GDP by metropolitan area","18","333","    Machinery manufacturing",147,127,141,221,"(D)","(D)","(D)",375,268,"(D)",411,371,325,294,"(NA)"
"30980","Longview, TX (Metropolitan Statistical Area)"," ","900","Real GDP by metropolitan area","19","334","    Computer and electronic products manufacturing",19,30,25,51,48,"(D)","(D)","(D)",115,130,127,99,93,84,"(NA)"
"30980","Longview, TX (Metropolitan Statistical Area)"," ","900","Real GDP by metropolitan area","20","335","    Electrical equipment, appliance, and components manufacturing","(D)","(D)","(D)","(D)","(D)","(D)","(D)","(D)","(D)","(D)","(D)","(D)","(D)","(D)","(NA)"
"30980","Longview, TX (Metropolitan Statistical Area)"," ","900","Real GDP by metropolitan area","21","3361-3363","    Motor vehicles, bodies and trailers, and parts manufacturing","(D)","(D)","(D)","(D)","(D)","(D)","(D)","(D)","(D)","(D)","(D)","(D)","(D)","(D)","(NA)"
"30980","Longview, TX (Metropolitan Statistical Area)"," ","900","Real GDP by metropolitan area","22","3364-3366, 3369","    Other transportation equipment manufacturing","(D)","(D)","(D)","(D)","(D)","(D)","(D)","(D)","(D)",44,63,"(D)",157,184,"(NA)"
"30980","Longview, TX (Metropolitan Statistical Area)"," ","900","Real GDP by metropolitan area","23","337","    Furniture and related products manufacturing","(D)","(D)","(D)","(D)","(D)","(D)","(D)","(D)","(D)","(D)","(D)","(D)",7,7,"(NA)"
"30980","Longview, TX (Metropolitan Statistical Area)"," ","900","Real GDP by metropolitan area","24","339","    Miscellaneous manufacturing","(D)","(D)","(D)","(D)","(D)","(D)","(D)","(D)","(D)","(D)","(D)","(D)",24,23,"(NA)"
"30980","Longview, TX (Metropolitan Statistical Area)"," ","900","Real GDP by metropolitan area","25","...","   Nondurable goods manufacturing",593,674,722,"(D)","(D)","(D)",1057,865,829,1040,280,288,366,347,394
"30980","Longview, TX (Metropolitan Statistical Area)"," ","900","Real GDP by metropolitan area","26","311-312","    Food and beverage and tobacco products manufacturing","(D)","(D)","(D)","(D)","(D)","(D)","(D)","(D)","(D)","(D)","(D)","(D)",47,53,"(NA)"
"30980","Longview, TX (Metropolitan Statistical Area)"," ","900","Real GDP by metropolitan area","27","313-314","    Textile mills and textile product mills","(D)","(L)","(L)","(D)","(D)","(D)","(D)","(D)","(D)","(D)","(D)","(D)","(D)","(D)","(NA)"
"30980","Longview, TX (Metropolitan Statistical Area)"," ","900","Real GDP by metropolitan area","28","315-316","    Apparel and leather and allied products manufacturing","(D)","(D)","(D)","(D)","(D)","(D)","(D)","(D)","(D)","(D)","(D)","(D)","(D)","(D)","(NA)"
"30980","Longview, TX (Metropolitan Statistical Area)"," ","900","Real GDP by metropolitan area","29","322","    Paper products manufacturing","(D)","(D)","(D)",10,9,10,8,7,9,8,6,"(D)","(D)","(D)","(NA)"
"30980","Longview, TX (Metropolitan Statistical Area)"," ","900","Real GDP by metropolitan area","30","323","    Printing and related support activities","(D)","(D)","(D)","(D)","(D)","(D)","(D)","(D)","(D)","(D)","(D)","(D)",8,7,"(NA)"
"30980","Longview, TX (Metropolitan Statistical Area)"," ","900","Real GDP by metropolitan area","31","324","    Petroleum and coal products manufacturing","(D)","(D)","(D)","(D)","(D)","(D)","(D)","(D)","(D)","(D)","(D)","(D)",106,"(D)","(NA)"
"30980","Longview, TX (Metropolitan Statistical Area)"," ","900","Real GDP by metropolitan area","32","325","    Chemical products manufacturing","(D)","(D)","(D)","(D)","(D)","(D)","(D)","(D)","(D)","(D)","(D)","(D)",73,69,"(NA)"
"30980","Longview, TX (Metropolitan Statistical Area)"," ","900","Real GDP by metropolitan area","33","326","    Plastics and rubber products manufacturing","(D)","(D)","(D)","(D)","(D)","(D)","(D)","(D)","(D)","(D)","(D)","(D)","(D)","(D)","(NA)"
"30980","Longview, TX (Metropolitan Statistical Area)"," ","900","Real GDP by metropolitan area","34","42","  Wholesale trade",355,378,394,437,515,590,650,771,720,806,829,886,997,1029,933
"30980","Longview, TX (Metropolitan Statistical Area)"," ","900","Real GDP by metropolitan area","35","44-45","  Retail trade",585,600,617,609,731,774,767,746,743,769,744,747,750,759,705
"30980","Longview, TX (Metropolitan Statistical Area)"," ","900","Real GDP by metropolitan area","36","48-49","  Transportation and warehousing",220,193,206,237,224,227,240,274,257,279,285,322,318,313,274
"30980","Longview, TX (Metropolitan Statistical Area)"," ","900","Real GDP by metropolitan area","37","481","   Air transportation","(D)","(D)",1,"(D)","(D)","(D)","(D)","(D)","(D)",3,3,"(D)","(D)",2,"(NA)"
"30980","Longview, TX (Metropolitan Statistical Area)"," ","900","Real GDP by metropolitan area","38","482","   Rail transportation",54,52,54,55,56,56,56,56,45,49,51,52,50,51,"(NA)"
"30980","Longview, TX (Metropolitan Statistical Area)"," ","900","Real GDP by metropolitan area","39","483","   Water transportation","(L)","(L)","(L)","(L)","(L)",1,1,1,"(L)","(L)","(L)","(L)","(L)","(L)","(NA)"
"30980","Longview, TX (Metropolitan Statistical Area)"," ","900","Real GDP by metropolitan area","40","484","   Truck transportation",68,53,57,74,97,93,102,120,114,122,126,152,164,156,"(NA)"
"30980","Longview, TX (Metropolitan Statistical Area)"," ","900","Real GDP by metropolitan area","41","485","   Transit and ground passenger transportation","(D)","(D)","(D)",2,"(D)","(D)","(D)","(D)",4,4,3,3,"(D)",3,"(NA)"
"30980","Longview, TX (Metropolitan Statistical Area)"," ","900","Real GDP by metropolitan area","42","486","   Pipeline transportation","(D)","(D)","(D)","(D)","(D)","(D)","(D)","(D)","(D)","(D)","(D)","(D)",45,46,"(NA)"
"30980","Longview, TX (Metropolitan Statistical Area)"," ","900","Real GDP by metropolitan area","43","487-488, 492","   Other transportation and support activities","(D)","(D)","(D)","(D)","(D)","(D)","(D)","(D)","(D)","(D)","(D)","(D)","(D)","(D)","(NA)"
"30980","Longview, TX (Metropolitan Statistical Area)"," ","900","Real GDP by metropolitan area","44","493","   Warehousing and storage","(D)","(D)",5,6,7,8,7,9,8,7,"(D)","(D)",18,"(D)","(NA)"
"30980","Longview, TX (Metropolitan Statistical Area)"," ","900","Real GDP by metropolitan area","45","51","  Information",191,230,247,259,281,287,339,388,344,361,355,382,384,429,462
"30980","Longview, TX (Metropolitan Statistical Area)"," ","900","Real GDP by metropolitan area","46","511","   Publishing industries, except Internet (includes software)","(D)","(D)","(D)","(D)","(D)","(D)","(D)","(D)","(D)","(D)","(D)","(D)","(D)",67,"(NA)"
"30980","Longview, TX (Metropolitan Statistical Area)"," ","900","Real GDP by metropolitan area","47","512","   Motion picture and sound recording industries",8,9,9,9,8,10,12,10,12,14,12,"(D)","(D)","(D)","(NA)"
"30980","Longview, TX (Metropolitan Statistical Area)"," ","900","Real GDP by metropolitan area","48","515, 517","   Broadcasting and telecommunications","(D)","(D)","(D)","(D)","(D)","(D)","(D)","(D)","(D)","(D)","(D)","(D)",282,326,"(NA)"
"30980","Longview, TX (Metropolitan Statistical Area)"," ","900","Real GDP by metropolitan area","49","518, 519","   Data processing, internet publishing, and other information services","(D)","(D)","(D)","(D)","(D)","(D)","(D)","(D)","(D)","(D)","(D)","(D)",5,"(D)","(NA)"
"30980","Longview, TX (Metropolitan Statistical Area)"," ","900","Real GDP by metropolitan area","50","52, 53","  Finance, insurance, real estate, rental, and leasing",437,437,416,423,495,554,615,629,649,691,686,726,727,771,763
"30980","Longview, TX (Metropolitan Statistical Area)"," ","900","Real GDP by metropolitan area","51","52","   Finance and insurance",197,208,208,182,195,210,207,207,231,231,241,242,245,241,233
"30980","Longview, TX (Metropolitan Statistical Area)"," ","900","Real GDP by metropolitan area","52","521-522","    Federal Reserve banks, credit intermediation, and related services","(D)","(D)","(D)","(D)","(D)","(D)","(D)","(D)","(D)","(D)","(D)",136,129,117,"(NA)"
"30980","Longview, TX (Metropolitan Statistical Area)"," ","900","Real GDP by metropolitan area","53","523","    Securities, commodity contracts, and investments",29,32,39,16,"(D)","(D)","(D)","(D)","(D)",27,25,"(D)",26,28,"(NA)"
"30980","Longview, TX (Metropolitan Statistical Area)"," ","900","Real GDP by metropolitan area","54","524","    Insurance carriers and related activities",74,"(D)",83,87,"(D)","(D)",90,"(D)","(D)",79,80,78,90,97,"(NA)"
"30980","Longview, TX (Metropolitan Statistical Area)"," ","900","Real GDP by metropolitan area","55","525","    Funds, trusts, and other financial vehicles","(D)","(D)","(D)","(D)","(L)","(L)","(L)","(L)","(D)","(D)","(D)","(D)","(L)","(L)","(NA)"
"30980","Longview, TX (Metropolitan Statistical Area)"," ","900","Real GDP by metropolitan area","56","53","   Real estate and rental and leasing",232,219,197,236,295,341,408,424,418,460,445,485,483,534,534
"30980","Longview, TX (Metropolitan Statistical Area)"," ","900","Real GDP by metropolitan area","57","531","    Real estate","(D)",102,"(D)","(D)","(D)","(D)","(D)","(D)","(D)","(D)","(D)",238,231,"(D)","(NA)"
"30980","Longview, TX (Metropolitan Statistical Area)"," ","900","Real GDP by metropolitan area","58","532-533","    Rental and leasing services and lessors of intangible assets","(D)",117,"(D)","(D)","(D)","(D)","(D)","(D)","(D)","(D)","(D)",247,251,"(D)","(NA)"
"30980","Longview, TX (Metropolitan Statistical Area)"," ","900","Real GDP by metropolitan area","59","54, 55, 56","  Professional and business services",393,391,435,447,427,475,511,611,578,627,648,662,673,702,669
"30980","Longview, TX (Metropolitan Statistical Area)"," ","900","Real GDP by metropolitan area","60","54","   Professional, scientific, and technical services","(D)","(D)","(D)","(D)","(D)",255,"(D)","(D)","(D)","(D)","(D)","(D)","(D)","(D)","(D)"
"30980","Longview, TX (Metropolitan Statistical Area)"," ","900","Real GDP by metropolitan area","64","55","   Management of companies and enterprises","(D)","(D)","(D)","(D)","(D)","(D)","(D)","(D)","(D)","(D)","(D)","(D)",30,"(D)","(D)"
"30980","Longview, TX (Metropolitan Statistical Area)"," ","900","Real GDP by metropolitan area","65","56","   Administrative and waste management services","(D)","(D)","(D)","(D)","(D)","(D)","(D)","(D)","(D)","(D)","(D)","(D)","(D)","(D)",270
"30980","Longview, TX (Metropolitan Statistical Area)"," ","900","Real GDP by metropolitan area","66","561","    Administrative and support services","(D)","(D)","(D)",121,139,"(D)","(D)","(D)","(D)","(D)","(D)","(D)","(D)","(D)","(NA)"
"30980","Longview, TX (Metropolitan Statistical Area)"," ","900","Real GDP by metropolitan area","67","562","    Waste management and remediation services",37,15,17,"(D)","(D)","(D)","(D)","(D)","(D)","(D)","(D)","(D)",24,"(D)","(NA)"
"30980","Longview, TX (Metropolitan Statistical Area)"," ","900","Real GDP by metropolitan area","68","61, 62","  Educational services, health care, and social assistance",599,623,643,671,676,696,682,704,736,741,761,785,779,788,834
"30980","Longview, TX (Metropolitan Statistical Area)"," ","900","Real GDP by metropolitan area","69","61","   Educational services","(D)","(D)",59,62,61,"(D)",64,"(D)","(D)","(D)",69,"(D)","(D)",68,70
"30980","Longview, TX (Metropolitan Statistical Area)"," ","900","Real GDP by metropolitan area","70","62","   Health care and social assistance","(D)","(D)",584,609,614,"(D)",618,"(D)","(D)","(D)",691,"(D)","(D)",720,764
"30980","Longview, TX (Metropolitan Statistical Area)"," ","900","Real GDP by metropolitan area","71","621","    Ambulatory health care services",251,267,270,284,297,310,319,340,352,350,358,370,372,391,"(NA)"
"30980","Longview, TX (Metropolitan Statistical Area)"," ","900","Real GDP by metropolitan area","72","622-623","    Hospitals and nursing and residential care facilities","(D)","(D)","(D)",302,"(D)","(D)","(D)","(D)","(D)","(D)","(D)","(D)","(D)","(D)","(NA)"
"30980","Longview, TX (Metropolitan Statistical Area)"," ","900","Real GDP by metropolitan area","73","624","    Social assistance","(D)","(D)","(D)",24,"(D)","(D)","(D)","(D)","(D)",23,"(D)","(D)","(D)","(D)","(NA)"
"30980","Longview, TX (Metropolitan Statistical Area)"," ","900","Real GDP by metropolitan area","74","71, 72","  Arts, entertainment, recreation, accommodation, and food services",238,232,228,221,217,220,218,222,215,224,234,241,243,256,252
"30980","Longview, TX (Metropolitan Statistical Area)"," ","900","Real GDP by metropolitan area","75","71","   Arts, entertainment, and recreation","(D)",16,16,15,15,15,15,20,21,23,22,24,25,26,29
"30980","Longview, TX (Metropolitan Statistical Area)"," ","900","Real GDP by metropolitan area","76","711-712","    Performing arts, spectator sports, museums, and related activities","(D)","(D)","(D)","(D)","(D)","(D)","(D)","(D)","(D)","(D)","(D)",3,2,"(D)","(NA)"
"30980","Longview, TX (Metropolitan Statistical Area)"," ","900","Real GDP by metropolitan area","77","713","    Amusements, gambling, and recreation industries","(D)","(D)","(D)","(D)","(D)","(D)","(D)","(D)","(D)","(D)","(D)",21,23,"(D)","(NA)"
"30980","Longview, TX (Metropolitan Statistical Area)"," ","900","Real GDP by metropolitan area","78","72","   Accommodation and food services","(D)",216,212,206,202,205,203,202,195,200,212,217,218,230,223
"30980","Longview, TX (Metropolitan Statistical Area)"," ","900","Real GDP by metropolitan area","79","721","    Accommodation","(D)","(D)",34,35,32,31,30,26,23,28,31,32,"(D)",37,"(NA)"
"30980","Longview, TX (Metropolitan Statistical Area)"," ","900","Real GDP by metropolitan area","80","722","    Food services and drinking places",190,"(D)",177,170,169,174,173,176,172,173,181,186,"(D)",193,"(NA)"
"30980","Longview, TX (Metropolitan Statistical Area)"," ","900","Real GDP by metropolitan area","81","81","  Other services, except government",223,237,228,233,243,248,247,232,224,219,218,232,224,226,210
"30980","Longview, TX (Metropolitan Statistical Area)"," ","900","Real GDP by metropolitan area","82","92"," Government",697,700,694,657,662,654,673,675,697,718,683,686,688,694,699
"30980","Longview, TX (Metropolitan Statistical Area)"," ","900","Real GDP by metropolitan area","83","...","  Federal civilian",51,50,49,48,47,47,46,46,45,54,46,45,44,45,"(NA)"
"30980","Longview, TX (Metropolitan Statistical Area)"," ","900","Real GDP by metropolitan area","84","...","  Federal military",12,15,19,20,21,19,18,21,24,22,20,18,17,15,"(NA)"
"30980","Longview, TX (Metropolitan Statistical Area)"," ","900","Real GDP by metropolitan area","85","...","  State and local",635,635,626,588,594,589,609,609,628,642,617,624,627,634,"(NA)"
"30980","Longview, TX (Metropolitan Statistical Area)"," ","900","Real GDP by metropolitan area","86","11, 21","Natural resources and mining",1315,1231,1247,1183,1179,1326,1477,1948,1868,1816,2043,2176,2143,2322,2348
"30980","Longview, TX (Metropolitan Statistical Area)"," ","900","Real GDP by metropolitan area","87","42, 44-45","Trade",948,986,1019,1053,1253,1370,1421,1516,1463,1575,1574,1634,1750,1790,1640
"30980","Longview, TX (Metropolitan Statistical Area)"," ","900","Real GDP by metropolitan area","88","...","Transportation and utilities",532,501,521,545,544,540,541,521,545,599,589,630,614,597,537
"30980","Longview, TX (Metropolitan Statistical Area)"," ","900","Real GDP by metropolitan area","89","...","Private goods-producing industries",2821,2781,2849,3161,3240,3670,3888,4362,4019,4349,4025,4281,4367,4546,4490
"30980","Longview, TX (Metropolitan Statistical Area)"," ","900","Real GDP by metropolitan area","90","...","Private services-providing industries",3526,3615,3716,3833,4122,4381,4569,4823,4755,5035,5065,5292,5395,5558,5358
"30980","Longview, TX (Metropolitan Statistical Area)"," ","1000","Per capita real GDP by metropolitan area","1","...","All industry total",35874,35740,36243,37873,39356,42271,43875,47028,44439,47054,45177,46886,48112,49604,48403
"Note: See the included footnote file."
NAICS Industry detail is based on the 2007 North American Industry Classification System (NAICS).
"Source: U.S. Department of Commerce / Bureau of Economic Analysis / Regional Product Division"
