"GeoFIPS","GeoName","Region","ComponentId","ComponentName","IndustryId","IndustryClassification","Description","2001","2002","2003","2004","2005","2006","2007","2008","2009","2010","2011","2012","2013","2014","2015"
"37100","Oxnard-Thousand Oaks-Ventura, CA (Metropolitan Statistical Area)"," ","200","Gross domestic product (GDP) by metropolitan area","1","...","All industry total",25935,26796,29578,32431,34623,36741,38591,37204,37447,40141,42438,44014,45414,47185,48220
"37100","Oxnard-Thousand Oaks-Ventura, CA (Metropolitan Statistical Area)"," ","200","Gross domestic product (GDP) by metropolitan area","2","..."," Private industries",22278,22865,25360,28040,30111,32019,33617,32048,32314,34898,37144,38787,40183,41799,42618
"37100","Oxnard-Thousand Oaks-Ventura, CA (Metropolitan Statistical Area)"," ","200","Gross domestic product (GDP) by metropolitan area","3","11","  Agriculture, forestry, fishing, and hunting",744,826,848,1077,1042,1408,1304,1426,1585,1886,1662,1725,1975,1941,1802
"37100","Oxnard-Thousand Oaks-Ventura, CA (Metropolitan Statistical Area)"," ","200","Gross domestic product (GDP) by metropolitan area","4","111-112","   Farms",486,578,587,829,798,1098,999,1104,1271,1536,1306,1314,1566,1537,"(NA)"
"37100","Oxnard-Thousand Oaks-Ventura, CA (Metropolitan Statistical Area)"," ","200","Gross domestic product (GDP) by metropolitan area","5","113-115","   Forestry, fishing, and related activities",259,248,261,247,244,309,305,322,314,349,357,411,409,404,"(NA)"
"37100","Oxnard-Thousand Oaks-Ventura, CA (Metropolitan Statistical Area)"," ","200","Gross domestic product (GDP) by metropolitan area","6","21","  Mining",142,140,121,139,261,465,678,776,1191,1256,1663,1907,1372,1168,578
"37100","Oxnard-Thousand Oaks-Ventura, CA (Metropolitan Statistical Area)"," ","200","Gross domestic product (GDP) by metropolitan area","7","211","   Oil and gas extraction",64,69,54,64,172,350,562,640,1061,1133,1507,"(D)",1256,1039,"(NA)"
"37100","Oxnard-Thousand Oaks-Ventura, CA (Metropolitan Statistical Area)"," ","200","Gross domestic product (GDP) by metropolitan area","8","212","   Mining, except oil and gas",32,38,35,37,38,50,53,46,50,36,42,"(D)",39,42,"(NA)"
"37100","Oxnard-Thousand Oaks-Ventura, CA (Metropolitan Statistical Area)"," ","200","Gross domestic product (GDP) by metropolitan area","9","213","   Support activities for mining",45,33,33,38,50,66,63,89,80,87,113,"(D)",76,86,"(NA)"
"37100","Oxnard-Thousand Oaks-Ventura, CA (Metropolitan Statistical Area)"," ","200","Gross domestic product (GDP) by metropolitan area","10","22","  Utilities",163,243,282,289,304,352,380,359,406,442,492,429,478,453,464
"37100","Oxnard-Thousand Oaks-Ventura, CA (Metropolitan Statistical Area)"," ","200","Gross domestic product (GDP) by metropolitan area","11","23","  Construction",1048,1039,1169,1381,1625,1793,1746,1485,1265,1105,1137,1226,1294,1407,1527
"37100","Oxnard-Thousand Oaks-Ventura, CA (Metropolitan Statistical Area)"," ","200","Gross domestic product (GDP) by metropolitan area","12","31-33","  Manufacturing",5689,4476,5477,6421,6799,7230,8163,7273,7661,8479,8381,9742,10879,11576,12014
"37100","Oxnard-Thousand Oaks-Ventura, CA (Metropolitan Statistical Area)"," ","200","Gross domestic product (GDP) by metropolitan area","13","...","   Durable goods manufacturing",2354,2183,2333,2494,2690,2751,3027,2764,2636,2524,2494,"(D)",2505,2596,2786
"37100","Oxnard-Thousand Oaks-Ventura, CA (Metropolitan Statistical Area)"," ","200","Gross domestic product (GDP) by metropolitan area","14","321","    Wood products manufacturing",5,4,5,6,11,11,10,11,13,10,11,"(D)",13,16,"(NA)"
"37100","Oxnard-Thousand Oaks-Ventura, CA (Metropolitan Statistical Area)"," ","200","Gross domestic product (GDP) by metropolitan area","15","327","    Nonmetallic mineral products manufacturing",70,75,76,87,104,113,130,121,105,109,"(D)","(D)",119,132,"(NA)"
"37100","Oxnard-Thousand Oaks-Ventura, CA (Metropolitan Statistical Area)"," ","200","Gross domestic product (GDP) by metropolitan area","16","331","    Primary metals manufacturing",39,37,39,50,47,60,45,48,40,37,46,"(D)",34,28,"(NA)"
"37100","Oxnard-Thousand Oaks-Ventura, CA (Metropolitan Statistical Area)"," ","200","Gross domestic product (GDP) by metropolitan area","17","332","    Fabricated metal products",228,203,218,277,292,291,300,277,283,276,301,"(D)",318,351,"(NA)"
"37100","Oxnard-Thousand Oaks-Ventura, CA (Metropolitan Statistical Area)"," ","200","Gross domestic product (GDP) by metropolitan area","18","333","    Machinery manufacturing",326,335,343,513,494,609,719,422,319,323,378,"(D)",403,420,"(NA)"
"37100","Oxnard-Thousand Oaks-Ventura, CA (Metropolitan Statistical Area)"," ","200","Gross domestic product (GDP) by metropolitan area","19","334","    Computer and electronic products manufacturing",1194,1013,1134,949,1050,987,1124,1236,1280,1204,1159,"(D)",1120,1131,"(NA)"
"37100","Oxnard-Thousand Oaks-Ventura, CA (Metropolitan Statistical Area)"," ","200","Gross domestic product (GDP) by metropolitan area","20","335","    Electrical equipment, appliance, and components manufacturing",113,126,122,205,213,200,157,176,125,129,114,"(D)",148,150,"(NA)"
"37100","Oxnard-Thousand Oaks-Ventura, CA (Metropolitan Statistical Area)"," ","200","Gross domestic product (GDP) by metropolitan area","21","3361-3363","    Motor vehicles, bodies and trailers, and parts manufacturing",100,"(D)","(D)","(D)",65,92,110,89,"(D)",53,56,"(D)",46,45,"(NA)"
"37100","Oxnard-Thousand Oaks-Ventura, CA (Metropolitan Statistical Area)"," ","200","Gross domestic product (GDP) by metropolitan area","22","3364-3366, 3369","    Other transportation equipment manufacturing",88,"(D)","(D)","(D)",177,165,211,186,"(D)",149,"(D)",98,108,116,"(NA)"
"37100","Oxnard-Thousand Oaks-Ventura, CA (Metropolitan Statistical Area)"," ","200","Gross domestic product (GDP) by metropolitan area","23","337","    Furniture and related products manufacturing",37,34,31,31,31,35,31,25,22,28,26,"(D)",36,41,"(NA)"
"37100","Oxnard-Thousand Oaks-Ventura, CA (Metropolitan Statistical Area)"," ","200","Gross domestic product (GDP) by metropolitan area","24","339","    Miscellaneous manufacturing",156,184,175,183,206,188,188,173,207,206,177,"(D)",160,166,"(NA)"
"37100","Oxnard-Thousand Oaks-Ventura, CA (Metropolitan Statistical Area)"," ","200","Gross domestic product (GDP) by metropolitan area","25","...","   Nondurable goods manufacturing",3335,2293,3144,3927,4109,4479,5137,4509,5026,5955,5887,"(D)",8374,8980,9229
"37100","Oxnard-Thousand Oaks-Ventura, CA (Metropolitan Statistical Area)"," ","200","Gross domestic product (GDP) by metropolitan area","26","311-312","    Food and beverage and tobacco products manufacturing",153,153,100,117,114,147,143,148,254,200,206,232,311,214,"(NA)"
"37100","Oxnard-Thousand Oaks-Ventura, CA (Metropolitan Statistical Area)"," ","200","Gross domestic product (GDP) by metropolitan area","27","313-314","    Textile mills and textile product mills","(D)","(D)","(D)","(D)",4,"(D)","(D)","(D)","(D)","(D)","(D)",3,"(D)","(D)","(NA)"
"37100","Oxnard-Thousand Oaks-Ventura, CA (Metropolitan Statistical Area)"," ","200","Gross domestic product (GDP) by metropolitan area","28","315-316","    Apparel and leather and allied products manufacturing","(D)","(D)","(D)","(D)","(D)","(D)","(D)","(D)","(D)",17,"(D)",15,"(D)","(D)","(NA)"
"37100","Oxnard-Thousand Oaks-Ventura, CA (Metropolitan Statistical Area)"," ","200","Gross domestic product (GDP) by metropolitan area","29","322","    Paper products manufacturing",98,109,97,98,95,130,117,115,135,132,120,"(D)",107,104,"(NA)"
"37100","Oxnard-Thousand Oaks-Ventura, CA (Metropolitan Statistical Area)"," ","200","Gross domestic product (GDP) by metropolitan area","30","323","    Printing and related support activities",63,63,69,73,73,75,85,73,64,66,70,"(D)",83,83,"(NA)"
"37100","Oxnard-Thousand Oaks-Ventura, CA (Metropolitan Statistical Area)"," ","200","Gross domestic product (GDP) by metropolitan area","31","324","    Petroleum and coal products manufacturing",39,24,45,"(D)","(D)","(D)","(D)","(D)","(D)","(D)","(D)",60,30,"(D)","(NA)"
"37100","Oxnard-Thousand Oaks-Ventura, CA (Metropolitan Statistical Area)"," ","200","Gross domestic product (GDP) by metropolitan area","32","325","    Chemical products manufacturing",2843,1811,2703,3447,3596,3924,4578,3890,4448,5452,5368,"(D)",7773,8461,"(NA)"
"37100","Oxnard-Thousand Oaks-Ventura, CA (Metropolitan Statistical Area)"," ","200","Gross domestic product (GDP) by metropolitan area","33","326","    Plastics and rubber products manufacturing",103,102,105,101,100,106,87,68,63,60,60,"(D)",53,55,"(NA)"
"37100","Oxnard-Thousand Oaks-Ventura, CA (Metropolitan Statistical Area)"," ","200","Gross domestic product (GDP) by metropolitan area","34","42","  Wholesale trade",1283,1585,1826,1910,2133,2232,2336,2295,2187,2406,2595,2678,2638,2751,3022
"37100","Oxnard-Thousand Oaks-Ventura, CA (Metropolitan Statistical Area)"," ","200","Gross domestic product (GDP) by metropolitan area","35","44-45","  Retail trade",1989,2115,2228,2375,2527,2678,2556,2400,2282,2436,2482,2690,2784,2825,2964
"37100","Oxnard-Thousand Oaks-Ventura, CA (Metropolitan Statistical Area)"," ","200","Gross domestic product (GDP) by metropolitan area","36","48-49","  Transportation and warehousing",369,366,358,388,412,437,443,450,366,396,423,433,449,482,468
"37100","Oxnard-Thousand Oaks-Ventura, CA (Metropolitan Statistical Area)"," ","200","Gross domestic product (GDP) by metropolitan area","37","481","   Air transportation","(D)",2,"(D)",4,6,7,23,15,13,25,23,"(D)",39,43,"(NA)"
"37100","Oxnard-Thousand Oaks-Ventura, CA (Metropolitan Statistical Area)"," ","200","Gross domestic product (GDP) by metropolitan area","38","482","   Rail transportation",4,4,4,4,4,4,4,5,4,4,4,5,5,6,"(NA)"
"37100","Oxnard-Thousand Oaks-Ventura, CA (Metropolitan Statistical Area)"," ","200","Gross domestic product (GDP) by metropolitan area","39","483","   Water transportation",1,"(D)","(D)","(D)","(D)","(D)","(D)","(D)","(D)","(D)","(D)","(D)","(D)","(D)","(NA)"
"37100","Oxnard-Thousand Oaks-Ventura, CA (Metropolitan Statistical Area)"," ","200","Gross domestic product (GDP) by metropolitan area","40","484","   Truck transportation",152,149,142,135,139,148,148,144,121,125,135,"(D)",144,146,"(NA)"
"37100","Oxnard-Thousand Oaks-Ventura, CA (Metropolitan Statistical Area)"," ","200","Gross domestic product (GDP) by metropolitan area","41","485","   Transit and ground passenger transportation",40,36,40,31,31,36,38,38,38,40,47,"(D)",45,50,"(NA)"
"37100","Oxnard-Thousand Oaks-Ventura, CA (Metropolitan Statistical Area)"," ","200","Gross domestic product (GDP) by metropolitan area","42","486","   Pipeline transportation",4,6,"(D)",4,"(D)","(D)","(D)","(L)","(D)","(D)","(D)","(L)","(L)","(D)","(NA)"
"37100","Oxnard-Thousand Oaks-Ventura, CA (Metropolitan Statistical Area)"," ","200","Gross domestic product (GDP) by metropolitan area","43","487-488, 492","   Other transportation and support activities","(D)","(D)","(D)","(D)",154,"(D)","(D)","(D)","(D)",133,147,137,"(D)",163,"(NA)"
"37100","Oxnard-Thousand Oaks-Ventura, CA (Metropolitan Statistical Area)"," ","200","Gross domestic product (GDP) by metropolitan area","44","493","   Warehousing and storage",41,46,44,68,75,82,72,85,64,66,63,"(D)",63,71,"(NA)"
"37100","Oxnard-Thousand Oaks-Ventura, CA (Metropolitan Statistical Area)"," ","200","Gross domestic product (GDP) by metropolitan area","45","51","  Information",1049,1127,1132,1198,1199,1256,1281,1294,1161,1279,1183,1158,1218,1284,1267
"37100","Oxnard-Thousand Oaks-Ventura, CA (Metropolitan Statistical Area)"," ","200","Gross domestic product (GDP) by metropolitan area","46","511","   Publishing industries, except Internet (includes software)","(D)","(D)","(D)",257,255,248,323,318,260,270,262,"(D)",283,292,"(NA)"
"37100","Oxnard-Thousand Oaks-Ventura, CA (Metropolitan Statistical Area)"," ","200","Gross domestic product (GDP) by metropolitan area","47","512","   Motion picture and sound recording industries",114,153,95,78,73,80,75,104,119,161,167,"(D)",154,184,"(NA)"
"37100","Oxnard-Thousand Oaks-Ventura, CA (Metropolitan Statistical Area)"," ","200","Gross domestic product (GDP) by metropolitan area","48","515, 517","   Broadcasting and telecommunications",667,646,643,681,720,713,795,754,703,763,653,"(D)",692,730,"(NA)"
"37100","Oxnard-Thousand Oaks-Ventura, CA (Metropolitan Statistical Area)"," ","200","Gross domestic product (GDP) by metropolitan area","49","518, 519","   Data processing, internet publishing, and other information services","(D)","(D)","(D)",182,150,215,87,118,79,85,101,"(D)",89,78,"(NA)"
"37100","Oxnard-Thousand Oaks-Ventura, CA (Metropolitan Statistical Area)"," ","200","Gross domestic product (GDP) by metropolitan area","50","52, 53","  Finance, insurance, real estate, rental, and leasing",4484,5198,5844,6273,6852,6886,7220,6470,6392,7380,9062,8471,8567,9150,9375
"37100","Oxnard-Thousand Oaks-Ventura, CA (Metropolitan Statistical Area)"," ","200","Gross domestic product (GDP) by metropolitan area","51","52","   Finance and insurance",1623,2029,2618,2667,2836,2900,3089,2247,2237,2639,2991,2724,2607,2750,2599
"37100","Oxnard-Thousand Oaks-Ventura, CA (Metropolitan Statistical Area)"," ","200","Gross domestic product (GDP) by metropolitan area","52","521-522","    Federal Reserve banks, credit intermediation, and related services",649,1010,1431,1030,1187,1197,1292,"(D)","(D)","(D)","(D)","(D)",1632,1683,"(NA)"
"37100","Oxnard-Thousand Oaks-Ventura, CA (Metropolitan Statistical Area)"," ","200","Gross domestic product (GDP) by metropolitan area","53","523","    Securities, commodity contracts, and investments",174,176,126,122,134,151,107,43,140,151,144,"(D)",198,213,"(NA)"
"37100","Oxnard-Thousand Oaks-Ventura, CA (Metropolitan Statistical Area)"," ","200","Gross domestic product (GDP) by metropolitan area","54","524","    Insurance carriers and related activities",796,833,1051,1504,1503,1541,1686,957,976,1054,1104,"(D)",770,844,"(NA)"
"37100","Oxnard-Thousand Oaks-Ventura, CA (Metropolitan Statistical Area)"," ","200","Gross domestic product (GDP) by metropolitan area","55","525","    Funds, trusts, and other financial vehicles",5,10,10,11,12,12,5,"(D)","(D)","(D)","(D)","(D)",8,11,"(NA)"
"37100","Oxnard-Thousand Oaks-Ventura, CA (Metropolitan Statistical Area)"," ","200","Gross domestic product (GDP) by metropolitan area","56","53","   Real estate and rental and leasing",2861,3169,3227,3606,4016,3986,4130,4223,4155,4742,6071,5747,5960,6400,6777
"37100","Oxnard-Thousand Oaks-Ventura, CA (Metropolitan Statistical Area)"," ","200","Gross domestic product (GDP) by metropolitan area","57","531","    Real estate",2608,2825,2986,3351,3723,3679,3832,3933,3887,4476,5792,"(D)",5665,6099,"(NA)"
"37100","Oxnard-Thousand Oaks-Ventura, CA (Metropolitan Statistical Area)"," ","200","Gross domestic product (GDP) by metropolitan area","58","532-533","    Rental and leasing services and lessors of intangible assets",252,344,241,255,293,307,298,291,268,266,279,"(D)",295,301,"(NA)"
"37100","Oxnard-Thousand Oaks-Ventura, CA (Metropolitan Statistical Area)"," ","200","Gross domestic product (GDP) by metropolitan area","59","54, 55, 56","  Professional and business services",2426,2579,2771,3089,3265,3375,3468,3651,3635,3498,3533,3639,3698,3731,3874
"37100","Oxnard-Thousand Oaks-Ventura, CA (Metropolitan Statistical Area)"," ","200","Gross domestic product (GDP) by metropolitan area","60","54","   Professional, scientific, and technical services",1413,1487,1556,1626,1773,1889,1960,2088,2091,2014,2057,2090,2105,2140,2178
"37100","Oxnard-Thousand Oaks-Ventura, CA (Metropolitan Statistical Area)"," ","200","Gross domestic product (GDP) by metropolitan area","64","55","   Management of companies and enterprises",220,250,297,463,432,422,414,406,436,323,314,310,302,269,284
"37100","Oxnard-Thousand Oaks-Ventura, CA (Metropolitan Statistical Area)"," ","200","Gross domestic product (GDP) by metropolitan area","65","56","   Administrative and waste management services",792,843,918,999,1061,1064,1093,1157,1107,1162,1162,1239,1291,1322,1411
"37100","Oxnard-Thousand Oaks-Ventura, CA (Metropolitan Statistical Area)"," ","200","Gross domestic product (GDP) by metropolitan area","66","561","    Administrative and support services",734,783,847,923,973,991,1007,1065,1012,1056,1070,"(D)",1198,1223,"(NA)"
"37100","Oxnard-Thousand Oaks-Ventura, CA (Metropolitan Statistical Area)"," ","200","Gross domestic product (GDP) by metropolitan area","67","562","    Waste management and remediation services",59,60,71,76,88,73,87,91,95,105,92,"(D)",93,99,"(NA)"
"37100","Oxnard-Thousand Oaks-Ventura, CA (Metropolitan Statistical Area)"," ","200","Gross domestic product (GDP) by metropolitan area","68","61, 62","  Educational services, health care, and social assistance",1325,1453,1587,1675,1761,1874,1973,2154,2280,2369,2489,2551,2655,2750,2896
"37100","Oxnard-Thousand Oaks-Ventura, CA (Metropolitan Statistical Area)"," ","200","Gross domestic product (GDP) by metropolitan area","69","61","   Educational services",106,122,141,164,164,177,193,217,244,263,253,283,268,283,289
"37100","Oxnard-Thousand Oaks-Ventura, CA (Metropolitan Statistical Area)"," ","200","Gross domestic product (GDP) by metropolitan area","70","62","   Health care and social assistance",1218,1331,1447,1511,1596,1697,1780,1937,2035,2105,2235,2268,2388,2468,2607
"37100","Oxnard-Thousand Oaks-Ventura, CA (Metropolitan Statistical Area)"," ","200","Gross domestic product (GDP) by metropolitan area","71","621","    Ambulatory health care services",746,818,876,905,967,1032,1059,1128,1182,1186,1261,"(D)",1319,1342,"(NA)"
"37100","Oxnard-Thousand Oaks-Ventura, CA (Metropolitan Statistical Area)"," ","200","Gross domestic product (GDP) by metropolitan area","72","622-623","    Hospitals and nursing and residential care facilities",362,393,430,465,484,515,557,615,644,694,730,753,803,821,"(NA)"
"37100","Oxnard-Thousand Oaks-Ventura, CA (Metropolitan Statistical Area)"," ","200","Gross domestic product (GDP) by metropolitan area","73","624","    Social assistance",110,120,140,141,145,150,164,194,209,225,244,"(D)",266,304,"(NA)"
"37100","Oxnard-Thousand Oaks-Ventura, CA (Metropolitan Statistical Area)"," ","200","Gross domestic product (GDP) by metropolitan area","74","71, 72","  Arts, entertainment, recreation, accommodation, and food services",868,933,925,990,1049,1116,1172,1150,1071,1136,1202,1261,1290,1350,1424
"37100","Oxnard-Thousand Oaks-Ventura, CA (Metropolitan Statistical Area)"," ","200","Gross domestic product (GDP) by metropolitan area","75","71","   Arts, entertainment, and recreation",200,211,217,238,248,269,297,278,258,273,283,293,304,306,312
"37100","Oxnard-Thousand Oaks-Ventura, CA (Metropolitan Statistical Area)"," ","200","Gross domestic product (GDP) by metropolitan area","76","711-712","    Performing arts, spectator sports, museums, and related activities",86,91,84,101,99,112,108,95,94,90,97,"(D)",102,105,"(NA)"
"37100","Oxnard-Thousand Oaks-Ventura, CA (Metropolitan Statistical Area)"," ","200","Gross domestic product (GDP) by metropolitan area","77","713","    Amusements, gambling, and recreation industries",114,120,133,137,148,157,190,183,164,183,187,"(D)",203,201,"(NA)"
"37100","Oxnard-Thousand Oaks-Ventura, CA (Metropolitan Statistical Area)"," ","200","Gross domestic product (GDP) by metropolitan area","78","72","   Accommodation and food services",668,722,708,752,801,848,875,873,812,863,919,968,985,1044,1112
"37100","Oxnard-Thousand Oaks-Ventura, CA (Metropolitan Statistical Area)"," ","200","Gross domestic product (GDP) by metropolitan area","79","721","    Accommodation",131,120,116,115,150,162,172,173,132,130,144,"(D)",166,171,"(NA)"
"37100","Oxnard-Thousand Oaks-Ventura, CA (Metropolitan Statistical Area)"," ","200","Gross domestic product (GDP) by metropolitan area","80","722","    Food services and drinking places",537,601,592,637,652,685,703,700,680,733,775,"(D)",820,873,"(NA)"
"37100","Oxnard-Thousand Oaks-Ventura, CA (Metropolitan Statistical Area)"," ","200","Gross domestic product (GDP) by metropolitan area","81","81","  Other services, except government",697,783,792,835,880,917,898,864,832,831,840,877,885,931,942
"37100","Oxnard-Thousand Oaks-Ventura, CA (Metropolitan Statistical Area)"," ","200","Gross domestic product (GDP) by metropolitan area","82","92"," Government",3657,3931,4219,4390,4512,4722,4975,5157,5133,5243,5294,5227,5232,5386,5603
"37100","Oxnard-Thousand Oaks-Ventura, CA (Metropolitan Statistical Area)"," ","200","Gross domestic product (GDP) by metropolitan area","83","...","  Federal civilian",923,978,1025,1067,1082,1086,1121,1124,1149,1199,1194,1179,1162,1203,"(NA)"
"37100","Oxnard-Thousand Oaks-Ventura, CA (Metropolitan Statistical Area)"," ","200","Gross domestic product (GDP) by metropolitan area","84","...","  Federal military",621,697,758,793,818,873,888,883,857,883,858,811,731,734,"(NA)"
"37100","Oxnard-Thousand Oaks-Ventura, CA (Metropolitan Statistical Area)"," ","200","Gross domestic product (GDP) by metropolitan area","85","...","  State and local",2113,2256,2435,2530,2612,2763,2965,3150,3126,3161,3242,3237,3338,3449,"(NA)"
"37100","Oxnard-Thousand Oaks-Ventura, CA (Metropolitan Statistical Area)"," ","200","Gross domestic product (GDP) by metropolitan area","86","11, 21","Natural resources and mining",886,966,969,1216,1303,1873,1982,2202,2777,3141,3325,3632,3347,3109,2380
"37100","Oxnard-Thousand Oaks-Ventura, CA (Metropolitan Statistical Area)"," ","200","Gross domestic product (GDP) by metropolitan area","87","42, 44-45","Trade",3273,3701,4054,4285,4661,4910,4891,4695,4469,4841,5078,5368,5422,5576,5987
"37100","Oxnard-Thousand Oaks-Ventura, CA (Metropolitan Statistical Area)"," ","200","Gross domestic product (GDP) by metropolitan area","88","...","Transportation and utilities",533,609,640,677,716,789,823,809,772,838,916,862,926,935,932
"37100","Oxnard-Thousand Oaks-Ventura, CA (Metropolitan Statistical Area)"," ","200","Gross domestic product (GDP) by metropolitan area","89","...","Private goods-producing industries",7624,6481,7615,9018,9727,10896,11891,10960,11703,12726,12843,14599,15519,16092,15922
"37100","Oxnard-Thousand Oaks-Ventura, CA (Metropolitan Statistical Area)"," ","200","Gross domestic product (GDP) by metropolitan area","90","...","Private services-providing industries",14654,16384,17745,19022,20384,21123,21726,21087,20611,22172,24302,24188,24663,25707,26696
"37100","Oxnard-Thousand Oaks-Ventura, CA (Metropolitan Statistical Area)"," ","800","Quantity indexes for real GDP by metropolitan area","1","...","All industry total",81.670,83.323,90.243,96.366,100.288,103.661,105.565,99.069,100.000,104.957,107.173,108.673,109.684,111.908,113.512
"37100","Oxnard-Thousand Oaks-Ventura, CA (Metropolitan Statistical Area)"," ","800","Quantity indexes for real GDP by metropolitan area","2","..."," Private industries",79.359,80.836,88.407,95.530,100.285,104.092,106.211,98.533,100.000,105.865,108.580,110.727,112.178,114.664,116.289
"37100","Oxnard-Thousand Oaks-Ventura, CA (Metropolitan Statistical Area)"," ","800","Quantity indexes for real GDP by metropolitan area","3","11","  Agriculture, forestry, fishing, and hunting",46.928,56.053,52.622,58.642,65.334,91.834,66.439,71.379,100.000,104.039,71.765,72.579,81.142,85.226,93.910
"37100","Oxnard-Thousand Oaks-Ventura, CA (Metropolitan Statistical Area)"," ","800","Quantity indexes for real GDP by metropolitan area","4","111-112","   Farms",38.000,49.711,44.555,52.692,61.040,89.041,59.616,65.090,100.000,103.808,65.299,63.899,74.539,80.214,"(NA)"
"37100","Oxnard-Thousand Oaks-Ventura, CA (Metropolitan Statistical Area)"," ","800","Quantity indexes for real GDP by metropolitan area","5","113-115","   Forestry, fishing, and related activities",88.446,87.344,91.181,86.343,84.581,104.787,99.350,100.310,100.000,105.019,104.444,118.225,113.923,109.084,"(NA)"
"37100","Oxnard-Thousand Oaks-Ventura, CA (Metropolitan Statistical Area)"," ","800","Quantity indexes for real GDP by metropolitan area","6","21","  Mining",19.689,20.304,13.651,13.282,18.572,30.537,41.315,36.231,100.000,82.024,94.554,119.954,82.475,73.566,68.063
"37100","Oxnard-Thousand Oaks-Ventura, CA (Metropolitan Statistical Area)"," ","800","Quantity indexes for real GDP by metropolitan area","7","211","   Oil and gas extraction",11.153,14.290,6.933,6.659,12.578,24.293,36.187,30.279,100.000,80.918,92.972,"(D)",82.532,71.805,"(NA)"
"37100","Oxnard-Thousand Oaks-Ventura, CA (Metropolitan Statistical Area)"," ","800","Quantity indexes for real GDP by metropolitan area","8","212","   Mining, except oil and gas",169.241,187.826,163.383,144.797,122.402,134.406,130.603,100.999,100.000,65.500,69.679,"(D)",68.478,76.013,"(NA)"
"37100","Oxnard-Thousand Oaks-Ventura, CA (Metropolitan Statistical Area)"," ","800","Quantity indexes for real GDP by metropolitan area","9","213","   Support activities for mining",101.082,67.310,62.378,68.156,71.423,80.565,73.491,101.216,100.000,109.619,136.252,"(D)",87.033,98.746,"(NA)"
"37100","Oxnard-Thousand Oaks-Ventura, CA (Metropolitan Statistical Area)"," ","800","Quantity indexes for real GDP by metropolitan area","10","22","  Utilities",56.338,87.336,94.541,93.962,93.290,99.624,106.461,100.397,100.000,111.909,123.783,111.385,119.885,105.129,99.396
"37100","Oxnard-Thousand Oaks-Ventura, CA (Metropolitan Statistical Area)"," ","800","Quantity indexes for real GDP by metropolitan area","11","23","  Construction",128.321,121.406,130.556,143.169,151.792,152.991,140.010,119.110,100.000,89.016,90.228,94.527,96.413,98.780,104.283
"37100","Oxnard-Thousand Oaks-Ventura, CA (Metropolitan Statistical Area)"," ","800","Quantity indexes for real GDP by metropolitan area","12","31-33","  Manufacturing",80.341,64.178,79.858,95.136,98.621,103.731,118.176,100.756,100.000,111.491,105.277,116.551,127.130,131.366,131.455
"37100","Oxnard-Thousand Oaks-Ventura, CA (Metropolitan Statistical Area)"," ","800","Quantity indexes for real GDP by metropolitan area","13","...","   Durable goods manufacturing",71.830,69.292,78.222,87.327,95.620,100.795,114.171,107.885,100.000,98.494,99.239,"(D)",96.266,98.502,102.443
"37100","Oxnard-Thousand Oaks-Ventura, CA (Metropolitan Statistical Area)"," ","800","Quantity indexes for real GDP by metropolitan area","14","321","    Wood products manufacturing",31.842,29.030,29.733,34.900,63.454,69.614,73.961,81.647,100.000,71.783,86.526,"(D)",86.372,95.012,"(NA)"
"37100","Oxnard-Thousand Oaks-Ventura, CA (Metropolitan Statistical Area)"," ","800","Quantity indexes for real GDP by metropolitan area","15","327","    Nonmetallic mineral products manufacturing",80.173,83.626,86.561,99.406,110.867,109.030,126.183,123.119,100.000,107.367,"(D)","(D)",110.364,116.250,"(NA)"
"37100","Oxnard-Thousand Oaks-Ventura, CA (Metropolitan Statistical Area)"," ","800","Quantity indexes for real GDP by metropolitan area","16","331","    Primary metals manufacturing",105.981,100.735,108.404,107.590,91.094,96.165,68.354,71.395,100.000,73.459,78.943,"(D)",75.508,58.159,"(NA)"
"37100","Oxnard-Thousand Oaks-Ventura, CA (Metropolitan Statistical Area)"," ","800","Quantity indexes for real GDP by metropolitan area","17","332","    Fabricated metal products",104.310,92.927,101.233,126.487,127.360,127.786,128.401,113.885,100.000,104.956,114.802,"(D)",111.431,123.358,"(NA)"
"37100","Oxnard-Thousand Oaks-Ventura, CA (Metropolitan Statistical Area)"," ","800","Quantity indexes for real GDP by metropolitan area","18","333","    Machinery manufacturing",114.160,116.632,120.170,185.906,175.396,216.725,251.666,147.902,100.000,106.049,125.318,"(D)",122.080,123.033,"(NA)"
"37100","Oxnard-Thousand Oaks-Ventura, CA (Metropolitan Statistical Area)"," ","800","Quantity indexes for real GDP by metropolitan area","19","334","    Computer and electronic products manufacturing",47.408,43.793,54.561,50.092,59.773,61.946,78.324,93.830,100.000,96.645,96.347,"(D)",93.432,94.125,"(NA)"
"37100","Oxnard-Thousand Oaks-Ventura, CA (Metropolitan Statistical Area)"," ","800","Quantity indexes for real GDP by metropolitan area","20","335","    Electrical equipment, appliance, and components manufacturing",103.620,116.616,115.902,199.712,204.078,186.678,141.194,152.886,100.000,105.345,94.476,"(D)",113.026,113.497,"(NA)"
"37100","Oxnard-Thousand Oaks-Ventura, CA (Metropolitan Statistical Area)"," ","800","Quantity indexes for real GDP by metropolitan area","21","3361-3363","    Motor vehicles, bodies and trailers, and parts manufacturing","(D)","(D)","(D)","(D)","(D)","(D)","(D)","(D)","(D)","(D)","(D)","(D)","(D)","(D)","(NA)"
"37100","Oxnard-Thousand Oaks-Ventura, CA (Metropolitan Statistical Area)"," ","800","Quantity indexes for real GDP by metropolitan area","22","3364-3366, 3369","    Other transportation equipment manufacturing","(D)","(D)","(D)","(D)","(D)","(D)","(D)","(D)","(D)","(D)","(D)","(D)","(D)","(D)","(NA)"
"37100","Oxnard-Thousand Oaks-Ventura, CA (Metropolitan Statistical Area)"," ","800","Quantity indexes for real GDP by metropolitan area","23","337","    Furniture and related products manufacturing",198.346,181.802,166.468,172.089,170.348,190.336,161.161,132.824,100.000,137.206,127.729,"(D)",167.621,190.894,"(NA)"
"37100","Oxnard-Thousand Oaks-Ventura, CA (Metropolitan Statistical Area)"," ","800","Quantity indexes for real GDP by metropolitan area","24","339","    Miscellaneous manufacturing",76.444,88.622,83.930,89.870,101.915,93.744,93.238,86.617,100.000,99.925,85.959,"(D)",74.183,76.821,"(NA)"
"37100","Oxnard-Thousand Oaks-Ventura, CA (Metropolitan Statistical Area)"," ","800","Quantity indexes for real GDP by metropolitan area","25","...","   Nondurable goods manufacturing",87.423,59.830,80.805,100.651,100.710,105.781,120.929,96.913,100.000,118.204,108.588,"(D)",141.722,146.868,145.302
"37100","Oxnard-Thousand Oaks-Ventura, CA (Metropolitan Statistical Area)"," ","800","Quantity indexes for real GDP by metropolitan area","26","311-312","    Food and beverage and tobacco products manufacturing",73.342,68.980,45.592,55.417,52.705,70.096,68.365,65.411,100.000,79.916,84.342,88.000,114.573,75.254,"(NA)"
"37100","Oxnard-Thousand Oaks-Ventura, CA (Metropolitan Statistical Area)"," ","800","Quantity indexes for real GDP by metropolitan area","27","313-314","    Textile mills and textile product mills","(D)","(D)","(D)","(D)","(D)","(D)","(D)","(D)","(D)","(D)","(D)","(D)","(D)","(D)","(NA)"
"37100","Oxnard-Thousand Oaks-Ventura, CA (Metropolitan Statistical Area)"," ","800","Quantity indexes for real GDP by metropolitan area","28","315-316","    Apparel and leather and allied products manufacturing","(D)","(D)","(D)","(D)","(D)","(D)","(D)","(D)","(D)","(D)","(D)","(D)","(D)","(D)","(NA)"
"37100","Oxnard-Thousand Oaks-Ventura, CA (Metropolitan Statistical Area)"," ","800","Quantity indexes for real GDP by metropolitan area","29","322","    Paper products manufacturing",84.770,95.351,88.418,92.169,87.858,113.985,100.122,93.795,100.000,94.391,86.464,"(D)",73.194,70.507,"(NA)"
"37100","Oxnard-Thousand Oaks-Ventura, CA (Metropolitan Statistical Area)"," ","800","Quantity indexes for real GDP by metropolitan area","30","323","    Printing and related support activities",92.753,99.707,109.587,116.583,113.138,113.199,129.295,115.121,100.000,104.225,116.325,"(D)",138.274,137.702,"(NA)"
"37100","Oxnard-Thousand Oaks-Ventura, CA (Metropolitan Statistical Area)"," ","800","Quantity indexes for real GDP by metropolitan area","31","324","    Petroleum and coal products manufacturing","(D)","(D)","(D)","(D)","(D)","(D)","(D)","(D)","(D)","(D)","(D)","(D)","(D)","(D)","(NA)"
"37100","Oxnard-Thousand Oaks-Ventura, CA (Metropolitan Statistical Area)"," ","800","Quantity indexes for real GDP by metropolitan area","32","325","    Chemical products manufacturing",86.111,54.498,79.717,101.195,101.285,106.689,124.193,95.223,100.000,122.408,111.426,"(D)",147.615,155.131,"(NA)"
"37100","Oxnard-Thousand Oaks-Ventura, CA (Metropolitan Statistical Area)"," ","800","Quantity indexes for real GDP by metropolitan area","33","326","    Plastics and rubber products manufacturing",191.720,186.927,196.442,197.254,190.370,183.977,156.226,119.616,100.000,99.204,95.476,"(D)",80.089,83.706,"(NA)"
"37100","Oxnard-Thousand Oaks-Ventura, CA (Metropolitan Statistical Area)"," ","800","Quantity indexes for real GDP by metropolitan area","34","42","  Wholesale trade",71.600,88.892,103.456,104.997,114.267,115.498,118.386,112.746,100.000,107.420,113.256,113.322,110.645,114.381,125.017
"37100","Oxnard-Thousand Oaks-Ventura, CA (Metropolitan Statistical Area)"," ","800","Quantity indexes for real GDP by metropolitan area","35","44-45","  Retail trade",98.343,104.862,111.086,116.103,120.725,124.291,115.405,106.445,100.000,105.928,105.836,111.709,114.470,114.687,118.460
"37100","Oxnard-Thousand Oaks-Ventura, CA (Metropolitan Statistical Area)"," ","800","Quantity indexes for real GDP by metropolitan area","36","48-49","  Transportation and warehousing",121.827,118.838,113.917,120.990,125.655,130.785,128.018,126.014,100.000,108.306,114.327,113.417,114.484,119.251,109.253
"37100","Oxnard-Thousand Oaks-Ventura, CA (Metropolitan Statistical Area)"," ","800","Quantity indexes for real GDP by metropolitan area","37","481","   Air transportation","(D)",17.212,"(D)",31.872,52.837,61.222,196.541,124.923,100.000,188.246,167.349,"(D)",250.033,261.012,"(NA)"
"37100","Oxnard-Thousand Oaks-Ventura, CA (Metropolitan Statistical Area)"," ","800","Quantity indexes for real GDP by metropolitan area","38","482","   Rail transportation",165.362,132.368,142.254,147.061,148.431,133.868,131.831,130.039,100.000,98.983,107.419,114.236,116.379,124.363,"(NA)"
"37100","Oxnard-Thousand Oaks-Ventura, CA (Metropolitan Statistical Area)"," ","800","Quantity indexes for real GDP by metropolitan area","39","483","   Water transportation","(D)","(D)","(D)","(D)","(D)","(D)","(D)","(D)","(D)","(D)","(D)","(D)","(D)","(D)","(NA)"
"37100","Oxnard-Thousand Oaks-Ventura, CA (Metropolitan Statistical Area)"," ","800","Quantity indexes for real GDP by metropolitan area","40","484","   Truck transportation",146.250,141.330,132.481,124.736,124.803,130.484,128.979,122.297,100.000,109.104,118.841,"(D)",119.311,115.465,"(NA)"
"37100","Oxnard-Thousand Oaks-Ventura, CA (Metropolitan Statistical Area)"," ","800","Quantity indexes for real GDP by metropolitan area","41","485","   Transit and ground passenger transportation",152.059,134.808,137.527,103.406,100.493,110.326,115.069,112.860,100.000,102.309,117.929,"(D)",102.670,112.415,"(NA)"
"37100","Oxnard-Thousand Oaks-Ventura, CA (Metropolitan Statistical Area)"," ","800","Quantity indexes for real GDP by metropolitan area","42","486","   Pipeline transportation","(D)","(D)","(D)","(D)","(D)","(D)","(D)","(D)","(D)","(D)","(D)","(D)","(D)","(D)","(NA)"
"37100","Oxnard-Thousand Oaks-Ventura, CA (Metropolitan Statistical Area)"," ","800","Quantity indexes for real GDP by metropolitan area","43","487-488, 492","   Other transportation and support activities","(D)","(D)","(D)","(D)","(D)","(D)","(D)","(D)","(D)","(D)","(D)","(D)","(D)","(D)","(NA)"
"37100","Oxnard-Thousand Oaks-Ventura, CA (Metropolitan Statistical Area)"," ","800","Quantity indexes for real GDP by metropolitan area","44","493","   Warehousing and storage",72.793,80.131,75.869,118.407,131.308,143.386,118.499,134.628,100.000,105.923,106.812,"(D)",115.137,130.272,"(NA)"
"37100","Oxnard-Thousand Oaks-Ventura, CA (Metropolitan Statistical Area)"," ","800","Quantity indexes for real GDP by metropolitan area","45","51","  Information",83.174,89.685,90.168,96.393,98.894,105.261,108.970,111.562,100.000,110.798,102.964,100.699,105.068,110.708,110.462
"37100","Oxnard-Thousand Oaks-Ventura, CA (Metropolitan Statistical Area)"," ","800","Quantity indexes for real GDP by metropolitan area","46","511","   Publishing industries, except Internet (includes software)","(D)","(D)","(D)",105.009,103.421,98.217,128.048,124.431,100.000,105.279,101.567,"(D)",108.190,110.879,"(NA)"
"37100","Oxnard-Thousand Oaks-Ventura, CA (Metropolitan Statistical Area)"," ","800","Quantity indexes for real GDP by metropolitan area","47","512","   Motion picture and sound recording industries",102.108,133.927,85.764,69.188,63.498,68.570,63.770,87.778,100.000,134.966,140.368,"(D)",127.660,150.851,"(NA)"
"37100","Oxnard-Thousand Oaks-Ventura, CA (Metropolitan Statistical Area)"," ","800","Quantity indexes for real GDP by metropolitan area","48","515, 517","   Broadcasting and telecommunications",80.276,79.029,78.661,84.133,93.445,96.158,109.643,106.521,100.000,109.052,94.101,"(D)",98.668,104.497,"(NA)"
"37100","Oxnard-Thousand Oaks-Ventura, CA (Metropolitan Statistical Area)"," ","800","Quantity indexes for real GDP by metropolitan area","49","518, 519","   Data processing, internet publishing, and other information services","(D)","(D)","(D)",225.766,185.572,263.236,110.351,150.486,100.000,107.851,129.715,"(D)",117.750,103.715,"(NA)"
"37100","Oxnard-Thousand Oaks-Ventura, CA (Metropolitan Statistical Area)"," ","800","Quantity indexes for real GDP by metropolitan area","50","52, 53","  Finance, insurance, real estate, rental, and leasing",79.550,89.564,98.002,102.717,109.888,108.228,112.199,99.560,100.000,114.388,138.873,126.171,123.951,128.722,128.105
"37100","Oxnard-Thousand Oaks-Ventura, CA (Metropolitan Statistical Area)"," ","800","Quantity indexes for real GDP by metropolitan area","51","52","   Finance and insurance",74.969,91.964,114.768,113.713,118.518,119.925,127.864,92.846,100.000,113.663,126.710,110.231,101.054,102.687,94.544
"37100","Oxnard-Thousand Oaks-Ventura, CA (Metropolitan Statistical Area)"," ","800","Quantity indexes for real GDP by metropolitan area","52","521-522","    Federal Reserve banks, credit intermediation, and related services","(D)","(D)","(D)","(D)","(D)","(D)","(D)","(D)","(D)","(D)","(D)","(D)","(D)","(D)","(NA)"
"37100","Oxnard-Thousand Oaks-Ventura, CA (Metropolitan Statistical Area)"," ","800","Quantity indexes for real GDP by metropolitan area","53","523","    Securities, commodity contracts, and investments",151.102,152.941,107.577,98.495,103.719,114.548,74.572,28.268,100.000,103.809,94.100,"(D)",112.394,110.531,"(NA)"
"37100","Oxnard-Thousand Oaks-Ventura, CA (Metropolitan Statistical Area)"," ","800","Quantity indexes for real GDP by metropolitan area","54","524","    Insurance carriers and related activities",92.674,94.947,114.363,158.281,154.656,158.833,173.999,100.520,100.000,106.347,108.466,"(D)",73.006,78.325,"(NA)"
"37100","Oxnard-Thousand Oaks-Ventura, CA (Metropolitan Statistical Area)"," ","800","Quantity indexes for real GDP by metropolitan area","55","525","    Funds, trusts, and other financial vehicles","(D)","(D)","(D)","(D)","(D)","(D)","(D)","(D)","(D)","(D)","(D)","(D)","(D)","(D)","(NA)"
"37100","Oxnard-Thousand Oaks-Ventura, CA (Metropolitan Statistical Area)"," ","800","Quantity indexes for real GDP by metropolitan area","56","53","   Real estate and rental and leasing",82.389,88.087,87.670,95.978,104.633,101.076,102.636,103.356,100.000,114.786,145.725,135.201,137.072,143.697,147.599
"37100","Oxnard-Thousand Oaks-Ventura, CA (Metropolitan Statistical Area)"," ","800","Quantity indexes for real GDP by metropolitan area","57","531","    Real estate",80.206,83.546,86.421,95.037,103.386,99.432,101.506,102.711,100.000,115.843,148.620,"(D)",139.102,146.047,"(NA)"
"37100","Oxnard-Thousand Oaks-Ventura, CA (Metropolitan Statistical Area)"," ","800","Quantity indexes for real GDP by metropolitan area","58","532-533","    Rental and leasing services and lessors of intangible assets",115.748,157.271,106.297,109.869,123.141,125.598,119.196,112.834,100.000,99.469,103.808,"(D)",107.676,109.548,"(NA)"
"37100","Oxnard-Thousand Oaks-Ventura, CA (Metropolitan Statistical Area)"," ","800","Quantity indexes for real GDP by metropolitan area","59","54, 55, 56","  Professional and business services",81.832,85.923,91.070,97.284,99.884,99.479,97.822,101.788,100.000,95.761,95.868,97.438,97.584,96.994,98.851
"37100","Oxnard-Thousand Oaks-Ventura, CA (Metropolitan Statistical Area)"," ","800","Quantity indexes for real GDP by metropolitan area","60","54","   Professional, scientific, and technical services",81.705,85.065,87.096,88.721,93.218,95.926,95.955,101.029,100.000,95.180,96.013,96.011,95.216,95.305,95.651
"37100","Oxnard-Thousand Oaks-Ventura, CA (Metropolitan Statistical Area)"," ","800","Quantity indexes for real GDP by metropolitan area","64","55","   Management of companies and enterprises",81.268,90.435,104.552,140.918,124.708,112.967,99.298,96.041,100.000,73.389,71.167,69.756,67.555,61.220,63.667
"37100","Oxnard-Thousand Oaks-Ventura, CA (Metropolitan Statistical Area)"," ","800","Quantity indexes for real GDP by metropolitan area","65","56","   Administrative and waste management services",80.914,84.822,92.910,98.129,103.463,101.184,100.799,105.460,100.000,105.750,105.386,111.211,114.128,114.443,119.010
"37100","Oxnard-Thousand Oaks-Ventura, CA (Metropolitan Statistical Area)"," ","800","Quantity indexes for real GDP by metropolitan area","66","561","    Administrative and support services",81.567,85.962,93.839,99.076,103.646,102.740,101.277,106.146,100.000,105.554,106.665,"(D)",116.541,116.613,"(NA)"
"37100","Oxnard-Thousand Oaks-Ventura, CA (Metropolitan Statistical Area)"," ","800","Quantity indexes for real GDP by metropolitan area","67","562","    Waste management and remediation services",74.066,72.550,82.925,87.950,101.560,84.208,95.877,98.111,100.000,107.796,92.431,"(D)",89.738,92.439,"(NA)"
"37100","Oxnard-Thousand Oaks-Ventura, CA (Metropolitan Statistical Area)"," ","800","Quantity indexes for real GDP by metropolitan area","68","61, 62","  Educational services, health care, and social assistance",73.664,78.370,83.114,85.248,87.016,90.522,91.486,97.920,100.000,101.536,105.160,105.876,108.916,111.498,115.270
"37100","Oxnard-Thousand Oaks-Ventura, CA (Metropolitan Statistical Area)"," ","800","Quantity indexes for real GDP by metropolitan area","69","61","   Educational services",61.280,66.512,73.969,82.869,79.659,81.762,85.510,92.761,100.000,105.074,98.317,106.147,97.464,100.509,98.752
"37100","Oxnard-Thousand Oaks-Ventura, CA (Metropolitan Statistical Area)"," ","800","Quantity indexes for real GDP by metropolitan area","70","62","   Health care and social assistance",75.079,79.731,84.180,85.561,87.892,91.561,92.199,98.536,100.000,101.111,105.994,105.833,110.346,112.868,117.357
"37100","Oxnard-Thousand Oaks-Ventura, CA (Metropolitan Statistical Area)"," ","800","Quantity indexes for real GDP by metropolitan area","71","621","    Ambulatory health care services",75.924,82.106,86.016,86.785,90.572,95.680,93.909,98.651,100.000,97.945,103.085,"(D)",105.898,107.046,"(NA)"
"37100","Oxnard-Thousand Oaks-Ventura, CA (Metropolitan Statistical Area)"," ","800","Quantity indexes for real GDP by metropolitan area","72","622-623","    Hospitals and nursing and residential care facilities",76.116,78.525,82.264,85.682,86.148,88.428,92.332,99.368,100.000,105.672,109.784,111.048,116.671,117.977,"(NA)"
"37100","Oxnard-Thousand Oaks-Ventura, CA (Metropolitan Statistical Area)"," ","800","Quantity indexes for real GDP by metropolitan area","73","624","    Social assistance",67.809,69.997,79.699,78.527,78.099,77.817,82.228,95.346,100.000,104.996,110.789,"(D)",115.971,129.524,"(NA)"
"37100","Oxnard-Thousand Oaks-Ventura, CA (Metropolitan Statistical Area)"," ","800","Quantity indexes for real GDP by metropolitan area","74","71, 72","  Arts, entertainment, recreation, accommodation, and food services",105.801,109.438,106.882,112.082,114.718,117.930,118.980,113.221,100.000,106.234,112.765,113.828,113.363,116.020,116.654
"37100","Oxnard-Thousand Oaks-Ventura, CA (Metropolitan Statistical Area)"," ","800","Quantity indexes for real GDP by metropolitan area","75","71","   Arts, entertainment, and recreation",96.378,98.944,98.674,106.138,107.522,112.975,120.253,110.430,100.000,106.747,110.546,110.803,113.204,111.801,110.786
"37100","Oxnard-Thousand Oaks-Ventura, CA (Metropolitan Statistical Area)"," ","800","Quantity indexes for real GDP by metropolitan area","76","711-712","    Performing arts, spectator sports, museums, and related activities",121.812,124.910,111.935,128.891,121.006,131.292,121.003,103.730,100.000,95.611,101.913,"(D)",102.990,103.909,"(NA)"
"37100","Oxnard-Thousand Oaks-Ventura, CA (Metropolitan Statistical Area)"," ","800","Quantity indexes for real GDP by metropolitan area","77","713","    Amusements, gambling, and recreation industries",82.607,84.879,91.150,93.590,99.998,102.769,119.881,114.268,100.000,113.187,115.517,"(D)",119.095,116.338,"(NA)"
"37100","Oxnard-Thousand Oaks-Ventura, CA (Metropolitan Statistical Area)"," ","800","Quantity indexes for real GDP by metropolitan area","78","72","   Accommodation and food services",108.956,112.952,109.627,114.056,117.114,119.572,118.534,114.124,100.000,106.072,113.464,114.781,113.423,117.333,118.468
"37100","Oxnard-Thousand Oaks-Ventura, CA (Metropolitan Statistical Area)"," ","800","Quantity indexes for real GDP by metropolitan area","79","721","    Accommodation",118.850,108.040,104.564,101.423,124.278,129.658,130.506,128.030,100.000,99.203,108.110,"(D)",117.555,116.552,"(NA)"
"37100","Oxnard-Thousand Oaks-Ventura, CA (Metropolitan Statistical Area)"," ","800","Quantity indexes for real GDP by metropolitan area","80","722","    Food services and drinking places",106.940,114.128,110.830,116.843,115.727,117.561,116.126,111.280,100.000,107.401,114.498,"(D)",112.615,117.483,"(NA)"
"37100","Oxnard-Thousand Oaks-Ventura, CA (Metropolitan Statistical Area)"," ","800","Quantity indexes for real GDP by metropolitan area","81","81","  Other services, except government",114.283,122.881,120.774,123.558,125.126,125.310,117.806,109.060,100.000,97.331,96.094,97.748,95.982,98.370,96.199
"37100","Oxnard-Thousand Oaks-Ventura, CA (Metropolitan Statistical Area)"," ","800","Quantity indexes for real GDP by metropolitan area","82","92"," Government",97.693,100.627,102.876,102.086,100.381,100.883,101.386,102.528,100.000,99.266,98.328,95.703,93.892,94.444,95.909
"37100","Oxnard-Thousand Oaks-Ventura, CA (Metropolitan Statistical Area)"," ","800","Quantity indexes for real GDP by metropolitan area","83","...","  Federal civilian",109.145,109.203,108.766,107.889,104.869,102.130,101.395,99.670,100.000,100.606,97.822,96.346,92.917,93.949,"(NA)"
"37100","Oxnard-Thousand Oaks-Ventura, CA (Metropolitan Statistical Area)"," ","800","Quantity indexes for real GDP by metropolitan area","84","...","  Federal military",103.655,109.381,109.208,109.836,106.063,107.864,101.128,101.937,100.000,100.312,95.996,89.296,80.852,79.863,"(NA)"
"37100","Oxnard-Thousand Oaks-Ventura, CA (Metropolitan Statistical Area)"," ","800","Quantity indexes for real GDP by metropolitan area","85","...","  State and local",91.570,94.826,98.756,97.604,96.986,98.349,101.185,103.749,100.000,98.485,99.159,97.220,97.787,98.571,"(NA)"
"37100","Oxnard-Thousand Oaks-Ventura, CA (Metropolitan Statistical Area)"," ","800","Quantity indexes for real GDP by metropolitan area","86","11, 21","Natural resources and mining",32.456,37.902,33.976,37.251,42.995,62.592,54.423,54.467,100.000,94.267,81.853,92.986,82.837,81.602,85.244
"37100","Oxnard-Thousand Oaks-Ventura, CA (Metropolitan Statistical Area)"," ","800","Quantity indexes for real GDP by metropolitan area","87","42, 44-45","Trade",85.823,97.405,107.541,110.927,117.742,120.206,116.863,109.482,100.000,106.662,109.497,112.496,112.565,114.521,121.676
"37100","Oxnard-Thousand Oaks-Ventura, CA (Metropolitan Statistical Area)"," ","800","Quantity indexes for real GDP by metropolitan area","88","...","Transportation and utilities",89.530,102.814,103.715,107.027,109.041,114.770,116.913,112.863,100.000,110.190,119.247,112.471,117.284,112.095,104.318
"37100","Oxnard-Thousand Oaks-Ventura, CA (Metropolitan Statistical Area)"," ","800","Quantity indexes for real GDP by metropolitan area","89","...","Private goods-producing industries",71.676,61.745,71.743,83.475,88.102,96.686,101.639,89.214,100.000,104.718,97.381,108.009,111.775,114.294,115.774
"37100","Oxnard-Thousand Oaks-Ventura, CA (Metropolitan Statistical Area)"," ","800","Quantity indexes for real GDP by metropolitan area","90","...","Private services-providing industries",83.761,92.072,98.211,102.642,107.476,108.512,108.977,104.138,100.000,106.528,115.344,112.172,112.162,114.621,116.332
"37100","Oxnard-Thousand Oaks-Ventura, CA (Metropolitan Statistical Area)"," ","900","Real GDP by metropolitan area","1","...","All industry total",30583,31202,33793,36086,37554,38818,39531,37098,37447,39303,40133,40694,41073,41906,42507
"37100","Oxnard-Thousand Oaks-Ventura, CA (Metropolitan Statistical Area)"," ","900","Real GDP by metropolitan area","2","..."," Private industries",25644,26121,28568,30870,32406,33636,34321,31840,32314,34209,35087,35780,36249,37053,37578
"37100","Oxnard-Thousand Oaks-Ventura, CA (Metropolitan Statistical Area)"," ","900","Real GDP by metropolitan area","3","11","  Agriculture, forestry, fishing, and hunting",744,889,834,930,1036,1456,1053,1132,1585,1649,1138,1151,1286,1351,1489
"37100","Oxnard-Thousand Oaks-Ventura, CA (Metropolitan Statistical Area)"," ","900","Real GDP by metropolitan area","4","111-112","   Farms",483,632,567,670,776,1132,758,828,1271,1320,830,812,948,1020,"(NA)"
"37100","Oxnard-Thousand Oaks-Ventura, CA (Metropolitan Statistical Area)"," ","900","Real GDP by metropolitan area","5","113-115","   Forestry, fishing, and related activities",278,274,286,271,266,329,312,315,314,330,328,371,358,342,"(NA)"
"37100","Oxnard-Thousand Oaks-Ventura, CA (Metropolitan Statistical Area)"," ","900","Real GDP by metropolitan area","6","21","  Mining",235,242,163,158,221,364,492,432,1191,977,1127,1429,983,876,811
"37100","Oxnard-Thousand Oaks-Ventura, CA (Metropolitan Statistical Area)"," ","900","Real GDP by metropolitan area","7","211","   Oil and gas extraction",118,152,74,71,133,258,384,321,1061,858,986,"(D)",876,762,"(NA)"
"37100","Oxnard-Thousand Oaks-Ventura, CA (Metropolitan Statistical Area)"," ","900","Real GDP by metropolitan area","8","212","   Mining, except oil and gas",85,94,82,73,61,67,65,51,50,33,35,"(D)",34,38,"(NA)"
"37100","Oxnard-Thousand Oaks-Ventura, CA (Metropolitan Statistical Area)"," ","900","Real GDP by metropolitan area","9","213","   Support activities for mining",81,54,50,55,57,65,59,81,80,88,110,"(D)",70,79,"(NA)"
"37100","Oxnard-Thousand Oaks-Ventura, CA (Metropolitan Statistical Area)"," ","900","Real GDP by metropolitan area","10","22","  Utilities",229,355,384,382,379,405,432,408,406,455,503,452,487,427,404
"37100","Oxnard-Thousand Oaks-Ventura, CA (Metropolitan Statistical Area)"," ","900","Real GDP by metropolitan area","11","23","  Construction",1623,1535,1651,1811,1920,1935,1771,1506,1265,1126,1141,1195,1219,1249,1319
"37100","Oxnard-Thousand Oaks-Ventura, CA (Metropolitan Statistical Area)"," ","900","Real GDP by metropolitan area","12","31-33","  Manufacturing",6155,4917,6118,7289,7556,7947,9054,7719,7661,8542,8066,8929,9740,10064,10071
"37100","Oxnard-Thousand Oaks-Ventura, CA (Metropolitan Statistical Area)"," ","900","Real GDP by metropolitan area","13","...","   Durable goods manufacturing",1893,1826,2062,2302,2520,2656,3009,2843,2636,2596,2615,"(D)",2537,2596,2700
"37100","Oxnard-Thousand Oaks-Ventura, CA (Metropolitan Statistical Area)"," ","900","Real GDP by metropolitan area","14","321","    Wood products manufacturing",4,4,4,4,8,9,10,11,13,9,11,"(D)",11,12,"(NA)"
"37100","Oxnard-Thousand Oaks-Ventura, CA (Metropolitan Statistical Area)"," ","900","Real GDP by metropolitan area","15","327","    Nonmetallic mineral products manufacturing",84,88,91,105,117,115,133,130,105,113,"(D)","(D)",116,122,"(NA)"
"37100","Oxnard-Thousand Oaks-Ventura, CA (Metropolitan Statistical Area)"," ","900","Real GDP by metropolitan area","16","331","    Primary metals manufacturing",43,40,44,43,37,39,27,29,40,30,32,"(D)",30,23,"(NA)"
"37100","Oxnard-Thousand Oaks-Ventura, CA (Metropolitan Statistical Area)"," ","900","Real GDP by metropolitan area","17","332","    Fabricated metal products",295,263,286,358,360,362,363,322,283,297,325,"(D)",315,349,"(NA)"
"37100","Oxnard-Thousand Oaks-Ventura, CA (Metropolitan Statistical Area)"," ","900","Real GDP by metropolitan area","18","333","    Machinery manufacturing",364,372,383,592,559,691,802,471,319,338,399,"(D)",389,392,"(NA)"
"37100","Oxnard-Thousand Oaks-Ventura, CA (Metropolitan Statistical Area)"," ","900","Real GDP by metropolitan area","19","334","    Computer and electronic products manufacturing",607,561,698,641,765,793,1003,1201,1280,1237,1233,"(D)",1196,1205,"(NA)"
"37100","Oxnard-Thousand Oaks-Ventura, CA (Metropolitan Statistical Area)"," ","900","Real GDP by metropolitan area","20","335","    Electrical equipment, appliance, and components manufacturing",130,146,145,250,256,234,177,192,125,132,118,"(D)",142,142,"(NA)"
"37100","Oxnard-Thousand Oaks-Ventura, CA (Metropolitan Statistical Area)"," ","900","Real GDP by metropolitan area","21","3361-3363","    Motor vehicles, bodies and trailers, and parts manufacturing",77,"(D)","(D)","(D)",61,97,120,104,"(D)",57,64,"(D)",50,47,"(NA)"
"37100","Oxnard-Thousand Oaks-Ventura, CA (Metropolitan Statistical Area)"," ","900","Real GDP by metropolitan area","22","3364-3366, 3369","    Other transportation equipment manufacturing",107,"(D)","(D)","(D)",194,176,224,197,"(D)",149,"(D)",95,102,106,"(NA)"
"37100","Oxnard-Thousand Oaks-Ventura, CA (Metropolitan Statistical Area)"," ","900","Real GDP by metropolitan area","23","337","    Furniture and related products manufacturing",43,39,36,37,37,41,35,29,22,30,27,"(D)",36,41,"(NA)"
"37100","Oxnard-Thousand Oaks-Ventura, CA (Metropolitan Statistical Area)"," ","900","Real GDP by metropolitan area","24","339","    Miscellaneous manufacturing",159,184,174,186,211,195,193,180,207,207,178,"(D)",154,159,"(NA)"
"37100","Oxnard-Thousand Oaks-Ventura, CA (Metropolitan Statistical Area)"," ","900","Real GDP by metropolitan area","25","...","   Nondurable goods manufacturing",4394,3007,4061,5058,5061,5316,6078,4871,5026,5941,5457,"(D)",7123,7381,7303
"37100","Oxnard-Thousand Oaks-Ventura, CA (Metropolitan Statistical Area)"," ","900","Real GDP by metropolitan area","26","311-312","    Food and beverage and tobacco products manufacturing",186,175,116,141,134,178,174,166,254,203,214,224,291,191,"(NA)"
"37100","Oxnard-Thousand Oaks-Ventura, CA (Metropolitan Statistical Area)"," ","900","Real GDP by metropolitan area","27","313-314","    Textile mills and textile product mills","(D)","(D)","(D)","(D)",4,"(D)","(D)","(D)","(D)","(D)","(D)",3,"(D)","(D)","(NA)"
"37100","Oxnard-Thousand Oaks-Ventura, CA (Metropolitan Statistical Area)"," ","900","Real GDP by metropolitan area","28","315-316","    Apparel and leather and allied products manufacturing","(D)","(D)","(D)","(D)","(D)","(D)","(D)","(D)","(D)",18,"(D)",15,"(D)","(D)","(NA)"
"37100","Oxnard-Thousand Oaks-Ventura, CA (Metropolitan Statistical Area)"," ","900","Real GDP by metropolitan area","29","322","    Paper products manufacturing",114,128,119,124,118,153,135,126,135,127,116,"(D)",99,95,"(NA)"
"37100","Oxnard-Thousand Oaks-Ventura, CA (Metropolitan Statistical Area)"," ","900","Real GDP by metropolitan area","30","323","    Printing and related support activities",60,64,71,75,73,73,83,74,64,67,75,"(D)",89,89,"(NA)"
"37100","Oxnard-Thousand Oaks-Ventura, CA (Metropolitan Statistical Area)"," ","900","Real GDP by metropolitan area","31","324","    Petroleum and coal products manufacturing",52,41,63,"(D)","(D)","(D)","(D)","(D)","(D)","(D)","(D)",28,16,"(D)","(NA)"
"37100","Oxnard-Thousand Oaks-Ventura, CA (Metropolitan Statistical Area)"," ","900","Real GDP by metropolitan area","32","325","    Chemical products manufacturing",3831,2424,3546,4502,4505,4746,5525,4236,4448,5445,4957,"(D)",6566,6901,"(NA)"
"37100","Oxnard-Thousand Oaks-Ventura, CA (Metropolitan Statistical Area)"," ","900","Real GDP by metropolitan area","33","326","    Plastics and rubber products manufacturing",120,117,123,123,119,115,98,75,63,62,60,"(D)",50,52,"(NA)"
"37100","Oxnard-Thousand Oaks-Ventura, CA (Metropolitan Statistical Area)"," ","900","Real GDP by metropolitan area","34","42","  Wholesale trade",1566,1944,2263,2297,2500,2526,2590,2466,2187,2350,2477,2479,2420,2502,2735
"37100","Oxnard-Thousand Oaks-Ventura, CA (Metropolitan Statistical Area)"," ","900","Real GDP by metropolitan area","35","44-45","  Retail trade",2244,2393,2535,2649,2755,2836,2633,2429,2282,2417,2415,2549,2612,2617,2703
"37100","Oxnard-Thousand Oaks-Ventura, CA (Metropolitan Statistical Area)"," ","900","Real GDP by metropolitan area","36","48-49","  Transportation and warehousing",446,435,417,443,460,478,468,461,366,396,418,415,419,436,400
"37100","Oxnard-Thousand Oaks-Ventura, CA (Metropolitan Statistical Area)"," ","900","Real GDP by metropolitan area","37","481","   Air transportation","(D)",2,"(D)",4,7,8,25,16,13,24,22,"(D)",32,34,"(NA)"
"37100","Oxnard-Thousand Oaks-Ventura, CA (Metropolitan Statistical Area)"," ","900","Real GDP by metropolitan area","38","482","   Rail transportation",6,5,5,6,6,5,5,5,4,4,4,4,4,5,"(NA)"
"37100","Oxnard-Thousand Oaks-Ventura, CA (Metropolitan Statistical Area)"," ","900","Real GDP by metropolitan area","39","483","   Water transportation",1,"(D)","(D)","(D)","(D)","(D)","(D)","(D)","(D)","(D)","(D)","(D)","(D)","(D)","(NA)"
"37100","Oxnard-Thousand Oaks-Ventura, CA (Metropolitan Statistical Area)"," ","900","Real GDP by metropolitan area","40","484","   Truck transportation",177,171,160,151,151,157,156,148,121,132,143,"(D)",144,139,"(NA)"
"37100","Oxnard-Thousand Oaks-Ventura, CA (Metropolitan Statistical Area)"," ","900","Real GDP by metropolitan area","41","485","   Transit and ground passenger transportation",58,51,52,39,38,42,44,43,38,39,45,"(D)",39,43,"(NA)"
"37100","Oxnard-Thousand Oaks-Ventura, CA (Metropolitan Statistical Area)"," ","900","Real GDP by metropolitan area","42","486","   Pipeline transportation",5,6,"(D)",4,"(D)","(D)","(D)","(L)","(D)","(D)","(D)","(L)","(L)","(D)","(NA)"
"37100","Oxnard-Thousand Oaks-Ventura, CA (Metropolitan Statistical Area)"," ","900","Real GDP by metropolitan area","43","487-488, 492","   Other transportation and support activities","(D)","(D)","(D)","(D)",174,"(D)","(D)","(D)","(D)",126,132,117,"(D)",129,"(NA)"
"37100","Oxnard-Thousand Oaks-Ventura, CA (Metropolitan Statistical Area)"," ","900","Real GDP by metropolitan area","44","493","   Warehousing and storage",47,51,49,76,84,92,76,86,64,68,69,"(D)",74,84,"(NA)"
"37100","Oxnard-Thousand Oaks-Ventura, CA (Metropolitan Statistical Area)"," ","900","Real GDP by metropolitan area","45","51","  Information",966,1042,1047,1120,1149,1223,1266,1296,1161,1287,1196,1170,1220,1286,1283
"37100","Oxnard-Thousand Oaks-Ventura, CA (Metropolitan Statistical Area)"," ","900","Real GDP by metropolitan area","46","511","   Publishing industries, except Internet (includes software)","(D)","(D)","(D)",273,269,255,333,323,260,274,264,"(D)",281,288,"(NA)"
"37100","Oxnard-Thousand Oaks-Ventura, CA (Metropolitan Statistical Area)"," ","900","Real GDP by metropolitan area","47","512","   Motion picture and sound recording industries",122,160,102,83,76,82,76,105,119,161,167,"(D)",152,180,"(NA)"
"37100","Oxnard-Thousand Oaks-Ventura, CA (Metropolitan Statistical Area)"," ","900","Real GDP by metropolitan area","48","515, 517","   Broadcasting and telecommunications",564,555,553,591,657,676,771,749,703,766,661,"(D)",693,734,"(NA)"
"37100","Oxnard-Thousand Oaks-Ventura, CA (Metropolitan Statistical Area)"," ","900","Real GDP by metropolitan area","49","518, 519","   Data processing, internet publishing, and other information services","(D)","(D)","(D)",179,147,209,88,120,79,86,103,"(D)",94,82,"(NA)"
"37100","Oxnard-Thousand Oaks-Ventura, CA (Metropolitan Statistical Area)"," ","900","Real GDP by metropolitan area","50","52, 53","  Finance, insurance, real estate, rental, and leasing",5085,5725,6264,6566,7024,6918,7172,6364,6392,7312,8877,8065,7923,8228,8188
"37100","Oxnard-Thousand Oaks-Ventura, CA (Metropolitan Statistical Area)"," ","900","Real GDP by metropolitan area","51","52","   Finance and insurance",1677,2057,2567,2543,2651,2682,2860,2077,2237,2542,2834,2465,2260,2297,2114
"37100","Oxnard-Thousand Oaks-Ventura, CA (Metropolitan Statistical Area)"," ","900","Real GDP by metropolitan area","52","521-522","    Federal Reserve banks, credit intermediation, and related services",617,942,1301,918,1044,1025,1094,"(D)","(D)","(D)","(D)","(D)",1369,1357,"(NA)"
"37100","Oxnard-Thousand Oaks-Ventura, CA (Metropolitan Statistical Area)"," ","900","Real GDP by metropolitan area","53","523","    Securities, commodity contracts, and investments",212,214,151,138,145,161,105,40,140,146,132,"(D)",158,155,"(NA)"
"37100","Oxnard-Thousand Oaks-Ventura, CA (Metropolitan Statistical Area)"," ","900","Real GDP by metropolitan area","54","524","    Insurance carriers and related activities",905,927,1117,1546,1510,1551,1699,982,976,1038,1059,"(D)",713,765,"(NA)"
"37100","Oxnard-Thousand Oaks-Ventura, CA (Metropolitan Statistical Area)"," ","900","Real GDP by metropolitan area","55","525","    Funds, trusts, and other financial vehicles",4,7,7,8,8,9,4,"(D)","(D)","(D)","(D)","(D)",8,12,"(NA)"
"37100","Oxnard-Thousand Oaks-Ventura, CA (Metropolitan Statistical Area)"," ","900","Real GDP by metropolitan area","56","53","   Real estate and rental and leasing",3424,3660,3643,3988,4348,4200,4265,4295,4155,4770,6056,5618,5696,5971,6133
"37100","Oxnard-Thousand Oaks-Ventura, CA (Metropolitan Statistical Area)"," ","900","Real GDP by metropolitan area","57","531","    Real estate",3118,3248,3360,3694,4019,3865,3946,3993,3887,4503,5778,"(D)",5407,5677,"(NA)"
"37100","Oxnard-Thousand Oaks-Ventura, CA (Metropolitan Statistical Area)"," ","900","Real GDP by metropolitan area","58","532-533","    Rental and leasing services and lessors of intangible assets",310,422,285,295,330,337,320,302,268,267,278,"(D)",289,294,"(NA)"
"37100","Oxnard-Thousand Oaks-Ventura, CA (Metropolitan Statistical Area)"," ","900","Real GDP by metropolitan area","59","54, 55, 56","  Professional and business services",2974,3123,3310,3536,3630,3616,3556,3700,3635,3481,3485,3542,3547,3525,3593
"37100","Oxnard-Thousand Oaks-Ventura, CA (Metropolitan Statistical Area)"," ","900","Real GDP by metropolitan area","60","54","   Professional, scientific, and technical services",1709,1779,1822,1856,1950,2006,2007,2113,2091,1991,2008,2008,1991,1993,2000
"37100","Oxnard-Thousand Oaks-Ventura, CA (Metropolitan Statistical Area)"," ","900","Real GDP by metropolitan area","64","55","   Management of companies and enterprises",354,394,456,614,544,493,433,419,436,320,310,304,295,267,278
"37100","Oxnard-Thousand Oaks-Ventura, CA (Metropolitan Statistical Area)"," ","900","Real GDP by metropolitan area","65","56","   Administrative and waste management services",896,939,1029,1087,1146,1120,1116,1168,1107,1171,1167,1231,1264,1267,1318
"37100","Oxnard-Thousand Oaks-Ventura, CA (Metropolitan Statistical Area)"," ","900","Real GDP by metropolitan area","66","561","    Administrative and support services",826,870,950,1003,1049,1040,1025,1074,1012,1068,1080,"(D)",1179,1180,"(NA)"
"37100","Oxnard-Thousand Oaks-Ventura, CA (Metropolitan Statistical Area)"," ","900","Real GDP by metropolitan area","67","562","    Waste management and remediation services",70,69,79,84,97,80,91,93,95,103,88,"(D)",85,88,"(NA)"
"37100","Oxnard-Thousand Oaks-Ventura, CA (Metropolitan Statistical Area)"," ","900","Real GDP by metropolitan area","68","61, 62","  Educational services, health care, and social assistance",1679,1786,1895,1943,1984,2063,2085,2232,2280,2315,2397,2413,2483,2542,2628
"37100","Oxnard-Thousand Oaks-Ventura, CA (Metropolitan Statistical Area)"," ","900","Real GDP by metropolitan area","69","61","   Educational services",150,162,181,202,194,200,209,226,244,256,240,259,238,245,241
"37100","Oxnard-Thousand Oaks-Ventura, CA (Metropolitan Statistical Area)"," ","900","Real GDP by metropolitan area","70","62","   Health care and social assistance",1528,1623,1713,1742,1789,1864,1877,2006,2035,2058,2157,2154,2246,2297,2389
"37100","Oxnard-Thousand Oaks-Ventura, CA (Metropolitan Statistical Area)"," ","900","Real GDP by metropolitan area","71","621","    Ambulatory health care services",897,971,1017,1026,1071,1131,1110,1166,1182,1158,1219,"(D)",1252,1265,"(NA)"
"37100","Oxnard-Thousand Oaks-Ventura, CA (Metropolitan Statistical Area)"," ","900","Real GDP by metropolitan area","72","622-623","    Hospitals and nursing and residential care facilities",490,506,530,552,555,569,595,640,644,681,707,715,751,760,"(NA)"
"37100","Oxnard-Thousand Oaks-Ventura, CA (Metropolitan Statistical Area)"," ","900","Real GDP by metropolitan area","73","624","    Social assistance",142,147,167,164,164,163,172,200,209,220,232,"(D)",243,271,"(NA)"
"37100","Oxnard-Thousand Oaks-Ventura, CA (Metropolitan Statistical Area)"," ","900","Real GDP by metropolitan area","74","71, 72","  Arts, entertainment, recreation, accommodation, and food services",1133,1172,1144,1200,1228,1262,1274,1212,1071,1137,1207,1219,1214,1242,1249
"37100","Oxnard-Thousand Oaks-Ventura, CA (Metropolitan Statistical Area)"," ","900","Real GDP by metropolitan area","75","71","   Arts, entertainment, and recreation",249,255,255,274,278,292,310,285,258,276,285,286,292,289,286
"37100","Oxnard-Thousand Oaks-Ventura, CA (Metropolitan Statistical Area)"," ","900","Real GDP by metropolitan area","76","711-712","    Performing arts, spectator sports, museums, and related activities",114,117,105,121,114,123,114,97,94,90,96,"(D)",97,98,"(NA)"
"37100","Oxnard-Thousand Oaks-Ventura, CA (Metropolitan Statistical Area)"," ","900","Real GDP by metropolitan area","77","713","    Amusements, gambling, and recreation industries",136,139,150,154,164,169,197,188,164,186,190,"(D)",196,191,"(NA)"
"37100","Oxnard-Thousand Oaks-Ventura, CA (Metropolitan Statistical Area)"," ","900","Real GDP by metropolitan area","78","72","   Accommodation and food services",885,918,891,927,951,971,963,927,812,862,922,932,921,953,962
"37100","Oxnard-Thousand Oaks-Ventura, CA (Metropolitan Statistical Area)"," ","900","Real GDP by metropolitan area","79","721","    Accommodation",157,143,138,134,164,172,173,169,132,131,143,"(D)",156,154,"(NA)"
"37100","Oxnard-Thousand Oaks-Ventura, CA (Metropolitan Statistical Area)"," ","900","Real GDP by metropolitan area","80","722","    Food services and drinking places",727,776,754,795,787,799,790,757,680,730,779,"(D)",766,799,"(NA)"
"37100","Oxnard-Thousand Oaks-Ventura, CA (Metropolitan Statistical Area)"," ","900","Real GDP by metropolitan area","81","81","  Other services, except government",951,1022,1005,1028,1041,1043,980,907,832,810,800,813,799,818,800
"37100","Oxnard-Thousand Oaks-Ventura, CA (Metropolitan Statistical Area)"," ","900","Real GDP by metropolitan area","82","92"," Government",5014,5165,5280,5240,5152,5178,5204,5262,5133,5095,5047,4912,4819,4847,4923
"37100","Oxnard-Thousand Oaks-Ventura, CA (Metropolitan Statistical Area)"," ","900","Real GDP by metropolitan area","83","...","  Federal civilian",1254,1255,1250,1239,1205,1173,1165,1145,1149,1156,1124,1107,1067,1079,"(NA)"
"37100","Oxnard-Thousand Oaks-Ventura, CA (Metropolitan Statistical Area)"," ","900","Real GDP by metropolitan area","84","...","  Federal military",889,938,936,942,909,925,867,874,857,860,823,766,693,685,"(NA)"
"37100","Oxnard-Thousand Oaks-Ventura, CA (Metropolitan Statistical Area)"," ","900","Real GDP by metropolitan area","85","...","  State and local",2863,2965,3087,3051,3032,3075,3163,3244,3126,3079,3100,3039,3057,3082,"(NA)"
"37100","Oxnard-Thousand Oaks-Ventura, CA (Metropolitan Statistical Area)"," ","900","Real GDP by metropolitan area","86","11, 21","Natural resources and mining",901,1052,943,1034,1194,1738,1511,1512,2777,2618,2273,2582,2300,2266,2367
"37100","Oxnard-Thousand Oaks-Ventura, CA (Metropolitan Statistical Area)"," ","900","Real GDP by metropolitan area","87","42, 44-45","Trade",3836,4353,4806,4958,5262,5372,5223,4893,4469,4767,4894,5028,5031,5118,5438
"37100","Oxnard-Thousand Oaks-Ventura, CA (Metropolitan Statistical Area)"," ","900","Real GDP by metropolitan area","88","...","Transportation and utilities",691,794,801,826,842,886,902,871,772,851,921,868,905,865,805
"37100","Oxnard-Thousand Oaks-Ventura, CA (Metropolitan Statistical Area)"," ","900","Real GDP by metropolitan area","89","...","Private goods-producing industries",8388,7226,8396,9769,10310,11315,11895,10441,11703,12255,11396,12640,13081,13376,13549
"37100","Oxnard-Thousand Oaks-Ventura, CA (Metropolitan Statistical Area)"," ","900","Real GDP by metropolitan area","90","...","Private services-providing industries",17264,18977,20243,21156,22152,22366,22462,21464,20611,21957,23774,23120,23118,23625,23978
"37100","Oxnard-Thousand Oaks-Ventura, CA (Metropolitan Statistical Area)"," ","1000","Per capita real GDP by metropolitan area","1","...","All industry total",39889,40029,42881,45449,47286,48633,49412,46007,45940,47620,48296,48708,48840,49524,49976
"Note: See the included footnote file."
NAICS Industry detail is based on the 2007 North American Industry Classification System (NAICS).
"Source: U.S. Department of Commerce / Bureau of Economic Analysis / Regional Product Division"
