"GeoFIPS","GeoName","Region","ComponentId","ComponentName","IndustryId","IndustryClassification","Description","2001","2002","2003","2004","2005","2006","2007","2008","2009","2010","2011","2012","2013","2014","2015"
"33660","Mobile, AL (Metropolitan Statistical Area)"," ","200","Gross domestic product (GDP) by metropolitan area","1","...","All industry total",11049,11200,11763,12698,13678,14957,15667,16183,16293,16713,17144,17174,17472,17979,18478
"33660","Mobile, AL (Metropolitan Statistical Area)"," ","200","Gross domestic product (GDP) by metropolitan area","2","..."," Private industries",9558,9612,10066,10880,11780,13021,13583,14025,14025,14403,14834,14898,15255,15744,16212
"33660","Mobile, AL (Metropolitan Statistical Area)"," ","200","Gross domestic product (GDP) by metropolitan area","3","11","  Agriculture, forestry, fishing, and hunting",64,61,77,87,71,108,97,90,89,99,98,81,87,90,89
"33660","Mobile, AL (Metropolitan Statistical Area)"," ","200","Gross domestic product (GDP) by metropolitan area","4","111-112","   Farms",24,25,39,47,32,60,48,38,43,43,53,39,50,48,"(NA)"
"33660","Mobile, AL (Metropolitan Statistical Area)"," ","200","Gross domestic product (GDP) by metropolitan area","5","113-115","   Forestry, fishing, and related activities",40,36,38,39,39,49,48,51,46,56,45,42,37,42,"(NA)"
"33660","Mobile, AL (Metropolitan Statistical Area)"," ","200","Gross domestic product (GDP) by metropolitan area","6","21","  Mining",160,137,256,353,555,596,801,705,559,439,402,348,370,319,118
"33660","Mobile, AL (Metropolitan Statistical Area)"," ","200","Gross domestic product (GDP) by metropolitan area","7","211","   Oil and gas extraction",123,113,247,344,547,"(D)","(D)","(D)",539,414,"(D)",317,339,291,"(NA)"
"33660","Mobile, AL (Metropolitan Statistical Area)"," ","200","Gross domestic product (GDP) by metropolitan area","8","212","   Mining, except oil and gas",5,2,2,2,3,"(D)","(D)","(D)",8,13,"(D)",12,12,13,"(NA)"
"33660","Mobile, AL (Metropolitan Statistical Area)"," ","200","Gross domestic product (GDP) by metropolitan area","9","213","   Support activities for mining",32,23,7,6,5,10,11,13,13,12,15,20,18,16,"(NA)"
"33660","Mobile, AL (Metropolitan Statistical Area)"," ","200","Gross domestic product (GDP) by metropolitan area","10","22","  Utilities","(D)",251,267,"(D)",229,272,294,344,296,326,312,278,281,311,336
"33660","Mobile, AL (Metropolitan Statistical Area)"," ","200","Gross domestic product (GDP) by metropolitan area","11","23","  Construction",652,618,614,666,874,955,1020,1010,976,990,785,712,710,780,818
"33660","Mobile, AL (Metropolitan Statistical Area)"," ","200","Gross domestic product (GDP) by metropolitan area","12","31-33","  Manufacturing",1631,1446,1563,1751,1737,1917,2100,2201,2276,2594,2861,3181,3396,3549,3852
"33660","Mobile, AL (Metropolitan Statistical Area)"," ","200","Gross domestic product (GDP) by metropolitan area","13","...","   Durable goods manufacturing",602,609,"(D)","(D)",774,860,1027,1201,1037,1242,1489,1764,1881,1942,2016
"33660","Mobile, AL (Metropolitan Statistical Area)"," ","200","Gross domestic product (GDP) by metropolitan area","14","321","    Wood products manufacturing",59,56,62,79,81,84,61,45,40,48,48,45,60,48,"(NA)"
"33660","Mobile, AL (Metropolitan Statistical Area)"," ","200","Gross domestic product (GDP) by metropolitan area","15","327","    Nonmetallic mineral products manufacturing",55,60,57,61,64,72,105,86,80,57,46,35,42,44,"(NA)"
"33660","Mobile, AL (Metropolitan Statistical Area)"," ","200","Gross domestic product (GDP) by metropolitan area","16","331","    Primary metals manufacturing","(D)","(D)","(D)","(D)",96,118,182,340,236,432,662,862,774,870,"(NA)"
"33660","Mobile, AL (Metropolitan Statistical Area)"," ","200","Gross domestic product (GDP) by metropolitan area","17","332","    Fabricated metal products",118,111,106,107,111,100,125,135,118,117,138,161,170,165,"(NA)"
"33660","Mobile, AL (Metropolitan Statistical Area)"," ","200","Gross domestic product (GDP) by metropolitan area","18","333","    Machinery manufacturing",31,28,18,28,40,67,54,55,52,56,73,77,85,81,"(NA)"
"33660","Mobile, AL (Metropolitan Statistical Area)"," ","200","Gross domestic product (GDP) by metropolitan area","19","334","    Computer and electronic products manufacturing",58,63,56,72,70,67,64,50,58,53,53,41,40,44,"(NA)"
"33660","Mobile, AL (Metropolitan Statistical Area)"," ","200","Gross domestic product (GDP) by metropolitan area","20","335","    Electrical equipment, appliance, and components manufacturing",20,24,19,9,7,10,9,11,10,8,8,9,"(D)","(D)","(NA)"
"33660","Mobile, AL (Metropolitan Statistical Area)"," ","200","Gross domestic product (GDP) by metropolitan area","21","3361-3363","    Motor vehicles, bodies and trailers, and parts manufacturing","(D)","(D)",9,10,"(D)",8,15,"(D)","(D)","(D)","(D)","(D)","(D)","(D)","(NA)"
"33660","Mobile, AL (Metropolitan Statistical Area)"," ","200","Gross domestic product (GDP) by metropolitan area","22","3364-3366, 3369","    Other transportation equipment manufacturing","(D)","(D)",173,195,"(D)",301,382,"(D)","(D)","(D)","(D)","(D)",669,650,"(NA)"
"33660","Mobile, AL (Metropolitan Statistical Area)"," ","200","Gross domestic product (GDP) by metropolitan area","23","337","    Furniture and related products manufacturing",21,22,19,20,22,23,21,16,14,13,11,9,10,11,"(NA)"
"33660","Mobile, AL (Metropolitan Statistical Area)"," ","200","Gross domestic product (GDP) by metropolitan area","24","339","    Miscellaneous manufacturing",8,8,6,7,9,9,10,11,11,11,13,16,17,18,"(NA)"
"33660","Mobile, AL (Metropolitan Statistical Area)"," ","200","Gross domestic product (GDP) by metropolitan area","25","...","   Nondurable goods manufacturing",1029,837,"(D)","(D)",963,1058,1074,1000,1239,1352,1372,1417,1515,1606,1836
"33660","Mobile, AL (Metropolitan Statistical Area)"," ","200","Gross domestic product (GDP) by metropolitan area","26","311-312","    Food and beverage and tobacco products manufacturing","(D)","(D)","(D)","(D)","(D)","(D)",98,"(D)","(D)","(D)","(D)","(D)","(D)","(D)","(NA)"
"33660","Mobile, AL (Metropolitan Statistical Area)"," ","200","Gross domestic product (GDP) by metropolitan area","27","313-314","    Textile mills and textile product mills","(D)",3,"(D)","(D)","(D)",3,3,3,3,17,14,18,"(D)","(D)","(NA)"
"33660","Mobile, AL (Metropolitan Statistical Area)"," ","200","Gross domestic product (GDP) by metropolitan area","28","315-316","    Apparel and leather and allied products manufacturing","(D)","(D)","(D)","(D)","(D)","(D)","(D)","(D)","(D)","(D)","(D)","(D)","(D)",1,"(NA)"
"33660","Mobile, AL (Metropolitan Statistical Area)"," ","200","Gross domestic product (GDP) by metropolitan area","29","322","    Paper products manufacturing",333,173,140,184,177,188,177,173,188,183,171,198,189,213,"(NA)"
"33660","Mobile, AL (Metropolitan Statistical Area)"," ","200","Gross domestic product (GDP) by metropolitan area","30","323","    Printing and related support activities",11,12,13,12,11,13,12,11,10,8,8,10,12,11,"(NA)"
"33660","Mobile, AL (Metropolitan Statistical Area)"," ","200","Gross domestic product (GDP) by metropolitan area","31","324","    Petroleum and coal products manufacturing",37,54,67,84,"(D)",66,"(D)","(D)","(D)","(D)","(D)",105,124,96,"(NA)"
"33660","Mobile, AL (Metropolitan Statistical Area)"," ","200","Gross domestic product (GDP) by metropolitan area","32","325","    Chemical products manufacturing",544,486,667,699,572,678,672,645,849,979,967,954,1024,1116,"(NA)"
"33660","Mobile, AL (Metropolitan Statistical Area)"," ","200","Gross domestic product (GDP) by metropolitan area","33","326","    Plastics and rubber products manufacturing",21,17,13,13,14,16,21,22,27,26,30,32,46,44,"(NA)"
"33660","Mobile, AL (Metropolitan Statistical Area)"," ","200","Gross domestic product (GDP) by metropolitan area","34","42","  Wholesale trade",718,737,781,865,947,1011,1052,1091,1066,1022,1057,1090,1133,1176,1210
"33660","Mobile, AL (Metropolitan Statistical Area)"," ","200","Gross domestic product (GDP) by metropolitan area","35","44-45","  Retail trade",935,949,970,1007,1129,1186,1183,1157,1117,1137,1157,1175,1209,1235,1264
"33660","Mobile, AL (Metropolitan Statistical Area)"," ","200","Gross domestic product (GDP) by metropolitan area","36","48-49","  Transportation and warehousing","(D)",519,512,"(D)",581,656,765,930,843,900,914,967,973,990,977
"33660","Mobile, AL (Metropolitan Statistical Area)"," ","200","Gross domestic product (GDP) by metropolitan area","37","481","   Air transportation",6,9,9,9,11,"(D)",16,20,20,23,18,18,15,13,"(NA)"
"33660","Mobile, AL (Metropolitan Statistical Area)"," ","200","Gross domestic product (GDP) by metropolitan area","38","482","   Rail transportation",49,48,51,55,"(D)","(D)",60,68,64,67,70,80,82,87,"(NA)"
"33660","Mobile, AL (Metropolitan Statistical Area)"," ","200","Gross domestic product (GDP) by metropolitan area","39","483","   Water transportation",24,21,39,42,44,58,143,222,204,223,212,182,185,179,"(NA)"
"33660","Mobile, AL (Metropolitan Statistical Area)"," ","200","Gross domestic product (GDP) by metropolitan area","40","484","   Truck transportation",210,206,189,182,196,208,205,192,169,172,179,185,181,191,"(NA)"
"33660","Mobile, AL (Metropolitan Statistical Area)"," ","200","Gross domestic product (GDP) by metropolitan area","41","485","   Transit and ground passenger transportation",6,4,5,7,8,9,9,16,16,18,17,16,17,16,"(NA)"
"33660","Mobile, AL (Metropolitan Statistical Area)"," ","200","Gross domestic product (GDP) by metropolitan area","42","486","   Pipeline transportation",32,26,28,32,35,42,55,83,76,108,112,"(D)",200,218,"(NA)"
"33660","Mobile, AL (Metropolitan Statistical Area)"," ","200","Gross domestic product (GDP) by metropolitan area","43","487-488, 492","   Other transportation and support activities","(D)",189,177,"(D)","(D)","(D)",225,271,243,247,257,"(D)",241,239,"(NA)"
"33660","Mobile, AL (Metropolitan Statistical Area)"," ","200","Gross domestic product (GDP) by metropolitan area","44","493","   Warehousing and storage",19,16,15,22,32,47,52,59,51,43,50,55,52,47,"(NA)"
"33660","Mobile, AL (Metropolitan Statistical Area)"," ","200","Gross domestic product (GDP) by metropolitan area","45","51","  Information",327,320,310,342,394,421,409,422,417,409,420,420,424,456,443
"33660","Mobile, AL (Metropolitan Statistical Area)"," ","200","Gross domestic product (GDP) by metropolitan area","46","511","   Publishing industries, except Internet (includes software)","(D)","(D)","(D)","(D)","(D)","(D)",117,120,120,122,128,119,96,81,"(NA)"
"33660","Mobile, AL (Metropolitan Statistical Area)"," ","200","Gross domestic product (GDP) by metropolitan area","47","512","   Motion picture and sound recording industries",11,11,10,11,14,18,26,11,16,12,11,39,32,32,"(NA)"
"33660","Mobile, AL (Metropolitan Statistical Area)"," ","200","Gross domestic product (GDP) by metropolitan area","48","515, 517","   Broadcasting and telecommunications",260,228,210,219,255,282,246,258,254,244,255,242,274,315,"(NA)"
"33660","Mobile, AL (Metropolitan Statistical Area)"," ","200","Gross domestic product (GDP) by metropolitan area","49","518, 519","   Data processing, internet publishing, and other information services","(D)","(D)","(D)","(D)","(D)","(D)",20,32,27,30,27,20,21,27,"(NA)"
"33660","Mobile, AL (Metropolitan Statistical Area)"," ","200","Gross domestic product (GDP) by metropolitan area","50","52, 53","  Finance, insurance, real estate, rental, and leasing",1788,1961,2015,2176,2277,2680,2452,2541,2839,2674,3009,2794,2747,2720,2735
"33660","Mobile, AL (Metropolitan Statistical Area)"," ","200","Gross domestic product (GDP) by metropolitan area","51","52","   Finance and insurance",551,597,659,677,856,1077,777,671,812,665,1024,892,790,766,806
"33660","Mobile, AL (Metropolitan Statistical Area)"," ","200","Gross domestic product (GDP) by metropolitan area","52","521-522","    Federal Reserve banks, credit intermediation, and related services",315,376,436,445,423,373,312,258,"(D)","(D)",209,301,281,287,"(NA)"
"33660","Mobile, AL (Metropolitan Statistical Area)"," ","200","Gross domestic product (GDP) by metropolitan area","53","523","    Securities, commodity contracts, and investments",44,34,34,37,50,53,52,"(D)",61,62,"(D)","(D)","(D)","(D)","(NA)"
"33660","Mobile, AL (Metropolitan Statistical Area)"," ","200","Gross domestic product (GDP) by metropolitan area","54","524","    Insurance carriers and related activities",189,188,188,195,381,651,413,374,527,369,748,507,421,383,"(NA)"
"33660","Mobile, AL (Metropolitan Statistical Area)"," ","200","Gross domestic product (GDP) by metropolitan area","55","525","    Funds, trusts, and other financial vehicles",3,"(L)",1,1,1,1,1,"(D)","(D)","(D)","(D)","(D)","(D)","(D)","(NA)"
"33660","Mobile, AL (Metropolitan Statistical Area)"," ","200","Gross domestic product (GDP) by metropolitan area","56","53","   Real estate and rental and leasing",1237,1364,1356,1499,1422,1602,1675,1869,2027,2009,1986,1901,1957,1954,1930
"33660","Mobile, AL (Metropolitan Statistical Area)"," ","200","Gross domestic product (GDP) by metropolitan area","57","531","    Real estate","(D)","(D)","(D)","(D)","(D)","(D)",1329,1443,1620,"(D)","(D)",1433,1508,"(D)","(NA)"
"33660","Mobile, AL (Metropolitan Statistical Area)"," ","200","Gross domestic product (GDP) by metropolitan area","58","532-533","    Rental and leasing services and lessors of intangible assets","(D)","(D)","(D)","(D)","(D)","(D)",345,426,407,"(D)","(D)",469,449,"(D)","(NA)"
"33660","Mobile, AL (Metropolitan Statistical Area)"," ","200","Gross domestic product (GDP) by metropolitan area","59","54, 55, 56","  Professional and business services",952,1026,1034,1057,1137,1234,1349,1410,1353,1560,1512,1496,1538,1586,1657
"33660","Mobile, AL (Metropolitan Statistical Area)"," ","200","Gross domestic product (GDP) by metropolitan area","60","54","   Professional, scientific, and technical services",556,618,621,631,666,733,785,824,798,815,836,863,899,908,933
"33660","Mobile, AL (Metropolitan Statistical Area)"," ","200","Gross domestic product (GDP) by metropolitan area","64","55","   Management of companies and enterprises",29,28,27,22,27,33,37,41,40,65,84,83,81,87,100
"33660","Mobile, AL (Metropolitan Statistical Area)"," ","200","Gross domestic product (GDP) by metropolitan area","65","56","   Administrative and waste management services",367,381,387,404,443,468,527,546,515,680,592,550,558,591,624
"33660","Mobile, AL (Metropolitan Statistical Area)"," ","200","Gross domestic product (GDP) by metropolitan area","66","561","    Administrative and support services",324,342,349,365,403,426,470,484,455,494,473,475,487,525,"(NA)"
"33660","Mobile, AL (Metropolitan Statistical Area)"," ","200","Gross domestic product (GDP) by metropolitan area","67","562","    Waste management and remediation services",43,38,39,39,40,42,58,62,60,187,119,75,71,65,"(NA)"
"33660","Mobile, AL (Metropolitan Statistical Area)"," ","200","Gross domestic product (GDP) by metropolitan area","68","61, 62","  Educational services, health care, and social assistance",836,878,946,1019,1061,1149,1207,1260,1313,1331,1384,1413,1423,1502,1603
"33660","Mobile, AL (Metropolitan Statistical Area)"," ","200","Gross domestic product (GDP) by metropolitan area","69","61","   Educational services",67,70,74,84,91,97,103,98,108,119,124,121,116,122,127
"33660","Mobile, AL (Metropolitan Statistical Area)"," ","200","Gross domestic product (GDP) by metropolitan area","70","62","   Health care and social assistance",769,807,873,935,970,1052,1104,1162,1206,1212,1260,1291,1307,1380,1475
"33660","Mobile, AL (Metropolitan Statistical Area)"," ","200","Gross domestic product (GDP) by metropolitan area","71","621","    Ambulatory health care services",399,417,459,472,508,554,568,607,639,656,674,679,695,733,"(NA)"
"33660","Mobile, AL (Metropolitan Statistical Area)"," ","200","Gross domestic product (GDP) by metropolitan area","72","622-623","    Hospitals and nursing and residential care facilities",303,326,349,399,393,424,459,474,484,471,501,517,518,546,"(NA)"
"33660","Mobile, AL (Metropolitan Statistical Area)"," ","200","Gross domestic product (GDP) by metropolitan area","73","624","    Social assistance",68,64,65,64,68,74,77,81,83,85,84,95,94,102,"(NA)"
"33660","Mobile, AL (Metropolitan Statistical Area)"," ","200","Gross domestic product (GDP) by metropolitan area","74","71, 72","  Arts, entertainment, recreation, accommodation, and food services",331,339,353,370,389,411,426,436,446,464,461,478,493,535,581
"33660","Mobile, AL (Metropolitan Statistical Area)"," ","200","Gross domestic product (GDP) by metropolitan area","75","71","   Arts, entertainment, and recreation",42,40,42,44,45,49,53,51,52,53,55,56,57,57,76
"33660","Mobile, AL (Metropolitan Statistical Area)"," ","200","Gross domestic product (GDP) by metropolitan area","76","711-712","    Performing arts, spectator sports, museums, and related activities",21,16,17,19,19,21,21,22,24,23,25,24,23,22,"(NA)"
"33660","Mobile, AL (Metropolitan Statistical Area)"," ","200","Gross domestic product (GDP) by metropolitan area","77","713","    Amusements, gambling, and recreation industries",22,24,25,26,26,28,31,29,28,30,30,32,34,34,"(NA)"
"33660","Mobile, AL (Metropolitan Statistical Area)"," ","200","Gross domestic product (GDP) by metropolitan area","78","72","   Accommodation and food services",288,298,311,326,344,362,374,385,393,411,406,422,436,478,505
"33660","Mobile, AL (Metropolitan Statistical Area)"," ","200","Gross domestic product (GDP) by metropolitan area","79","721","    Accommodation",49,48,46,49,55,56,65,71,65,67,69,72,80,84,"(NA)"
"33660","Mobile, AL (Metropolitan Statistical Area)"," ","200","Gross domestic product (GDP) by metropolitan area","80","722","    Food services and drinking places",240,250,265,277,290,306,309,314,328,345,337,350,356,395,"(NA)"
"33660","Mobile, AL (Metropolitan Statistical Area)"," ","200","Gross domestic product (GDP) by metropolitan area","81","81","  Other services, except government",363,371,367,380,400,425,427,429,435,457,464,464,471,494,528
"33660","Mobile, AL (Metropolitan Statistical Area)"," ","200","Gross domestic product (GDP) by metropolitan area","82","92"," Government",1490,1588,1697,1818,1898,1935,2084,2158,2268,2310,2310,2276,2218,2235,2266
"33660","Mobile, AL (Metropolitan Statistical Area)"," ","200","Gross domestic product (GDP) by metropolitan area","83","...","  Federal civilian",220,267,281,294,296,302,316,316,337,359,358,354,358,368,"(NA)"
"33660","Mobile, AL (Metropolitan Statistical Area)"," ","200","Gross domestic product (GDP) by metropolitan area","84","...","  Federal military",135,157,188,229,245,262,274,281,330,330,341,330,329,323,"(NA)"
"33660","Mobile, AL (Metropolitan Statistical Area)"," ","200","Gross domestic product (GDP) by metropolitan area","85","...","  State and local",1135,1164,1227,1295,1356,1372,1495,1561,1601,1621,1611,1592,1530,1543,"(NA)"
"33660","Mobile, AL (Metropolitan Statistical Area)"," ","200","Gross domestic product (GDP) by metropolitan area","86","11, 21","Natural resources and mining",224,198,333,439,626,704,897,795,648,538,500,429,457,409,207
"33660","Mobile, AL (Metropolitan Statistical Area)"," ","200","Gross domestic product (GDP) by metropolitan area","87","42, 44-45","Trade",1653,1686,1750,1872,2076,2196,2235,2248,2183,2159,2213,2265,2342,2411,2474
"33660","Mobile, AL (Metropolitan Statistical Area)"," ","200","Gross domestic product (GDP) by metropolitan area","88","...","Transportation and utilities",801,770,779,808,810,928,1059,1274,1139,1226,1226,1246,1253,1302,1313
"33660","Mobile, AL (Metropolitan Statistical Area)"," ","200","Gross domestic product (GDP) by metropolitan area","89","...","Private goods-producing industries",2508,2262,2511,2856,3236,3576,4018,4006,3900,4123,4146,4323,4563,4738,4878
"33660","Mobile, AL (Metropolitan Statistical Area)"," ","200","Gross domestic product (GDP) by metropolitan area","90","...","Private services-providing industries",7051,7350,7555,8024,8544,9445,9565,10020,10126,10280,10688,10575,10691,11006,11334
"33660","Mobile, AL (Metropolitan Statistical Area)"," ","800","Quantity indexes for real GDP by metropolitan area","1","...","All industry total",83.550,83.377,85.144,88.884,91.639,96.841,98.512,98.369,100.000,100.192,100.310,99.055,99.447,99.877,101.866
"33660","Mobile, AL (Metropolitan Statistical Area)"," ","800","Quantity indexes for real GDP by metropolitan area","2","..."," Private industries",82.626,82.093,83.810,87.821,90.989,97.299,98.820,98.539,100.000,100.374,100.812,99.821,100.970,101.695,104.156
"33660","Mobile, AL (Metropolitan Statistical Area)"," ","800","Quantity indexes for real GDP by metropolitan area","3","11","  Agriculture, forestry, fishing, and hunting",76.161,76.537,91.549,93.284,83.507,129.632,96.624,87.106,100.000,100.377,84.538,68.399,71.640,76.662,85.798
"33660","Mobile, AL (Metropolitan Statistical Area)"," ","800","Quantity indexes for real GDP by metropolitan area","4","111-112","   Farms",55.296,62.864,88.021,89.032,72.519,143.477,85.120,67.332,100.000,86.616,78.337,56.368,70.264,74.512,"(NA)"
"33660","Mobile, AL (Metropolitan Statistical Area)"," ","800","Quantity indexes for real GDP by metropolitan area","5","113-115","   Forestry, fishing, and related activities",93.225,86.621,90.852,93.330,91.740,111.672,107.240,108.027,100.000,113.733,89.497,81.850,70.624,76.427,"(NA)"
"33660","Mobile, AL (Metropolitan Statistical Area)"," ","800","Quantity indexes for real GDP by metropolitan area","6","21","  Mining",54.196,52.463,63.241,70.473,78.259,79.877,99.486,64.751,100.000,60.260,47.876,45.958,46.624,42.230,29.204
"33660","Mobile, AL (Metropolitan Statistical Area)"," ","800","Quantity indexes for real GDP by metropolitan area","7","211","   Oil and gas extraction",42.000,46.036,62.569,70.307,78.562,"(D)","(D)","(D)",100.000,58.301,"(D)",43.097,43.865,39.562,"(NA)"
"33660","Mobile, AL (Metropolitan Statistical Area)"," ","800","Quantity indexes for real GDP by metropolitan area","8","212","   Mining, except oil and gas",174.840,54.305,48.620,53.611,67.635,"(D)","(D)","(D)",100.000,154.795,"(D)",132.338,145.855,157.495,"(NA)"
"33660","Mobile, AL (Metropolitan Statistical Area)"," ","800","Quantity indexes for real GDP by metropolitan area","9","213","   Support activities for mining",459.770,296.440,90.556,70.921,46.426,78.532,84.221,94.792,100.000,97.068,111.883,145.591,132.323,113.553,"(NA)"
"33660","Mobile, AL (Metropolitan Statistical Area)"," ","800","Quantity indexes for real GDP by metropolitan area","10","22","  Utilities","(D)",123.645,122.901,"(D)",96.424,105.365,113.083,131.873,100.000,113.105,107.530,98.975,96.594,99.070,98.714
"33660","Mobile, AL (Metropolitan Statistical Area)"," ","800","Quantity indexes for real GDP by metropolitan area","11","23","  Construction",103.456,93.660,88.868,89.509,105.810,105.586,106.032,104.975,100.000,103.324,80.731,71.189,68.583,70.983,72.396
"33660","Mobile, AL (Metropolitan Statistical Area)"," ","800","Quantity indexes for real GDP by metropolitan area","12","31-33","  Manufacturing",82.321,73.349,78.594,86.572,82.121,87.477,95.395,96.465,100.000,110.491,114.551,127.000,137.523,138.480,153.697
"33660","Mobile, AL (Metropolitan Statistical Area)"," ","800","Quantity indexes for real GDP by metropolitan area","13","...","   Durable goods manufacturing",58.109,58.842,"(D)","(D)",70.318,76.121,91.095,106.860,100.000,113.604,129.586,159.898,176.874,174.153,190.769
"33660","Mobile, AL (Metropolitan Statistical Area)"," ","800","Quantity indexes for real GDP by metropolitan area","14","321","    Wood products manufacturing",131.316,124.676,132.217,145.120,152.298,170.491,139.867,108.251,100.000,116.399,126.828,111.836,129.662,90.101,"(NA)"
"33660","Mobile, AL (Metropolitan Statistical Area)"," ","800","Quantity indexes for real GDP by metropolitan area","15","327","    Nonmetallic mineral products manufacturing",83.106,89.267,85.658,92.004,89.982,91.797,133.949,114.969,100.000,73.031,62.242,44.797,50.738,50.913,"(NA)"
"33660","Mobile, AL (Metropolitan Statistical Area)"," ","800","Quantity indexes for real GDP by metropolitan area","16","331","    Primary metals manufacturing","(D)","(D)","(D)","(D)",31.694,32.232,46.910,86.579,100.000,144.708,193.495,284.864,290.203,303.050,"(NA)"
"33660","Mobile, AL (Metropolitan Statistical Area)"," ","800","Quantity indexes for real GDP by metropolitan area","17","332","    Fabricated metal products",130.094,121.916,118.044,117.719,116.599,105.071,128.139,132.645,100.000,106.505,125.869,139.697,143.339,139.061,"(NA)"
"33660","Mobile, AL (Metropolitan Statistical Area)"," ","800","Quantity indexes for real GDP by metropolitan area","18","333","    Machinery manufacturing",65.750,59.148,39.307,62.646,87.212,145.194,115.627,117.506,100.000,111.385,147.524,147.973,156.280,143.942,"(NA)"
"33660","Mobile, AL (Metropolitan Statistical Area)"," ","800","Quantity indexes for real GDP by metropolitan area","19","334","    Computer and electronic products manufacturing",50.880,59.521,59.210,84.102,87.516,92.426,97.399,84.237,100.000,94.406,97.829,75.869,74.140,80.258,"(NA)"
"33660","Mobile, AL (Metropolitan Statistical Area)"," ","800","Quantity indexes for real GDP by metropolitan area","20","335","    Electrical equipment, appliance, and components manufacturing",222.157,264.165,211.542,104.504,85.428,107.024,96.324,119.534,100.000,80.388,75.836,88.232,"(D)","(D)","(NA)"
"33660","Mobile, AL (Metropolitan Statistical Area)"," ","800","Quantity indexes for real GDP by metropolitan area","21","3361-3363","    Motor vehicles, bodies and trailers, and parts manufacturing","(D)","(D)","(D)","(D)","(D)","(D)","(D)","(D)","(D)","(D)","(D)","(D)","(D)","(D)","(NA)"
"33660","Mobile, AL (Metropolitan Statistical Area)"," ","800","Quantity indexes for real GDP by metropolitan area","22","3364-3366, 3369","    Other transportation equipment manufacturing","(D)","(D)","(D)","(D)","(D)","(D)","(D)","(D)","(D)","(D)","(D)","(D)","(D)","(D)","(NA)"
"33660","Mobile, AL (Metropolitan Statistical Area)"," ","800","Quantity indexes for real GDP by metropolitan area","23","337","    Furniture and related products manufacturing",178.023,181.014,157.483,179.873,185.148,201.050,175.880,132.065,100.000,101.716,83.535,67.224,77.388,78.491,"(NA)"
"33660","Mobile, AL (Metropolitan Statistical Area)"," ","800","Quantity indexes for real GDP by metropolitan area","24","339","    Miscellaneous manufacturing",79.950,74.729,56.432,64.791,87.663,88.525,91.612,108.201,100.000,106.323,121.124,146.940,151.851,159.134,"(NA)"
"33660","Mobile, AL (Metropolitan Statistical Area)"," ","800","Quantity indexes for real GDP by metropolitan area","25","...","   Nondurable goods manufacturing",109.499,89.749,"(D)","(D)",95.511,100.425,100.911,87.046,100.000,107.835,101.636,99.455,104.897,108.573,122.352
"33660","Mobile, AL (Metropolitan Statistical Area)"," ","800","Quantity indexes for real GDP by metropolitan area","26","311-312","    Food and beverage and tobacco products manufacturing","(D)","(D)","(D)","(D)","(D)","(D)","(D)","(D)","(D)","(D)","(D)","(D)","(D)","(D)","(NA)"
"33660","Mobile, AL (Metropolitan Statistical Area)"," ","800","Quantity indexes for real GDP by metropolitan area","27","313-314","    Textile mills and textile product mills","(D)",125.003,"(D)","(D)","(D)",114.180,125.338,129.347,100.000,611.237,458.485,631.678,"(D)","(D)","(NA)"
"33660","Mobile, AL (Metropolitan Statistical Area)"," ","800","Quantity indexes for real GDP by metropolitan area","28","315-316","    Apparel and leather and allied products manufacturing","(D)","(D)","(D)","(D)","(D)","(D)","(D)","(D)","(D)","(D)","(D)","(D)","(D)","(D)","(NA)"
"33660","Mobile, AL (Metropolitan Statistical Area)"," ","800","Quantity indexes for real GDP by metropolitan area","29","322","    Paper products manufacturing",205.802,108.827,91.584,124.362,117.738,118.089,108.720,101.066,100.000,93.921,87.959,102.182,92.460,103.013,"(NA)"
"33660","Mobile, AL (Metropolitan Statistical Area)"," ","800","Quantity indexes for real GDP by metropolitan area","30","323","    Printing and related support activities",103.278,123.890,135.779,121.426,114.628,124.631,122.163,112.211,100.000,86.939,87.777,106.915,127.390,121.142,"(NA)"
"33660","Mobile, AL (Metropolitan Statistical Area)"," ","800","Quantity indexes for real GDP by metropolitan area","31","324","    Petroleum and coal products manufacturing","(D)","(D)","(D)","(D)","(D)","(D)","(D)","(D)","(D)","(D)","(D)","(D)","(D)","(D)","(NA)"
"33660","Mobile, AL (Metropolitan Statistical Area)"," ","800","Quantity indexes for real GDP by metropolitan area","32","325","    Chemical products manufacturing",86.267,76.555,102.959,107.410,84.296,96.598,95.455,82.640,100.000,115.127,105.156,97.275,101.872,107.136,"(NA)"
"33660","Mobile, AL (Metropolitan Statistical Area)"," ","800","Quantity indexes for real GDP by metropolitan area","33","326","    Plastics and rubber products manufacturing",89.553,72.603,56.474,56.431,60.868,65.275,87.213,89.960,100.000,97.193,109.973,113.665,158.767,155.992,"(NA)"
"33660","Mobile, AL (Metropolitan Statistical Area)"," ","800","Quantity indexes for real GDP by metropolitan area","34","42","  Wholesale trade",82.134,84.764,90.751,97.505,104.083,107.295,109.433,109.995,100.000,93.599,94.608,94.669,97.451,100.332,102.661
"33660","Mobile, AL (Metropolitan Statistical Area)"," ","800","Quantity indexes for real GDP by metropolitan area","35","44-45","  Retail trade",94.427,96.127,98.784,100.571,110.137,112.432,109.092,104.846,100.000,101.050,100.755,99.676,101.548,102.413,103.179
"33660","Mobile, AL (Metropolitan Statistical Area)"," ","800","Quantity indexes for real GDP by metropolitan area","36","48-49","  Transportation and warehousing","(D)",64.377,62.610,"(D)",70.455,78.254,90.691,108.698,100.000,102.128,105.416,109.323,107.705,104.612,95.309
"33660","Mobile, AL (Metropolitan Statistical Area)"," ","800","Quantity indexes for real GDP by metropolitan area","37","481","   Air transportation",29.393,40.518,42.126,46.807,62.042,"(D)",84.095,102.735,100.000,110.909,81.563,76.622,59.561,49.992,"(NA)"
"33660","Mobile, AL (Metropolitan Statistical Area)"," ","800","Quantity indexes for real GDP by metropolitan area","38","482","   Rail transportation",112.623,106.324,112.679,120.039,"(D)","(D)",107.000,109.898,100.000,103.014,101.896,109.447,107.504,110.110,"(NA)"
"33660","Mobile, AL (Metropolitan Statistical Area)"," ","800","Quantity indexes for real GDP by metropolitan area","39","483","   Water transportation",5.954,4.533,7.512,9.832,12.839,19.481,56.405,89.785,100.000,95.741,105.616,95.989,103.745,90.369,"(NA)"
"33660","Mobile, AL (Metropolitan Statistical Area)"," ","800","Quantity indexes for real GDP by metropolitan area","40","484","   Truck transportation",144.014,139.525,126.320,120.248,125.049,131.289,127.961,116.542,100.000,107.571,112.515,112.883,106.992,107.841,"(NA)"
"33660","Mobile, AL (Metropolitan Statistical Area)"," ","800","Quantity indexes for real GDP by metropolitan area","41","485","   Transit and ground passenger transportation",59.046,39.737,38.760,59.219,60.098,66.468,64.604,111.811,100.000,110.900,103.364,96.370,92.394,89.640,"(NA)"
"33660","Mobile, AL (Metropolitan Statistical Area)"," ","800","Quantity indexes for real GDP by metropolitan area","42","486","   Pipeline transportation",43.008,35.137,41.841,49.700,57.513,65.444,83.528,134.228,100.000,131.446,135.268,"(D)",214.931,226.675,"(NA)"
"33660","Mobile, AL (Metropolitan Statistical Area)"," ","800","Quantity indexes for real GDP by metropolitan area","43","487-488, 492","   Other transportation and support activities","(D)",96.130,88.102,"(D)","(D)","(D)",96.095,111.879,100.000,96.609,94.875,"(D)",81.676,77.948,"(NA)"
"33660","Mobile, AL (Metropolitan Statistical Area)"," ","800","Quantity indexes for real GDP by metropolitan area","44","493","   Warehousing and storage",41.093,34.818,31.956,48.498,70.353,102.611,107.815,117.040,100.000,86.029,105.003,122.153,118.156,109.189,"(NA)"
"33660","Mobile, AL (Metropolitan Statistical Area)"," ","800","Quantity indexes for real GDP by metropolitan area","45","51","  Information",71.677,70.634,68.360,76.306,90.387,98.586,97.104,101.301,100.000,98.752,102.003,101.850,101.886,109.797,108.113
"33660","Mobile, AL (Metropolitan Statistical Area)"," ","800","Quantity indexes for real GDP by metropolitan area","46","511","   Publishing industries, except Internet (includes software)","(D)","(D)","(D)","(D)","(D)","(D)",100.978,102.301,100.000,103.447,108.039,100.089,79.984,67.023,"(NA)"
"33660","Mobile, AL (Metropolitan Statistical Area)"," ","800","Quantity indexes for real GDP by metropolitan area","47","512","   Motion picture and sound recording industries",73.846,73.609,69.839,72.698,89.645,114.915,165.046,71.462,100.000,77.562,69.842,244.035,200.741,198.774,"(NA)"
"33660","Mobile, AL (Metropolitan Statistical Area)"," ","800","Quantity indexes for real GDP by metropolitan area","48","515, 517","   Broadcasting and telecommunications",86.560,77.211,71.039,74.794,91.525,105.351,93.835,100.897,100.000,96.726,101.498,96.534,108.113,124.973,"(NA)"
"33660","Mobile, AL (Metropolitan Statistical Area)"," ","800","Quantity indexes for real GDP by metropolitan area","49","518, 519","   Data processing, internet publishing, and other information services","(D)","(D)","(D)","(D)","(D)","(D)",73.678,118.218,100.000,109.541,99.160,74.299,81.913,105.922,"(NA)"
"33660","Mobile, AL (Metropolitan Statistical Area)"," ","800","Quantity indexes for real GDP by metropolitan area","50","52, 53","  Finance, insurance, real estate, rental, and leasing",72.971,77.857,77.896,82.249,84.296,97.175,87.775,89.723,100.000,93.818,104.249,94.545,90.734,87.672,86.304
"33660","Mobile, AL (Metropolitan Statistical Area)"," ","800","Quantity indexes for real GDP by metropolitan area","51","52","   Finance and insurance",72.258,76.872,82.210,82.284,102.129,127.197,91.786,79.091,100.000,79.530,119.592,100.737,86.182,80.553,82.786
"33660","Mobile, AL (Metropolitan Statistical Area)"," ","800","Quantity indexes for real GDP by metropolitan area","52","521-522","    Federal Reserve banks, credit intermediation, and related services","(D)","(D)","(D)","(D)","(D)","(D)","(D)","(D)","(D)","(D)","(D)","(D)","(D)","(D)","(NA)"
"33660","Mobile, AL (Metropolitan Statistical Area)"," ","800","Quantity indexes for real GDP by metropolitan area","53","523","    Securities, commodity contracts, and investments",87.696,67.500,67.154,67.673,89.080,91.578,84.157,"(D)",100.000,98.392,"(D)","(D)","(D)","(D)","(NA)"
"33660","Mobile, AL (Metropolitan Statistical Area)"," ","800","Quantity indexes for real GDP by metropolitan area","54","524","    Insurance carriers and related activities",40.795,39.661,37.896,38.016,72.655,124.345,78.991,72.849,100.000,68.916,136.368,90.489,74.131,65.982,"(NA)"
"33660","Mobile, AL (Metropolitan Statistical Area)"," ","800","Quantity indexes for real GDP by metropolitan area","55","525","    Funds, trusts, and other financial vehicles","(D)","(D)","(D)","(D)","(D)","(D)","(D)","(D)","(D)","(D)","(D)","(D)","(D)","(D)","(NA)"
"33660","Mobile, AL (Metropolitan Statistical Area)"," ","800","Quantity indexes for real GDP by metropolitan area","56","53","   Real estate and rental and leasing",73.392,78.407,76.071,82.359,76.387,83.827,85.851,94.107,100.000,99.639,97.674,91.855,92.676,90.739,87.781
"33660","Mobile, AL (Metropolitan Statistical Area)"," ","800","Quantity indexes for real GDP by metropolitan area","57","531","    Real estate","(D)","(D)","(D)","(D)","(D)","(D)",84.487,90.422,100.000,"(D)","(D)",86.400,88.831,"(D)","(NA)"
"33660","Mobile, AL (Metropolitan Statistical Area)"," ","800","Quantity indexes for real GDP by metropolitan area","58","532-533","    Rental and leasing services and lessors of intangible assets","(D)","(D)","(D)","(D)","(D)","(D)",90.996,108.953,100.000,"(D)","(D)",113.578,107.882,"(D)","(NA)"
"33660","Mobile, AL (Metropolitan Statistical Area)"," ","800","Quantity indexes for real GDP by metropolitan area","59","54, 55, 56","  Professional and business services",83.914,89.009,88.558,87.718,91.921,96.740,102.113,105.363,100.000,114.724,110.082,107.523,108.785,110.468,113.483
"33660","Mobile, AL (Metropolitan Statistical Area)"," ","800","Quantity indexes for real GDP by metropolitan area","60","54","   Professional, scientific, and technical services",84.643,92.569,90.845,89.873,91.346,97.297,100.575,104.249,100.000,100.931,102.136,103.811,106.349,105.880,107.555
"33660","Mobile, AL (Metropolitan Statistical Area)"," ","800","Quantity indexes for real GDP by metropolitan area","64","55","   Management of companies and enterprises",117.093,109.748,102.394,73.739,86.793,97.755,98.423,105.315,100.000,161.198,208.135,203.553,197.435,217.861,246.640
"33660","Mobile, AL (Metropolitan Statistical Area)"," ","800","Quantity indexes for real GDP by metropolitan area","65","56","   Administrative and waste management services",80.916,82.587,84.388,85.412,93.161,95.822,104.777,107.095,100.000,132.696,114.784,105.645,105.439,109.120,112.327
"33660","Mobile, AL (Metropolitan Statistical Area)"," ","800","Quantity indexes for real GDP by metropolitan area","66","561","    Administrative and support services",80.298,83.648,85.924,87.240,95.539,98.295,105.167,107.349,100.000,109.818,104.972,104.311,105.472,111.559,"(NA)"
"33660","Mobile, AL (Metropolitan Statistical Area)"," ","800","Quantity indexes for real GDP by metropolitan area","67","562","    Waste management and remediation services",85.860,74.136,72.265,71.052,74.532,76.459,101.078,105.159,100.000,302.926,189.672,119.157,109.179,96.089,"(NA)"
"33660","Mobile, AL (Metropolitan Statistical Area)"," ","800","Quantity indexes for real GDP by metropolitan area","68","61, 62","  Educational services, health care, and social assistance",81.435,82.677,86.382,90.280,91.164,96.381,97.249,99.439,100.000,99.088,101.599,101.866,101.527,105.981,111.033
"33660","Mobile, AL (Metropolitan Statistical Area)"," ","800","Quantity indexes for real GDP by metropolitan area","69","61","   Educational services",86.911,86.940,87.815,95.839,99.685,101.785,102.997,94.893,100.000,107.471,109.030,103.143,96.180,98.697,98.851
"33660","Mobile, AL (Metropolitan Statistical Area)"," ","800","Quantity indexes for real GDP by metropolitan area","70","62","   Health care and social assistance",80.959,82.300,86.238,89.792,90.426,95.910,96.745,99.843,100.000,98.339,100.936,101.768,102.047,106.686,112.213
"33660","Mobile, AL (Metropolitan Statistical Area)"," ","800","Quantity indexes for real GDP by metropolitan area","71","621","    Ambulatory health care services",75.053,77.516,83.380,83.779,88.146,95.023,93.278,98.249,100.000,100.290,101.964,101.132,103.278,108.154,"(NA)"
"33660","Mobile, AL (Metropolitan Statistical Area)"," ","800","Quantity indexes for real GDP by metropolitan area","72","622-623","    Hospitals and nursing and residential care facilities",84.823,86.562,88.737,97.757,93.003,96.754,101.079,101.825,100.000,95.502,100.223,101.471,100.220,104.285,"(NA)"
"33660","Mobile, AL (Metropolitan Statistical Area)"," ","800","Quantity indexes for real GDP by metropolitan area","73","624","    Social assistance",105.158,95.135,93.611,90.928,93.091,97.738,98.010,100.586,100.000,99.835,97.215,108.306,103.344,109.502,"(NA)"
"33660","Mobile, AL (Metropolitan Statistical Area)"," ","800","Quantity indexes for real GDP by metropolitan area","74","71, 72","  Arts, entertainment, recreation, accommodation, and food services",97.678,96.028,98.835,101.590,103.040,105.139,104.764,103.518,100.000,104.089,103.731,103.336,103.795,109.956,113.556
"33660","Mobile, AL (Metropolitan Statistical Area)"," ","800","Quantity indexes for real GDP by metropolitan area","75","71","   Arts, entertainment, and recreation",100.435,93.678,94.490,97.742,96.445,101.896,105.513,99.766,100.000,101.152,105.177,103.917,105.025,102.196,132.630
"33660","Mobile, AL (Metropolitan Statistical Area)"," ","800","Quantity indexes for real GDP by metropolitan area","76","711-712","    Performing arts, spectator sports, museums, and related activities",113.340,87.375,87.370,92.062,91.149,94.099,93.008,92.301,100.000,94.367,102.981,95.974,90.585,86.037,"(NA)"
"33660","Mobile, AL (Metropolitan Statistical Area)"," ","800","Quantity indexes for real GDP by metropolitan area","77","713","    Amusements, gambling, and recreation industries",91.148,99.166,100.617,102.747,101.131,108.686,116.159,106.214,100.000,107.068,107.038,110.844,117.648,116.335,"(NA)"
"33660","Mobile, AL (Metropolitan Statistical Area)"," ","800","Quantity indexes for real GDP by metropolitan area","78","72","   Accommodation and food services",97.276,96.345,99.432,102.116,103.955,105.582,104.647,104.026,100.000,104.479,103.540,103.259,103.634,110.958,111.136
"33660","Mobile, AL (Metropolitan Statistical Area)"," ","800","Quantity indexes for real GDP by metropolitan area","79","721","    Accommodation",89.803,87.292,84.086,87.379,92.447,91.321,100.425,106.843,100.000,103.359,105.917,106.035,115.505,116.151,"(NA)"
"33660","Mobile, AL (Metropolitan Statistical Area)"," ","800","Quantity indexes for real GDP by metropolitan area","80","722","    Food services and drinking places",98.969,98.384,102.817,105.376,106.523,108.752,105.547,103.440,100.000,104.699,103.069,102.708,101.288,109.939,"(NA)"
"33660","Mobile, AL (Metropolitan Statistical Area)"," ","800","Quantity indexes for real GDP by metropolitan area","81","81","  Other services, except government",113.704,111.250,107.122,107.477,108.541,110.881,107.156,103.582,100.000,102.376,101.382,98.894,97.621,99.853,103.093
"33660","Mobile, AL (Metropolitan Statistical Area)"," ","800","Quantity indexes for real GDP by metropolitan area","82","92"," Government",89.543,91.841,93.948,95.890,95.951,93.929,96.566,97.309,100.000,99.069,97.206,94.318,90.050,88.669,87.775
"33660","Mobile, AL (Metropolitan Statistical Area)"," ","800","Quantity indexes for real GDP by metropolitan area","83","...","  Federal civilian",88.770,101.515,101.566,101.205,97.727,96.714,97.206,95.597,100.000,102.628,99.809,98.642,97.462,97.931,"(NA)"
"33660","Mobile, AL (Metropolitan Statistical Area)"," ","800","Quantity indexes for real GDP by metropolitan area","84","...","  Federal military",58.579,63.983,70.591,82.304,82.713,84.104,81.130,84.382,100.000,97.649,99.172,94.535,94.687,91.510,"(NA)"
"33660","Mobile, AL (Metropolitan Statistical Area)"," ","800","Quantity indexes for real GDP by metropolitan area","85","...","  State and local",96.089,95.553,97.181,97.572,98.334,95.357,99.624,100.388,100.000,98.608,96.253,93.358,87.547,86.134,"(NA)"
"33660","Mobile, AL (Metropolitan Statistical Area)"," ","800","Quantity indexes for real GDP by metropolitan area","86","11, 21","Natural resources and mining",57.321,56.109,67.540,73.834,79.330,85.623,99.707,67.284,100.000,65.408,52.544,48.805,49.813,46.686,37.651
"33660","Mobile, AL (Metropolitan Statistical Area)"," ","800","Quantity indexes for real GDP by metropolitan area","87","42, 44-45","Trade",88.702,90.838,95.053,99.169,107.333,110.061,109.331,107.322,100.000,97.396,97.744,97.228,99.550,101.410,102.946
"33660","Mobile, AL (Metropolitan Statistical Area)"," ","800","Quantity indexes for real GDP by metropolitan area","88","...","Transportation and utilities",81.103,77.968,76.382,78.287,76.713,84.808,96.080,114.393,100.000,104.906,105.995,106.837,105.034,103.311,96.240
"33660","Mobile, AL (Metropolitan Statistical Area)"," ","800","Quantity indexes for real GDP by metropolitan area","89","...","Private goods-producing industries",83.856,75.667,79.578,85.710,87.816,92.156,99.726,92.041,100.000,100.471,94.940,99.147,104.750,105.238,112.892
"33660","Mobile, AL (Metropolitan Statistical Area)"," ","800","Quantity indexes for real GDP by metropolitan area","90","...","Private services-providing industries",82.356,84.476,85.427,88.674,92.247,99.349,98.381,101.286,100.000,100.339,103.226,100.061,99.389,100.210,100.607
"33660","Mobile, AL (Metropolitan Statistical Area)"," ","900","Real GDP by metropolitan area","1","...","All industry total",13613,13585,13873,14482,14931,15779,16051,16028,16293,16325,16344,16139,16203,16273,16597
"33660","Mobile, AL (Metropolitan Statistical Area)"," ","900","Real GDP by metropolitan area","2","..."," Private industries",11589,11514,11755,12317,12762,13647,13860,13821,14025,14078,14139,14000,14162,14263,14608
"33660","Mobile, AL (Metropolitan Statistical Area)"," ","900","Real GDP by metropolitan area","3","11","  Agriculture, forestry, fishing, and hunting",68,68,82,83,74,116,86,78,89,89,75,61,64,68,76
"33660","Mobile, AL (Metropolitan Statistical Area)"," ","900","Real GDP by metropolitan area","4","111-112","   Farms",24,27,38,38,31,61,36,29,43,37,34,24,30,32,"(NA)"
"33660","Mobile, AL (Metropolitan Statistical Area)"," ","900","Real GDP by metropolitan area","5","113-115","   Forestry, fishing, and related activities",43,40,42,43,42,52,50,50,46,53,41,38,33,35,"(NA)"
"33660","Mobile, AL (Metropolitan Statistical Area)"," ","900","Real GDP by metropolitan area","6","21","  Mining",303,293,353,394,437,446,556,362,559,337,267,257,260,236,163
"33660","Mobile, AL (Metropolitan Statistical Area)"," ","900","Real GDP by metropolitan area","7","211","   Oil and gas extraction",226,248,337,379,423,"(D)","(D)","(D)",539,314,"(D)",232,236,213,"(NA)"
"33660","Mobile, AL (Metropolitan Statistical Area)"," ","900","Real GDP by metropolitan area","8","212","   Mining, except oil and gas",13,4,4,4,5,"(D)","(D)","(D)",8,12,"(D)",10,11,12,"(NA)"
"33660","Mobile, AL (Metropolitan Statistical Area)"," ","900","Real GDP by metropolitan area","9","213","   Support activities for mining",58,37,11,9,6,10,11,12,13,12,14,18,17,14,"(NA)"
"33660","Mobile, AL (Metropolitan Statistical Area)"," ","900","Real GDP by metropolitan area","10","22","  Utilities","(D)",366,364,"(D)",286,312,335,391,296,335,318,293,286,293,292
"33660","Mobile, AL (Metropolitan Statistical Area)"," ","900","Real GDP by metropolitan area","11","23","  Construction",1010,914,867,873,1033,1030,1035,1024,976,1008,788,695,669,693,706
"33660","Mobile, AL (Metropolitan Statistical Area)"," ","900","Real GDP by metropolitan area","12","31-33","  Manufacturing",1874,1670,1789,1971,1869,1991,2172,2196,2276,2515,2608,2891,3130,3152,3499
"33660","Mobile, AL (Metropolitan Statistical Area)"," ","900","Real GDP by metropolitan area","13","...","   Durable goods manufacturing",602,610,"(D)","(D)",729,789,945,1108,1037,1178,1344,1658,1834,1806,1978
"33660","Mobile, AL (Metropolitan Statistical Area)"," ","900","Real GDP by metropolitan area","14","321","    Wood products manufacturing",52,50,53,58,61,68,56,43,40,46,51,45,52,36,"(NA)"
"33660","Mobile, AL (Metropolitan Statistical Area)"," ","900","Real GDP by metropolitan area","15","327","    Nonmetallic mineral products manufacturing",66,71,68,73,72,73,107,92,80,58,50,36,41,41,"(NA)"
"33660","Mobile, AL (Metropolitan Statistical Area)"," ","900","Real GDP by metropolitan area","16","331","    Primary metals manufacturing","(D)","(D)","(D)","(D)",75,76,111,205,236,342,457,673,686,716,"(NA)"
"33660","Mobile, AL (Metropolitan Statistical Area)"," ","900","Real GDP by metropolitan area","17","332","    Fabricated metal products",154,144,139,139,138,124,151,157,118,126,149,165,169,164,"(NA)"
"33660","Mobile, AL (Metropolitan Statistical Area)"," ","900","Real GDP by metropolitan area","18","333","    Machinery manufacturing",34,31,21,33,46,76,60,61,52,58,77,77,82,75,"(NA)"
"33660","Mobile, AL (Metropolitan Statistical Area)"," ","900","Real GDP by metropolitan area","19","334","    Computer and electronic products manufacturing",30,35,34,49,51,54,57,49,58,55,57,44,43,47,"(NA)"
"33660","Mobile, AL (Metropolitan Statistical Area)"," ","900","Real GDP by metropolitan area","20","335","    Electrical equipment, appliance, and components manufacturing",23,28,22,11,9,11,10,13,10,8,8,9,"(D)","(D)","(NA)"
"33660","Mobile, AL (Metropolitan Statistical Area)"," ","900","Real GDP by metropolitan area","21","3361-3363","    Motor vehicles, bodies and trailers, and parts manufacturing","(D)","(D)",8,9,"(D)",8,16,"(D)","(D)","(D)","(D)","(D)","(D)","(D)","(NA)"
"33660","Mobile, AL (Metropolitan Statistical Area)"," ","900","Real GDP by metropolitan area","22","3364-3366, 3369","    Other transportation equipment manufacturing","(D)","(D)",199,220,"(D)",321,405,"(D)","(D)","(D)","(D)","(D)",631,596,"(NA)"
"33660","Mobile, AL (Metropolitan Statistical Area)"," ","900","Real GDP by metropolitan area","23","337","    Furniture and related products manufacturing",24,25,21,24,25,27,24,18,14,14,11,9,11,11,"(NA)"
"33660","Mobile, AL (Metropolitan Statistical Area)"," ","900","Real GDP by metropolitan area","24","339","    Miscellaneous manufacturing",9,8,6,7,10,10,10,12,11,12,13,16,16,17,"(NA)"
"33660","Mobile, AL (Metropolitan Statistical Area)"," ","900","Real GDP by metropolitan area","25","...","   Nondurable goods manufacturing",1357,1112,"(D)","(D)",1184,1245,1251,1079,1239,1337,1260,1233,1300,1346,1517
"33660","Mobile, AL (Metropolitan Statistical Area)"," ","900","Real GDP by metropolitan area","26","311-312","    Food and beverage and tobacco products manufacturing","(D)","(D)","(D)","(D)","(D)","(D)",120,"(D)","(D)","(D)","(D)","(D)","(D)","(D)","(NA)"
"33660","Mobile, AL (Metropolitan Statistical Area)"," ","900","Real GDP by metropolitan area","27","313-314","    Textile mills and textile product mills","(D)",3,"(D)","(D)","(D)",3,3,4,3,17,12,17,"(D)","(D)","(NA)"
"33660","Mobile, AL (Metropolitan Statistical Area)"," ","900","Real GDP by metropolitan area","28","315-316","    Apparel and leather and allied products manufacturing","(D)","(D)","(D)","(D)","(D)","(D)","(D)","(D)","(D)","(D)","(D)","(D)","(D)",1,"(NA)"
"33660","Mobile, AL (Metropolitan Statistical Area)"," ","900","Real GDP by metropolitan area","29","322","    Paper products manufacturing",386,204,172,233,221,222,204,190,188,176,165,192,173,193,"(NA)"
"33660","Mobile, AL (Metropolitan Statistical Area)"," ","900","Real GDP by metropolitan area","30","323","    Printing and related support activities",10,12,13,12,11,12,12,11,10,8,9,10,12,12,"(NA)"
"33660","Mobile, AL (Metropolitan Statistical Area)"," ","900","Real GDP by metropolitan area","31","324","    Petroleum and coal products manufacturing",50,90,95,102,"(D)",51,"(D)","(D)","(D)","(D)","(D)",49,68,56,"(NA)"
"33660","Mobile, AL (Metropolitan Statistical Area)"," ","900","Real GDP by metropolitan area","32","325","    Chemical products manufacturing",733,650,875,912,716,821,811,702,849,978,893,826,865,910,"(NA)"
"33660","Mobile, AL (Metropolitan Statistical Area)"," ","900","Real GDP by metropolitan area","33","326","    Plastics and rubber products manufacturing",24,20,15,15,17,18,24,24,27,26,30,31,43,42,"(NA)"
"33660","Mobile, AL (Metropolitan Statistical Area)"," ","900","Real GDP by metropolitan area","34","42","  Wholesale trade",876,904,968,1040,1110,1144,1167,1173,1066,998,1009,1009,1039,1070,1095
"33660","Mobile, AL (Metropolitan Statistical Area)"," ","900","Real GDP by metropolitan area","35","44-45","  Retail trade",1055,1074,1103,1123,1230,1256,1218,1171,1117,1129,1125,1113,1134,1144,1152
"33660","Mobile, AL (Metropolitan Statistical Area)"," ","900","Real GDP by metropolitan area","36","48-49","  Transportation and warehousing","(D)",543,528,"(D)",594,660,764,916,843,861,889,921,908,882,803
"33660","Mobile, AL (Metropolitan Statistical Area)"," ","900","Real GDP by metropolitan area","37","481","   Air transportation",6,8,9,10,13,"(D)",17,21,20,23,17,16,12,10,"(NA)"
"33660","Mobile, AL (Metropolitan Statistical Area)"," ","900","Real GDP by metropolitan area","38","482","   Rail transportation",72,68,72,76,"(D)","(D)",68,70,64,66,65,70,68,70,"(NA)"
"33660","Mobile, AL (Metropolitan Statistical Area)"," ","900","Real GDP by metropolitan area","39","483","   Water transportation",12,9,15,20,26,40,115,183,204,195,215,196,212,184,"(NA)"
"33660","Mobile, AL (Metropolitan Statistical Area)"," ","900","Real GDP by metropolitan area","40","484","   Truck transportation",243,236,214,203,211,222,216,197,169,182,190,191,181,182,"(NA)"
"33660","Mobile, AL (Metropolitan Statistical Area)"," ","900","Real GDP by metropolitan area","41","485","   Transit and ground passenger transportation",9,6,6,9,9,10,10,17,16,17,16,15,14,14,"(NA)"
"33660","Mobile, AL (Metropolitan Statistical Area)"," ","900","Real GDP by metropolitan area","42","486","   Pipeline transportation",33,27,32,38,44,50,63,102,76,100,102,"(D)",163,172,"(NA)"
"33660","Mobile, AL (Metropolitan Statistical Area)"," ","900","Real GDP by metropolitan area","43","487-488, 492","   Other transportation and support activities","(D)",234,215,"(D)","(D)","(D)",234,272,243,235,231,"(D)",199,190,"(NA)"
"33660","Mobile, AL (Metropolitan Statistical Area)"," ","900","Real GDP by metropolitan area","44","493","   Warehousing and storage",21,18,16,25,36,52,55,60,51,44,54,62,60,56,"(NA)"
"33660","Mobile, AL (Metropolitan Statistical Area)"," ","900","Real GDP by metropolitan area","45","51","  Information",299,294,285,318,377,411,405,422,417,412,425,424,425,458,451
"33660","Mobile, AL (Metropolitan Statistical Area)"," ","900","Real GDP by metropolitan area","46","511","   Publishing industries, except Internet (includes software)","(D)","(D)","(D)","(D)","(D)","(D)",121,122,120,124,129,120,96,80,"(NA)"
"33660","Mobile, AL (Metropolitan Statistical Area)"," ","900","Real GDP by metropolitan area","47","512","   Motion picture and sound recording industries",12,12,11,12,14,18,26,11,16,12,11,39,32,32,"(NA)"
"33660","Mobile, AL (Metropolitan Statistical Area)"," ","900","Real GDP by metropolitan area","48","515, 517","   Broadcasting and telecommunications",220,196,180,190,232,268,238,256,254,246,258,245,275,317,"(NA)"
"33660","Mobile, AL (Metropolitan Statistical Area)"," ","900","Real GDP by metropolitan area","49","518, 519","   Data processing, internet publishing, and other information services","(D)","(D)","(D)","(D)","(D)","(D)",20,32,27,30,27,20,22,29,"(NA)"
"33660","Mobile, AL (Metropolitan Statistical Area)"," ","900","Real GDP by metropolitan area","50","52, 53","  Finance, insurance, real estate, rental, and leasing",2072,2211,2212,2335,2394,2759,2492,2548,2839,2664,2960,2685,2576,2489,2451
"33660","Mobile, AL (Metropolitan Statistical Area)"," ","900","Real GDP by metropolitan area","51","52","   Finance and insurance",587,624,668,668,830,1033,745,642,812,646,971,818,700,654,672
"33660","Mobile, AL (Metropolitan Statistical Area)"," ","900","Real GDP by metropolitan area","52","521-522","    Federal Reserve banks, credit intermediation, and related services",299,350,397,396,372,320,264,219,"(D)","(D)",196,267,236,232,"(NA)"
"33660","Mobile, AL (Metropolitan Statistical Area)"," ","900","Real GDP by metropolitan area","53","523","    Securities, commodity contracts, and investments",54,41,41,41,54,56,51,"(D)",61,60,"(D)","(D)","(D)","(D)","(NA)"
"33660","Mobile, AL (Metropolitan Statistical Area)"," ","900","Real GDP by metropolitan area","54","524","    Insurance carriers and related activities",215,209,200,200,383,655,416,384,527,363,718,477,390,348,"(NA)"
"33660","Mobile, AL (Metropolitan Statistical Area)"," ","900","Real GDP by metropolitan area","55","525","    Funds, trusts, and other financial vehicles",2,"(L)","(L)","(L)",1,1,"(L)","(D)","(D)","(D)","(D)","(D)","(D)","(D)","(NA)"
"33660","Mobile, AL (Metropolitan Statistical Area)"," ","900","Real GDP by metropolitan area","56","53","   Real estate and rental and leasing",1488,1590,1542,1670,1549,1699,1740,1908,2027,2020,1980,1862,1879,1840,1780
"33660","Mobile, AL (Metropolitan Statistical Area)"," ","900","Real GDP by metropolitan area","57","531","    Real estate","(D)","(D)","(D)","(D)","(D)","(D)",1369,1465,1620,"(D)","(D)",1400,1439,"(D)","(NA)"
"33660","Mobile, AL (Metropolitan Statistical Area)"," ","900","Real GDP by metropolitan area","58","532-533","    Rental and leasing services and lessors of intangible assets","(D)","(D)","(D)","(D)","(D)","(D)",370,443,407,"(D)","(D)",462,439,"(D)","(NA)"
"33660","Mobile, AL (Metropolitan Statistical Area)"," ","900","Real GDP by metropolitan area","59","54, 55, 56","  Professional and business services",1135,1204,1198,1187,1244,1309,1382,1426,1353,1552,1489,1455,1472,1495,1535
"33660","Mobile, AL (Metropolitan Statistical Area)"," ","900","Real GDP by metropolitan area","60","54","   Professional, scientific, and technical services",676,739,725,718,729,777,803,832,798,806,816,829,849,845,859
"33660","Mobile, AL (Metropolitan Statistical Area)"," ","900","Real GDP by metropolitan area","64","55","   Management of companies and enterprises",47,44,41,29,35,39,39,42,40,64,83,81,79,87,98
"33660","Mobile, AL (Metropolitan Statistical Area)"," ","900","Real GDP by metropolitan area","65","56","   Administrative and waste management services",416,425,434,440,479,493,539,551,515,683,591,544,543,562,578
"33660","Mobile, AL (Metropolitan Statistical Area)"," ","900","Real GDP by metropolitan area","66","561","    Administrative and support services",365,380,391,397,434,447,478,488,455,499,477,474,480,507,"(NA)"
"33660","Mobile, AL (Metropolitan Statistical Area)"," ","900","Real GDP by metropolitan area","67","562","    Waste management and remediation services",51,44,43,43,45,46,61,63,60,182,114,71,65,58,"(NA)"
"33660","Mobile, AL (Metropolitan Statistical Area)"," ","900","Real GDP by metropolitan area","68","61, 62","  Educational services, health care, and social assistance",1069,1086,1134,1186,1197,1266,1277,1306,1313,1301,1334,1338,1333,1392,1458
"33660","Mobile, AL (Metropolitan Statistical Area)"," ","900","Real GDP by metropolitan area","69","61","   Educational services",93,94,94,103,107,109,111,102,108,116,117,111,103,106,106
"33660","Mobile, AL (Metropolitan Statistical Area)"," ","900","Real GDP by metropolitan area","70","62","   Health care and social assistance",976,992,1040,1083,1090,1156,1166,1204,1206,1186,1217,1227,1230,1286,1353
"33660","Mobile, AL (Metropolitan Statistical Area)"," ","900","Real GDP by metropolitan area","71","621","    Ambulatory health care services",479,495,533,535,563,607,596,627,639,641,651,646,660,691,"(NA)"
"33660","Mobile, AL (Metropolitan Statistical Area)"," ","900","Real GDP by metropolitan area","72","622-623","    Hospitals and nursing and residential care facilities",411,419,430,473,450,469,489,493,484,462,485,491,485,505,"(NA)"
"33660","Mobile, AL (Metropolitan Statistical Area)"," ","900","Real GDP by metropolitan area","73","624","    Social assistance",87,79,77,75,77,81,81,83,83,83,80,90,85,91,"(NA)"
"33660","Mobile, AL (Metropolitan Statistical Area)"," ","900","Real GDP by metropolitan area","74","71, 72","  Arts, entertainment, recreation, accommodation, and food services",435,428,441,453,459,469,467,461,446,464,462,461,463,490,506
"33660","Mobile, AL (Metropolitan Statistical Area)"," ","900","Real GDP by metropolitan area","75","71","   Arts, entertainment, and recreation",53,49,49,51,50,53,55,52,52,53,55,54,55,53,69
"33660","Mobile, AL (Metropolitan Statistical Area)"," ","900","Real GDP by metropolitan area","76","711-712","    Performing arts, spectator sports, museums, and related activities",27,21,21,22,22,23,23,22,24,23,25,23,22,21,"(NA)"
"33660","Mobile, AL (Metropolitan Statistical Area)"," ","900","Real GDP by metropolitan area","77","713","    Amusements, gambling, and recreation industries",26,28,28,29,28,31,33,30,28,30,30,31,33,33,"(NA)"
"33660","Mobile, AL (Metropolitan Statistical Area)"," ","900","Real GDP by metropolitan area","78","72","   Accommodation and food services",383,379,391,402,409,415,412,409,393,411,407,406,408,436,437
"33660","Mobile, AL (Metropolitan Statistical Area)"," ","900","Real GDP by metropolitan area","79","721","    Accommodation",58,57,55,57,60,59,65,69,65,67,69,69,75,75,"(NA)"
"33660","Mobile, AL (Metropolitan Statistical Area)"," ","900","Real GDP by metropolitan area","80","722","    Food services and drinking places",325,323,338,346,350,357,347,340,328,344,338,337,333,361,"(NA)"
"33660","Mobile, AL (Metropolitan Statistical Area)"," ","900","Real GDP by metropolitan area","81","81","  Other services, except government",495,484,466,468,473,483,467,451,435,446,441,431,425,435,449
"33660","Mobile, AL (Metropolitan Statistical Area)"," ","900","Real GDP by metropolitan area","82","92"," Government",2031,2083,2131,2175,2176,2130,2190,2207,2268,2247,2204,2139,2042,2011,1991
"33660","Mobile, AL (Metropolitan Statistical Area)"," ","900","Real GDP by metropolitan area","83","...","  Federal civilian",299,342,343,341,330,326,328,322,337,346,337,333,329,330,"(NA)"
"33660","Mobile, AL (Metropolitan Statistical Area)"," ","900","Real GDP by metropolitan area","84","...","  Federal military",193,211,233,271,273,277,267,278,330,322,327,312,312,302,"(NA)"
"33660","Mobile, AL (Metropolitan Statistical Area)"," ","900","Real GDP by metropolitan area","85","...","  State and local",1538,1530,1556,1562,1574,1527,1595,1607,1601,1579,1541,1495,1401,1379,"(NA)"
"33660","Mobile, AL (Metropolitan Statistical Area)"," ","900","Real GDP by metropolitan area","86","11, 21","Natural resources and mining",371,363,437,478,514,555,646,436,648,424,340,316,323,302,244
"33660","Mobile, AL (Metropolitan Statistical Area)"," ","900","Real GDP by metropolitan area","87","42, 44-45","Trade",1936,1983,2075,2165,2343,2403,2387,2343,2183,2126,2134,2123,2173,2214,2247
"33660","Mobile, AL (Metropolitan Statistical Area)"," ","900","Real GDP by metropolitan area","88","...","Transportation and utilities",924,888,870,892,874,966,1094,1303,1139,1195,1207,1217,1196,1177,1096
"33660","Mobile, AL (Metropolitan Statistical Area)"," ","900","Real GDP by metropolitan area","89","...","Private goods-producing industries",3270,2951,3103,3343,3425,3594,3889,3589,3900,3918,3703,3867,4085,4104,4403
"33660","Mobile, AL (Metropolitan Statistical Area)"," ","900","Real GDP by metropolitan area","90","...","Private services-providing industries",8339,8554,8650,8979,9341,10060,9962,10256,10126,10160,10452,10132,10064,10147,10187
"33660","Mobile, AL (Metropolitan Statistical Area)"," ","1000","Per capita real GDP by metropolitan area","1","...","All industry total",34022,34086,34849,36391,37427,39161,39562,39168,39548,39486,39559,38988,39085,39201,39955
"Note: See the included footnote file."
NAICS Industry detail is based on the 2007 North American Industry Classification System (NAICS).
"Source: U.S. Department of Commerce / Bureau of Economic Analysis / Regional Product Division"
