"GeoFIPS","GeoName","Region","ComponentId","ComponentName","IndustryId","IndustryClassification","Description","2001","2002","2003","2004","2005","2006","2007","2008","2009","2010","2011","2012","2013","2014","2015"
"42200","Santa Maria-Santa Barbara, CA (Metropolitan Statistical Area)"," ","200","Gross domestic product (GDP) by metropolitan area","1","...","All industry total",14425,15182,16171,17188,18773,19307,19799,20323,20072,20589,21791,22712,23208,23986,25018
"42200","Santa Maria-Santa Barbara, CA (Metropolitan Statistical Area)"," ","200","Gross domestic product (GDP) by metropolitan area","2","..."," Private industries",12000,12622,13489,14392,15795,16198,16494,16903,16633,17081,18163,19017,19411,20043,20912
"42200","Santa Maria-Santa Barbara, CA (Metropolitan Statistical Area)"," ","200","Gross domestic product (GDP) by metropolitan area","3","11","  Agriculture, forestry, fishing, and hunting",631,707,811,816,846,922,894,930,1274,1260,1142,1208,1454,1592,1559
"42200","Santa Maria-Santa Barbara, CA (Metropolitan Statistical Area)"," ","200","Gross domestic product (GDP) by metropolitan area","4","111-112","   Farms",483,541,610,596,645,688,634,674,1016,974,813,815,1045,1111,"(NA)"
"42200","Santa Maria-Santa Barbara, CA (Metropolitan Statistical Area)"," ","200","Gross domestic product (GDP) by metropolitan area","5","113-115","   Forestry, fishing, and related activities",148,166,201,220,201,235,260,256,257,286,329,393,409,480,"(NA)"
"42200","Santa Maria-Santa Barbara, CA (Metropolitan Statistical Area)"," ","200","Gross domestic product (GDP) by metropolitan area","6","21","  Mining",301,201,204,260,367,537,657,735,440,499,792,857,740,620,583
"42200","Santa Maria-Santa Barbara, CA (Metropolitan Statistical Area)"," ","200","Gross domestic product (GDP) by metropolitan area","7","211","   Oil and gas extraction",175,89,96,133,234,345,415,503,258,312,"(D)","(D)",537,"(D)","(NA)"
"42200","Santa Maria-Santa Barbara, CA (Metropolitan Statistical Area)"," ","200","Gross domestic product (GDP) by metropolitan area","8","212","   Mining, except oil and gas",61,61,66,80,81,98,144,120,115,93,"(D)","(D)",109,"(D)","(NA)"
"42200","Santa Maria-Santa Barbara, CA (Metropolitan Statistical Area)"," ","200","Gross domestic product (GDP) by metropolitan area","9","213","   Support activities for mining",64,52,42,47,52,94,99,112,67,94,103,"(D)",94,90,"(NA)"
"42200","Santa Maria-Santa Barbara, CA (Metropolitan Statistical Area)"," ","200","Gross domestic product (GDP) by metropolitan area","10","22","  Utilities",82,124,129,135,125,151,157,142,158,112,114,97,101,102,133
"42200","Santa Maria-Santa Barbara, CA (Metropolitan Statistical Area)"," ","200","Gross domestic product (GDP) by metropolitan area","11","23","  Construction",596,611,719,915,1014,1055,1091,967,803,728,731,755,788,820,880
"42200","Santa Maria-Santa Barbara, CA (Metropolitan Statistical Area)"," ","200","Gross domestic product (GDP) by metropolitan area","12","31-33","  Manufacturing",1408,1316,1567,1486,1801,1832,1814,1924,1881,1762,1780,1941,2043,2126,2307
"42200","Santa Maria-Santa Barbara, CA (Metropolitan Statistical Area)"," ","200","Gross domestic product (GDP) by metropolitan area","13","...","   Durable goods manufacturing",1107,1009,1219,1094,1305,1345,1255,1309,1333,1255,1296,1349,1400,1431,1544
"42200","Santa Maria-Santa Barbara, CA (Metropolitan Statistical Area)"," ","200","Gross domestic product (GDP) by metropolitan area","14","321","    Wood products manufacturing",7,7,7,8,9,9,5,6,4,3,5,"(D)",6,6,"(NA)"
"42200","Santa Maria-Santa Barbara, CA (Metropolitan Statistical Area)"," ","200","Gross domestic product (GDP) by metropolitan area","15","327","    Nonmetallic mineral products manufacturing",20,22,18,23,20,21,21,22,21,16,14,"(D)",9,10,"(NA)"
"42200","Santa Maria-Santa Barbara, CA (Metropolitan Statistical Area)"," ","200","Gross domestic product (GDP) by metropolitan area","16","331","    Primary metals manufacturing","(D)","(D)","(D)","(D)","(D)","(D)","(D)",20,21,20,21,"(D)","(D)","(D)","(NA)"
"42200","Santa Maria-Santa Barbara, CA (Metropolitan Statistical Area)"," ","200","Gross domestic product (GDP) by metropolitan area","17","332","    Fabricated metal products",85,85,85,74,72,70,73,66,65,69,70,"(D)",77,80,"(NA)"
"42200","Santa Maria-Santa Barbara, CA (Metropolitan Statistical Area)"," ","200","Gross domestic product (GDP) by metropolitan area","18","333","    Machinery manufacturing",33,28,32,38,36,41,45,53,48,50,93,"(D)",76,68,"(NA)"
"42200","Santa Maria-Santa Barbara, CA (Metropolitan Statistical Area)"," ","200","Gross domestic product (GDP) by metropolitan area","19","334","    Computer and electronic products manufacturing",366,350,398,425,529,495,629,631,664,645,649,"(D)",760,780,"(NA)"
"42200","Santa Maria-Santa Barbara, CA (Metropolitan Statistical Area)"," ","200","Gross domestic product (GDP) by metropolitan area","20","335","    Electrical equipment, appliance, and components manufacturing",55,46,44,51,56,62,60,70,57,43,38,"(D)",47,43,"(NA)"
"42200","Santa Maria-Santa Barbara, CA (Metropolitan Statistical Area)"," ","200","Gross domestic product (GDP) by metropolitan area","21","3361-3363","    Motor vehicles, bodies and trailers, and parts manufacturing","(D)","(D)","(D)","(D)","(D)","(D)","(D)","(D)","(D)","(D)","(D)","(D)","(D)","(D)","(NA)"
"42200","Santa Maria-Santa Barbara, CA (Metropolitan Statistical Area)"," ","200","Gross domestic product (GDP) by metropolitan area","22","3364-3366, 3369","    Other transportation equipment manufacturing","(D)","(D)","(D)","(D)","(D)","(D)","(D)","(D)","(D)","(D)","(D)",149,174,184,"(NA)"
"42200","Santa Maria-Santa Barbara, CA (Metropolitan Statistical Area)"," ","200","Gross domestic product (GDP) by metropolitan area","23","337","    Furniture and related products manufacturing",13,17,18,20,21,20,19,17,15,13,12,"(D)",11,11,"(NA)"
"42200","Santa Maria-Santa Barbara, CA (Metropolitan Statistical Area)"," ","200","Gross domestic product (GDP) by metropolitan area","24","339","    Miscellaneous manufacturing",244,284,325,238,306,387,170,219,224,215,204,"(D)",221,228,"(NA)"
"42200","Santa Maria-Santa Barbara, CA (Metropolitan Statistical Area)"," ","200","Gross domestic product (GDP) by metropolitan area","25","...","   Nondurable goods manufacturing",301,307,348,392,496,487,558,615,548,507,484,592,643,695,763
"42200","Santa Maria-Santa Barbara, CA (Metropolitan Statistical Area)"," ","200","Gross domestic product (GDP) by metropolitan area","26","311-312","    Food and beverage and tobacco products manufacturing",134,165,157,141,150,175,193,199,234,200,179,235,238,276,"(NA)"
"42200","Santa Maria-Santa Barbara, CA (Metropolitan Statistical Area)"," ","200","Gross domestic product (GDP) by metropolitan area","27","313-314","    Textile mills and textile product mills",2,2,3,3,3,"(D)",4,"(D)","(D)","(D)","(D)",3,"(D)","(D)","(NA)"
"42200","Santa Maria-Santa Barbara, CA (Metropolitan Statistical Area)"," ","200","Gross domestic product (GDP) by metropolitan area","28","315-316","    Apparel and leather and allied products manufacturing","(D)","(D)","(D)","(D)","(D)","(D)","(D)","(D)","(D)","(D)",1,"(D)",1,"(D)","(NA)"
"42200","Santa Maria-Santa Barbara, CA (Metropolitan Statistical Area)"," ","200","Gross domestic product (GDP) by metropolitan area","29","322","    Paper products manufacturing",17,14,"(D)","(D)","(D)","(D)","(D)","(D)","(D)","(D)","(D)","(D)","(D)","(D)","(NA)"
"42200","Santa Maria-Santa Barbara, CA (Metropolitan Statistical Area)"," ","200","Gross domestic product (GDP) by metropolitan area","30","323","    Printing and related support activities",17,18,17,17,18,21,21,20,18,18,21,"(D)",21,16,"(NA)"
"42200","Santa Maria-Santa Barbara, CA (Metropolitan Statistical Area)"," ","200","Gross domestic product (GDP) by metropolitan area","31","324","    Petroleum and coal products manufacturing","(D)","(D)","(D)",76,170,100,133,211,104,68,60,"(D)",59,79,"(NA)"
"42200","Santa Maria-Santa Barbara, CA (Metropolitan Statistical Area)"," ","200","Gross domestic product (GDP) by metropolitan area","32","325","    Chemical products manufacturing",51,50,73,136,133,165,194,171,175,206,211,"(D)",308,307,"(NA)"
"42200","Santa Maria-Santa Barbara, CA (Metropolitan Statistical Area)"," ","200","Gross domestic product (GDP) by metropolitan area","33","326","    Plastics and rubber products manufacturing",16,14,15,9,12,14,8,8,9,8,8,"(D)",9,9,"(NA)"
"42200","Santa Maria-Santa Barbara, CA (Metropolitan Statistical Area)"," ","200","Gross domestic product (GDP) by metropolitan area","34","42","  Wholesale trade",624,562,518,585,603,665,732,751,716,689,773,845,908,957,1091
"42200","Santa Maria-Santa Barbara, CA (Metropolitan Statistical Area)"," ","200","Gross domestic product (GDP) by metropolitan area","35","44-45","  Retail trade",1138,1222,1278,1345,1377,1414,1367,1342,1309,1330,1346,1430,1469,1536,1541
"42200","Santa Maria-Santa Barbara, CA (Metropolitan Statistical Area)"," ","200","Gross domestic product (GDP) by metropolitan area","36","48-49","  Transportation and warehousing",141,144,164,185,202,223,224,239,237,250,225,242,248,283,298
"42200","Santa Maria-Santa Barbara, CA (Metropolitan Statistical Area)"," ","200","Gross domestic product (GDP) by metropolitan area","37","481","   Air transportation",11,10,16,19,26,39,36,40,42,52,21,"(D)",24,23,"(NA)"
"42200","Santa Maria-Santa Barbara, CA (Metropolitan Statistical Area)"," ","200","Gross domestic product (GDP) by metropolitan area","38","482","   Rail transportation",5,5,5,5,6,7,6,7,5,4,5,5,5,6,"(NA)"
"42200","Santa Maria-Santa Barbara, CA (Metropolitan Statistical Area)"," ","200","Gross domestic product (GDP) by metropolitan area","39","483","   Water transportation","(D)","(D)","(D)","(D)",1,"(D)","(D)","(D)","(D)","(D)","(D)","(L)","(L)","(L)","(NA)"
"42200","Santa Maria-Santa Barbara, CA (Metropolitan Statistical Area)"," ","200","Gross domestic product (GDP) by metropolitan area","40","484","   Truck transportation",31,36,36,44,52,58,54,51,53,54,59,"(D)",73,80,"(NA)"
"42200","Santa Maria-Santa Barbara, CA (Metropolitan Statistical Area)"," ","200","Gross domestic product (GDP) by metropolitan area","41","485","   Transit and ground passenger transportation",12,15,16,18,20,22,22,24,23,21,20,"(D)",26,44,"(NA)"
"42200","Santa Maria-Santa Barbara, CA (Metropolitan Statistical Area)"," ","200","Gross domestic product (GDP) by metropolitan area","42","486","   Pipeline transportation","(D)","(D)",21,26,"(D)","(D)","(D)","(D)","(D)","(D)","(D)","(D)","(D)","(D)","(NA)"
"42200","Santa Maria-Santa Barbara, CA (Metropolitan Statistical Area)"," ","200","Gross domestic product (GDP) by metropolitan area","43","487-488, 492","   Other transportation and support activities",49,49,"(D)","(D)","(D)",60,"(D)","(D)",58,61,68,68,"(D)","(D)","(NA)"
"42200","Santa Maria-Santa Barbara, CA (Metropolitan Statistical Area)"," ","200","Gross domestic product (GDP) by metropolitan area","44","493","   Warehousing and storage",13,14,14,13,17,17,17,21,23,20,18,"(D)",16,17,"(NA)"
"42200","Santa Maria-Santa Barbara, CA (Metropolitan Statistical Area)"," ","200","Gross domestic product (GDP) by metropolitan area","45","51","  Information",523,560,610,699,829,698,808,813,798,871,980,1204,1324,1326,1362
"42200","Santa Maria-Santa Barbara, CA (Metropolitan Statistical Area)"," ","200","Gross domestic product (GDP) by metropolitan area","46","511","   Publishing industries, except Internet (includes software)","(D)",227,"(D)","(D)","(D)","(D)",392,394,390,474,509,"(D)",607,648,"(NA)"
"42200","Santa Maria-Santa Barbara, CA (Metropolitan Statistical Area)"," ","200","Gross domestic product (GDP) by metropolitan area","47","512","   Motion picture and sound recording industries",55,70,58,58,39,43,58,70,77,62,149,"(D)",235,192,"(NA)"
"42200","Santa Maria-Santa Barbara, CA (Metropolitan Statistical Area)"," ","200","Gross domestic product (GDP) by metropolitan area","48","515, 517","   Broadcasting and telecommunications",233,192,207,226,258,263,318,299,278,281,269,"(D)",427,424,"(NA)"
"42200","Santa Maria-Santa Barbara, CA (Metropolitan Statistical Area)"," ","200","Gross domestic product (GDP) by metropolitan area","49","518, 519","   Data processing, internet publishing, and other information services","(D)",72,"(D)","(D)","(D)","(D)",40,49,53,55,54,"(D)",55,61,"(NA)"
"42200","Santa Maria-Santa Barbara, CA (Metropolitan Statistical Area)"," ","200","Gross domestic product (GDP) by metropolitan area","50","52, 53","  Finance, insurance, real estate, rental, and leasing",2933,3199,3228,3419,3834,3777,3582,3553,3555,3926,4399,4381,4267,4356,4568
"42200","Santa Maria-Santa Barbara, CA (Metropolitan Statistical Area)"," ","200","Gross domestic product (GDP) by metropolitan area","51","52","   Finance and insurance",560,644,658,705,778,788,779,711,704,616,635,725,706,686,735
"42200","Santa Maria-Santa Barbara, CA (Metropolitan Statistical Area)"," ","200","Gross domestic product (GDP) by metropolitan area","52","521-522","    Federal Reserve banks, credit intermediation, and related services",257,321,278,220,244,262,325,380,369,293,301,"(D)",308,307,"(NA)"
"42200","Santa Maria-Santa Barbara, CA (Metropolitan Statistical Area)"," ","200","Gross domestic product (GDP) by metropolitan area","53","523","    Securities, commodity contracts, and investments",139,138,132,133,178,181,132,68,125,129,130,"(D)","(D)",153,"(NA)"
"42200","Santa Maria-Santa Barbara, CA (Metropolitan Statistical Area)"," ","200","Gross domestic product (GDP) by metropolitan area","54","524","    Insurance carriers and related activities",149,169,235,335,342,331,314,253,197,185,197,"(D)",220,211,"(NA)"
"42200","Santa Maria-Santa Barbara, CA (Metropolitan Statistical Area)"," ","200","Gross domestic product (GDP) by metropolitan area","55","525","    Funds, trusts, and other financial vehicles",15,16,13,17,14,15,7,10,13,9,8,"(D)","(D)",16,"(NA)"
"42200","Santa Maria-Santa Barbara, CA (Metropolitan Statistical Area)"," ","200","Gross domestic product (GDP) by metropolitan area","56","53","   Real estate and rental and leasing",2373,2555,2571,2714,3056,2989,2803,2842,2850,3310,3764,3657,3561,3670,3833
"42200","Santa Maria-Santa Barbara, CA (Metropolitan Statistical Area)"," ","200","Gross domestic product (GDP) by metropolitan area","57","531","    Real estate",2241,2419,2462,2593,2929,2852,2667,2713,2714,3171,3627,"(D)",3420,3551,"(NA)"
"42200","Santa Maria-Santa Barbara, CA (Metropolitan Statistical Area)"," ","200","Gross domestic product (GDP) by metropolitan area","58","532-533","    Rental and leasing services and lessors of intangible assets",132,135,109,121,126,136,136,129,136,139,137,"(D)",141,119,"(NA)"
"42200","Santa Maria-Santa Barbara, CA (Metropolitan Statistical Area)"," ","200","Gross domestic product (GDP) by metropolitan area","59","54, 55, 56","  Professional and business services",1505,1693,1870,1990,2166,2167,2295,2482,2421,2576,2671,2756,2630,2692,2701
"42200","Santa Maria-Santa Barbara, CA (Metropolitan Statistical Area)"," ","200","Gross domestic product (GDP) by metropolitan area","60","54","   Professional, scientific, and technical services",952,1079,1166,1266,1336,1352,1445,1585,1495,1563,1629,1654,1642,1651,1667
"42200","Santa Maria-Santa Barbara, CA (Metropolitan Statistical Area)"," ","200","Gross domestic product (GDP) by metropolitan area","64","55","   Management of companies and enterprises",126,124,171,186,207,231,252,252,267,312,292,256,269,321,330
"42200","Santa Maria-Santa Barbara, CA (Metropolitan Statistical Area)"," ","200","Gross domestic product (GDP) by metropolitan area","65","56","   Administrative and waste management services",426,490,533,538,623,584,599,645,659,701,750,846,720,720,704
"42200","Santa Maria-Santa Barbara, CA (Metropolitan Statistical Area)"," ","200","Gross domestic product (GDP) by metropolitan area","66","561","    Administrative and support services",373,451,488,495,579,542,550,594,603,625,687,"(D)",652,653,"(NA)"
"42200","Santa Maria-Santa Barbara, CA (Metropolitan Statistical Area)"," ","200","Gross domestic product (GDP) by metropolitan area","67","562","    Waste management and remediation services",53,39,45,43,44,41,49,51,56,75,63,"(D)",68,67,"(NA)"
"42200","Santa Maria-Santa Barbara, CA (Metropolitan Statistical Area)"," ","200","Gross domestic product (GDP) by metropolitan area","68","61, 62","  Educational services, health care, and social assistance",943,1020,1101,1194,1224,1284,1372,1498,1572,1612,1702,1740,1779,1862,1996
"42200","Santa Maria-Santa Barbara, CA (Metropolitan Statistical Area)"," ","200","Gross domestic product (GDP) by metropolitan area","69","61","   Educational services",132,122,137,156,159,159,173,179,186,173,186,192,187,193,178
"42200","Santa Maria-Santa Barbara, CA (Metropolitan Statistical Area)"," ","200","Gross domestic product (GDP) by metropolitan area","70","62","   Health care and social assistance",811,898,963,1038,1065,1125,1198,1318,1386,1439,1516,1548,1592,1669,1817
"42200","Santa Maria-Santa Barbara, CA (Metropolitan Statistical Area)"," ","200","Gross domestic product (GDP) by metropolitan area","71","621","    Ambulatory health care services",450,488,520,567,590,632,652,710,725,733,754,"(D)",796,835,"(NA)"
"42200","Santa Maria-Santa Barbara, CA (Metropolitan Statistical Area)"," ","200","Gross domestic product (GDP) by metropolitan area","72","622-623","    Hospitals and nursing and residential care facilities",261,305,326,354,351,373,422,463,506,537,575,591,613,643,"(NA)"
"42200","Santa Maria-Santa Barbara, CA (Metropolitan Statistical Area)"," ","200","Gross domestic product (GDP) by metropolitan area","73","624","    Social assistance",100,105,117,118,124,120,125,144,155,170,187,"(D)",183,192,"(NA)"
"42200","Santa Maria-Santa Barbara, CA (Metropolitan Statistical Area)"," ","200","Gross domestic product (GDP) by metropolitan area","74","71, 72","  Arts, entertainment, recreation, accommodation, and food services",755,812,850,908,932,974,983,984,941,949,1003,1035,1119,1196,1286
"42200","Santa Maria-Santa Barbara, CA (Metropolitan Statistical Area)"," ","200","Gross domestic product (GDP) by metropolitan area","75","71","   Arts, entertainment, and recreation",140,153,149,158,162,166,181,182,179,182,187,197,204,215,221
"42200","Santa Maria-Santa Barbara, CA (Metropolitan Statistical Area)"," ","200","Gross domestic product (GDP) by metropolitan area","76","711-712","    Performing arts, spectator sports, museums, and related activities",83,95,89,93,95,94,101,104,100,99,101,"(D)",106,112,"(NA)"
"42200","Santa Maria-Santa Barbara, CA (Metropolitan Statistical Area)"," ","200","Gross domestic product (GDP) by metropolitan area","77","713","    Amusements, gambling, and recreation industries",57,58,60,64,67,72,80,78,79,82,86,"(D)",98,103,"(NA)"
"42200","Santa Maria-Santa Barbara, CA (Metropolitan Statistical Area)"," ","200","Gross domestic product (GDP) by metropolitan area","78","72","   Accommodation and food services",615,659,701,751,770,808,802,803,762,768,816,838,915,981,1065
"42200","Santa Maria-Santa Barbara, CA (Metropolitan Statistical Area)"," ","200","Gross domestic product (GDP) by metropolitan area","79","721","    Accommodation",240,248,255,278,282,292,302,302,262,263,298,"(D)",348,365,"(NA)"
"42200","Santa Maria-Santa Barbara, CA (Metropolitan Statistical Area)"," ","200","Gross domestic product (GDP) by metropolitan area","80","722","    Food services and drinking places",375,410,446,473,487,516,499,500,500,505,517,"(D)",568,616,"(NA)"
"42200","Santa Maria-Santa Barbara, CA (Metropolitan Statistical Area)"," ","200","Gross domestic product (GDP) by metropolitan area","81","81","  Other services, except government",420,452,440,454,476,498,519,542,528,517,506,526,541,576,608
"42200","Santa Maria-Santa Barbara, CA (Metropolitan Statistical Area)"," ","200","Gross domestic product (GDP) by metropolitan area","82","92"," Government",2424,2560,2682,2796,2978,3109,3305,3420,3439,3509,3627,3695,3796,3943,4107
"42200","Santa Maria-Santa Barbara, CA (Metropolitan Statistical Area)"," ","200","Gross domestic product (GDP) by metropolitan area","83","...","  Federal civilian",359,383,403,418,438,445,463,475,479,509,515,516,494,516,"(NA)"
"42200","Santa Maria-Santa Barbara, CA (Metropolitan Statistical Area)"," ","200","Gross domestic product (GDP) by metropolitan area","84","...","  Federal military",380,414,423,427,443,455,465,454,469,485,503,529,525,532,"(NA)"
"42200","Santa Maria-Santa Barbara, CA (Metropolitan Statistical Area)"," ","200","Gross domestic product (GDP) by metropolitan area","85","...","  State and local",1685,1764,1856,1951,2097,2209,2376,2490,2490,2515,2609,2650,2777,2895,"(NA)"
"42200","Santa Maria-Santa Barbara, CA (Metropolitan Statistical Area)"," ","200","Gross domestic product (GDP) by metropolitan area","86","11, 21","Natural resources and mining",932,908,1016,1076,1213,1460,1551,1664,1714,1759,1934,2066,2194,2212,2142
"42200","Santa Maria-Santa Barbara, CA (Metropolitan Statistical Area)"," ","200","Gross domestic product (GDP) by metropolitan area","87","42, 44-45","Trade",1762,1783,1797,1930,1980,2079,2099,2094,2024,2018,2119,2274,2377,2493,2631
"42200","Santa Maria-Santa Barbara, CA (Metropolitan Statistical Area)"," ","200","Gross domestic product (GDP) by metropolitan area","88","...","Transportation and utilities",223,268,292,320,327,374,381,381,395,362,338,339,349,385,431
"42200","Santa Maria-Santa Barbara, CA (Metropolitan Statistical Area)"," ","200","Gross domestic product (GDP) by metropolitan area","89","...","Private goods-producing industries",2936,2835,3302,3478,4027,4347,4456,4556,4398,4249,4445,4762,5025,5157,5329
"42200","Santa Maria-Santa Barbara, CA (Metropolitan Statistical Area)"," ","200","Gross domestic product (GDP) by metropolitan area","90","...","Private services-providing industries",9064,9786,10188,10915,11768,11851,12038,12347,12235,12832,13718,14255,14387,14886,15583
"42200","Santa Maria-Santa Barbara, CA (Metropolitan Statistical Area)"," ","800","Quantity indexes for real GDP by metropolitan area","1","...","All industry total",86.355,89.491,92.926,95.513,101.463,101.460,100.048,100.415,100.000,100.444,103.283,105.815,106.023,108.091,113.009
"42200","Santa Maria-Santa Barbara, CA (Metropolitan Statistical Area)"," ","800","Quantity indexes for real GDP by metropolitan area","2","..."," Private industries",84.468,87.907,91.968,95.159,101.870,101.829,99.846,100.153,100.000,100.696,103.821,106.818,106.931,109.117,114.706
"42200","Santa Maria-Santa Barbara, CA (Metropolitan Statistical Area)"," ","800","Quantity indexes for real GDP by metropolitan area","3","11","  Agriculture, forestry, fishing, and hunting",49.822,60.366,62.942,55.458,65.887,74.665,57.252,58.343,100.000,86.723,62.498,64.473,75.717,87.648,100.078
"42200","Santa Maria-Santa Barbara, CA (Metropolitan Statistical Area)"," ","800","Quantity indexes for real GDP by metropolitan area","4","111-112","   Farms",47.261,58.173,57.916,47.373,61.670,69.756,47.310,49.675,100.000,82.366,50.875,49.568,62.201,72.554,"(NA)"
"42200","Santa Maria-Santa Barbara, CA (Metropolitan Statistical Area)"," ","800","Quantity indexes for real GDP by metropolitan area","5","113-115","   Forestry, fishing, and related activities",61.907,71.254,85.904,93.601,85.054,96.935,103.563,97.250,100.000,104.750,117.515,137.960,139.124,158.092,"(NA)"
"42200","Santa Maria-Santa Barbara, CA (Metropolitan Statistical Area)"," ","800","Quantity indexes for real GDP by metropolitan area","6","21","  Mining",126.949,89.796,71.067,76.145,80.018,107.222,121.663,108.040,100.000,94.135,131.899,154.755,129.515,112.975,174.407
"42200","Santa Maria-Santa Barbara, CA (Metropolitan Statistical Area)"," ","800","Quantity indexes for real GDP by metropolitan area","7","211","   Oil and gas extraction",125.109,75.643,50.670,56.565,70.070,98.465,109.680,97.749,100.000,91.661,"(D)","(D)",144.969,"(D)","(NA)"
"42200","Santa Maria-Santa Barbara, CA (Metropolitan Statistical Area)"," ","800","Quantity indexes for real GDP by metropolitan area","8","212","   Mining, except oil and gas",139.373,129.262,134.802,137.785,112.975,115.408,154.417,113.653,100.000,73.118,"(D)","(D)",83.659,"(D)","(NA)"
"42200","Santa Maria-Santa Barbara, CA (Metropolitan Statistical Area)"," ","800","Quantity indexes for real GDP by metropolitan area","9","213","   Support activities for mining",171.371,127.776,96.705,100.859,88.461,138.335,137.815,152.200,100.000,143.206,148.893,"(D)",127.959,124.014,"(NA)"
"42200","Santa Maria-Santa Barbara, CA (Metropolitan Statistical Area)"," ","800","Quantity indexes for real GDP by metropolitan area","10","22","  Utilities",72.513,114.048,110.655,112.231,98.167,109.337,112.563,101.568,100.000,72.775,73.338,64.502,65.123,61.039,73.176
"42200","Santa Maria-Santa Barbara, CA (Metropolitan Statistical Area)"," ","800","Quantity indexes for real GDP by metropolitan area","11","23","  Construction",115.008,112.588,126.516,149.533,149.171,141.857,137.848,122.212,100.000,92.338,91.386,91.775,92.496,90.651,94.714
"42200","Santa Maria-Santa Barbara, CA (Metropolitan Statistical Area)"," ","800","Quantity indexes for real GDP by metropolitan area","12","31-33","  Manufacturing",67.886,64.654,78.758,76.468,91.759,94.471,95.725,103.051,100.000,93.834,93.825,99.940,103.769,106.352,113.151
"42200","Santa Maria-Santa Barbara, CA (Metropolitan Statistical Area)"," ","800","Quantity indexes for real GDP by metropolitan area","13","...","   Durable goods manufacturing",66.678,62.197,77.866,72.368,88.442,94.264,91.497,99.391,100.000,95.895,100.655,104.083,106.210,107.609,113.910
"42200","Santa Maria-Santa Barbara, CA (Metropolitan Statistical Area)"," ","800","Quantity indexes for real GDP by metropolitan area","14","321","    Wood products manufacturing",150.777,166.669,150.680,155.134,177.718,181.999,123.726,136.167,100.000,81.233,129.585,"(D)",124.270,116.265,"(NA)"
"42200","Santa Maria-Santa Barbara, CA (Metropolitan Statistical Area)"," ","800","Quantity indexes for real GDP by metropolitan area","15","327","    Nonmetallic mineral products manufacturing",115.514,125.328,105.652,132.435,107.324,101.507,100.666,110.868,100.000,79.676,68.928,"(D)",43.448,42.585,"(NA)"
"42200","Santa Maria-Santa Barbara, CA (Metropolitan Statistical Area)"," ","800","Quantity indexes for real GDP by metropolitan area","16","331","    Primary metals manufacturing","(D)","(D)","(D)","(D)","(D)","(D)","(D)",58.882,100.000,75.599,70.610,"(D)","(D)","(D)","(NA)"
"42200","Santa Maria-Santa Barbara, CA (Metropolitan Statistical Area)"," ","800","Quantity indexes for real GDP by metropolitan area","17","332","    Fabricated metal products",169.280,169.079,172.484,147.862,137.629,134.689,136.947,118.832,100.000,114.094,116.618,"(D)",117.257,122.209,"(NA)"
"42200","Santa Maria-Santa Barbara, CA (Metropolitan Statistical Area)"," ","800","Quantity indexes for real GDP by metropolitan area","18","333","    Machinery manufacturing",74.919,62.990,74.535,90.939,82.995,95.034,102.518,121.600,100.000,108.376,203.687,"(D)",151.193,130.532,"(NA)"
"42200","Santa Maria-Santa Barbara, CA (Metropolitan Statistical Area)"," ","800","Quantity indexes for real GDP by metropolitan area","19","334","    Computer and electronic products manufacturing",28.011,29.144,36.908,43.219,58.013,59.947,84.490,92.298,100.000,99.772,104.084,"(D)",122.244,125.264,"(NA)"
"42200","Santa Maria-Santa Barbara, CA (Metropolitan Statistical Area)"," ","800","Quantity indexes for real GDP by metropolitan area","20","335","    Electrical equipment, appliance, and components manufacturing",110.908,93.871,93.006,109.427,119.485,128.521,119.333,135.060,100.000,77.688,70.502,"(D)",78.687,72.140,"(NA)"
"42200","Santa Maria-Santa Barbara, CA (Metropolitan Statistical Area)"," ","800","Quantity indexes for real GDP by metropolitan area","21","3361-3363","    Motor vehicles, bodies and trailers, and parts manufacturing","(D)","(D)","(D)","(D)","(D)","(D)","(D)","(D)","(D)","(D)","(D)","(D)","(D)","(D)","(NA)"
"42200","Santa Maria-Santa Barbara, CA (Metropolitan Statistical Area)"," ","800","Quantity indexes for real GDP by metropolitan area","22","3364-3366, 3369","    Other transportation equipment manufacturing","(D)","(D)","(D)","(D)","(D)","(D)","(D)","(D)","(D)","(D)","(D)","(D)","(D)","(D)","(NA)"
"42200","Santa Maria-Santa Barbara, CA (Metropolitan Statistical Area)"," ","800","Quantity indexes for real GDP by metropolitan area","23","337","    Furniture and related products manufacturing",107.598,132.686,141.477,167.636,166.398,158.935,149.067,135.084,100.000,94.289,82.953,"(D)",75.977,75.136,"(NA)"
"42200","Santa Maria-Santa Barbara, CA (Metropolitan Statistical Area)"," ","800","Quantity indexes for real GDP by metropolitan area","24","339","    Miscellaneous manufacturing",111.068,127.011,144.642,108.075,140.564,178.568,78.014,101.856,100.000,96.980,91.586,"(D)",94.801,97.885,"(NA)"
"42200","Santa Maria-Santa Barbara, CA (Metropolitan Statistical Area)"," ","800","Quantity indexes for real GDP by metropolitan area","25","...","   Nondurable goods manufacturing",69.392,71.057,78.852,87.782,100.142,94.003,106.051,111.979,100.000,89.011,78.643,90.128,97.275,102.151,109.813
"42200","Santa Maria-Santa Barbara, CA (Metropolitan Statistical Area)"," ","800","Quantity indexes for real GDP by metropolitan area","26","311-312","    Food and beverage and tobacco products manufacturing",69.620,80.376,77.641,72.248,75.648,90.221,100.337,95.162,100.000,86.597,79.313,96.600,95.065,105.123,"(NA)"
"42200","Santa Maria-Santa Barbara, CA (Metropolitan Statistical Area)"," ","800","Quantity indexes for real GDP by metropolitan area","27","313-314","    Textile mills and textile product mills","(D)","(D)","(D)","(D)","(D)","(D)","(D)","(D)","(D)","(D)","(D)","(D)","(D)","(D)","(NA)"
"42200","Santa Maria-Santa Barbara, CA (Metropolitan Statistical Area)"," ","800","Quantity indexes for real GDP by metropolitan area","28","315-316","    Apparel and leather and allied products manufacturing","(D)","(D)","(D)","(D)","(D)","(D)","(D)","(D)","(D)","(D)","(D)","(D)","(D)","(D)","(NA)"
"42200","Santa Maria-Santa Barbara, CA (Metropolitan Statistical Area)"," ","800","Quantity indexes for real GDP by metropolitan area","29","322","    Paper products manufacturing","(D)","(D)","(D)","(D)","(D)","(D)","(D)","(D)","(D)","(D)","(D)","(D)","(D)","(D)","(NA)"
"42200","Santa Maria-Santa Barbara, CA (Metropolitan Statistical Area)"," ","800","Quantity indexes for real GDP by metropolitan area","30","323","    Printing and related support activities",88.761,99.066,92.829,97.745,101.009,110.397,113.639,112.555,100.000,103.288,124.100,"(D)",126.554,90.832,"(NA)"
"42200","Santa Maria-Santa Barbara, CA (Metropolitan Statistical Area)"," ","800","Quantity indexes for real GDP by metropolitan area","31","324","    Petroleum and coal products manufacturing","(D)","(D)","(D)",89.382,146.412,75.020,91.403,153.891,100.000,49.688,29.090,"(D)",31.460,44.623,"(NA)"
"42200","Santa Maria-Santa Barbara, CA (Metropolitan Statistical Area)"," ","800","Quantity indexes for real GDP by metropolitan area","32","325","    Chemical products manufacturing",39.455,38.489,54.542,101.547,95.424,114.437,134.017,106.757,100.000,117.984,111.328,"(D)",148.873,143.361,"(NA)"
"42200","Santa Maria-Santa Barbara, CA (Metropolitan Statistical Area)"," ","800","Quantity indexes for real GDP by metropolitan area","33","326","    Plastics and rubber products manufacturing",204.184,187.257,196.490,130.046,162.395,169.525,101.241,100.484,100.000,97.855,95.108,"(D)",96.274,92.425,"(NA)"
"42200","Santa Maria-Santa Barbara, CA (Metropolitan Statistical Area)"," ","800","Quantity indexes for real GDP by metropolitan area","34","42","  Wholesale trade",106.455,96.246,89.732,98.213,98.623,105.180,113.437,112.798,100.000,93.976,103.074,109.202,116.375,121.587,137.827
"42200","Santa Maria-Santa Barbara, CA (Metropolitan Statistical Area)"," ","800","Quantity indexes for real GDP by metropolitan area","35","44-45","  Retail trade",98.055,105.595,111.142,114.681,114.731,114.449,107.606,103.831,100.000,100.840,100.065,103.522,105.319,108.691,107.363
"42200","Santa Maria-Santa Barbara, CA (Metropolitan Statistical Area)"," ","800","Quantity indexes for real GDP by metropolitan area","36","48-49","  Transportation and warehousing",69.903,70.249,79.492,89.626,96.707,104.005,102.148,106.926,100.000,103.555,91.269,94.532,93.269,102.711,102.884
"42200","Santa Maria-Santa Barbara, CA (Metropolitan Statistical Area)"," ","800","Quantity indexes for real GDP by metropolitan area","37","481","   Air transportation",26.419,23.756,36.854,48.298,68.634,100.437,93.400,100.017,100.000,120.531,45.666,"(D)",46.779,43.925,"(NA)"
"42200","Santa Maria-Santa Barbara, CA (Metropolitan Statistical Area)"," ","800","Quantity indexes for real GDP by metropolitan area","38","482","   Rail transportation",162.354,133.344,134.867,151.135,154.425,157.148,148.754,137.419,100.000,84.893,96.689,98.126,93.362,99.398,"(NA)"
"42200","Santa Maria-Santa Barbara, CA (Metropolitan Statistical Area)"," ","800","Quantity indexes for real GDP by metropolitan area","39","483","   Water transportation","(D)","(D)","(D)","(D)","(D)","(D)","(D)","(D)","(D)","(D)","(D)","(D)","(D)","(D)","(NA)"
"42200","Santa Maria-Santa Barbara, CA (Metropolitan Statistical Area)"," ","800","Quantity indexes for real GDP by metropolitan area","40","484","   Truck transportation",67.367,77.995,77.986,92.763,106.426,117.868,108.305,100.301,100.000,108.622,119.293,"(D)",137.541,145.151,"(NA)"
"42200","Santa Maria-Santa Barbara, CA (Metropolitan Statistical Area)"," ","800","Quantity indexes for real GDP by metropolitan area","41","485","   Transit and ground passenger transportation",75.062,93.967,95.862,101.365,107.549,112.790,115.190,117.414,100.000,90.719,86.140,"(D)",98.793,164.638,"(NA)"
"42200","Santa Maria-Santa Barbara, CA (Metropolitan Statistical Area)"," ","800","Quantity indexes for real GDP by metropolitan area","42","486","   Pipeline transportation","(D)","(D)","(D)","(D)","(D)","(D)","(D)","(D)","(D)","(D)","(D)","(D)","(D)","(D)","(NA)"
"42200","Santa Maria-Santa Barbara, CA (Metropolitan Statistical Area)"," ","800","Quantity indexes for real GDP by metropolitan area","43","487-488, 492","   Other transportation and support activities",107.691,105.643,"(D)","(D)","(D)",112.918,"(D)","(D)",100.000,100.642,106.612,101.495,"(D)","(D)","(NA)"
"42200","Santa Maria-Santa Barbara, CA (Metropolitan Statistical Area)"," ","800","Quantity indexes for real GDP by metropolitan area","44","493","   Warehousing and storage",62.349,65.200,66.103,60.591,80.392,80.815,78.601,90.816,100.000,87.993,84.923,"(D)",79.322,84.796,"(NA)"
"42200","Santa Maria-Santa Barbara, CA (Metropolitan Statistical Area)"," ","800","Quantity indexes for real GDP by metropolitan area","45","51","  Information",64.143,68.293,74.339,86.193,103.142,87.002,101.584,102.627,100.000,110.134,123.999,151.975,165.633,165.347,170.783
"42200","Santa Maria-Santa Barbara, CA (Metropolitan Statistical Area)"," ","800","Quantity indexes for real GDP by metropolitan area","46","511","   Publishing industries, except Internet (includes software)","(D)",61.316,"(D)","(D)","(D)","(D)",103.493,102.830,100.000,122.878,131.432,"(D)",154.490,163.991,"(NA)"
"42200","Santa Maria-Santa Barbara, CA (Metropolitan Statistical Area)"," ","800","Quantity indexes for real GDP by metropolitan area","47","512","   Motion picture and sound recording industries",76.967,94.565,81.181,78.991,52.198,57.464,76.073,91.771,100.000,80.691,193.551,"(D)",301.430,243.880,"(NA)"
"42200","Santa Maria-Santa Barbara, CA (Metropolitan Statistical Area)"," ","800","Quantity indexes for real GDP by metropolitan area","48","515, 517","   Broadcasting and telecommunications",71.071,59.457,64.128,70.729,84.752,89.802,111.041,106.941,100.000,101.665,97.973,"(D)",154.150,153.827,"(NA)"
"42200","Santa Maria-Santa Barbara, CA (Metropolitan Statistical Area)"," ","800","Quantity indexes for real GDP by metropolitan area","49","518, 519","   Data processing, internet publishing, and other information services","(D)",130.849,"(D)","(D)","(D)","(D)",75.901,94.196,100.000,103.895,103.517,"(D)",108.827,121.135,"(NA)"
"42200","Santa Maria-Santa Barbara, CA (Metropolitan Statistical Area)"," ","800","Quantity indexes for real GDP by metropolitan area","50","52, 53","  Finance, insurance, real estate, rental, and leasing",96.063,101.341,99.883,103.411,113.437,109.130,101.623,99.404,100.000,110.202,122.181,118.760,112.633,111.892,113.710
"42200","Santa Maria-Santa Barbara, CA (Metropolitan Statistical Area)"," ","800","Quantity indexes for real GDP by metropolitan area","51","52","   Finance and insurance",82.943,93.828,92.999,96.613,104.057,104.204,101.843,92.033,100.000,84.057,84.749,92.263,85.913,80.007,83.162
"42200","Santa Maria-Santa Barbara, CA (Metropolitan Statistical Area)"," ","800","Quantity indexes for real GDP by metropolitan area","52","521-522","    Federal Reserve banks, credit intermediation, and related services",66.258,80.995,68.497,53.108,58.032,60.688,74.512,87.363,100.000,75.096,76.469,"(D)",69.952,66.910,"(NA)"
"42200","Santa Maria-Santa Barbara, CA (Metropolitan Statistical Area)"," ","800","Quantity indexes for real GDP by metropolitan area","53","523","    Securities, commodity contracts, and investments",135.539,135.035,126.942,120.527,154.061,154.166,103.994,50.006,100.000,99.399,95.319,"(D)","(D)",89.263,"(NA)"
"42200","Santa Maria-Santa Barbara, CA (Metropolitan Statistical Area)"," ","800","Quantity indexes for real GDP by metropolitan area","54","524","    Insurance carriers and related activities",85.831,95.508,126.424,174.547,174.165,168.733,160.406,131.459,100.000,92.431,95.745,"(D)",103.212,96.781,"(NA)"
"42200","Santa Maria-Santa Barbara, CA (Metropolitan Statistical Area)"," ","800","Quantity indexes for real GDP by metropolitan area","55","525","    Funds, trusts, and other financial vehicles",90.985,90.030,70.625,99.688,84.348,86.337,48.115,67.622,100.000,67.580,56.070,"(D)","(D)",130.085,"(NA)"
"42200","Santa Maria-Santa Barbara, CA (Metropolitan Statistical Area)"," ","800","Quantity indexes for real GDP by metropolitan area","56","53","   Real estate and rental and leasing",99.641,103.339,101.708,105.208,115.953,110.396,101.464,101.346,100.000,116.818,131.717,125.401,119.364,120.064,121.495
"42200","Santa Maria-Santa Barbara, CA (Metropolitan Statistical Area)"," ","800","Quantity indexes for real GDP by metropolitan area","57","531","    Real estate",98.721,102.474,102.055,105.343,116.521,110.429,101.191,101.479,100.000,117.544,133.325,"(D)",120.289,121.804,"(NA)"
"42200","Santa Maria-Santa Barbara, CA (Metropolitan Statistical Area)"," ","800","Quantity indexes for real GDP by metropolitan area","58","532-533","    Rental and leasing services and lessors of intangible assets",119.089,121.682,94.480,102.427,104.170,109.720,106.896,98.673,100.000,102.385,99.762,"(D)",101.097,84.978,"(NA)"
"42200","Santa Maria-Santa Barbara, CA (Metropolitan Statistical Area)"," ","800","Quantity indexes for real GDP by metropolitan area","59","54, 55, 56","  Professional and business services",75.894,84.279,91.650,93.914,99.318,95.797,97.179,103.922,100.000,105.709,108.667,110.623,104.104,105.213,103.769
"42200","Santa Maria-Santa Barbara, CA (Metropolitan Statistical Area)"," ","800","Quantity indexes for real GDP by metropolitan area","60","54","   Professional, scientific, and technical services",77.061,86.334,91.108,96.474,98.273,96.034,98.907,107.336,100.000,103.257,106.325,106.278,103.990,103.022,102.643
"42200","Santa Maria-Santa Barbara, CA (Metropolitan Statistical Area)"," ","800","Quantity indexes for real GDP by metropolitan area","64","55","   Management of companies and enterprises",76.065,72.989,98.389,92.257,97.451,100.921,98.459,97.122,100.000,115.822,107.853,93.799,97.831,119.288,120.793
"42200","Santa Maria-Santa Barbara, CA (Metropolitan Statistical Area)"," ","800","Quantity indexes for real GDP by metropolitan area","65","56","   Administrative and waste management services",73.182,82.945,90.621,88.783,102.180,93.298,92.778,98.913,100.000,107.199,114.404,127.649,106.880,104.710,99.655
"42200","Santa Maria-Santa Barbara, CA (Metropolitan Statistical Area)"," ","800","Quantity indexes for real GDP by metropolitan area","66","561","    Administrative and support services",69.629,83.149,90.646,89.103,103.503,94.372,92.807,99.421,100.000,104.866,114.972,"(D)",106.399,104.611,"(NA)"
"42200","Santa Maria-Santa Barbara, CA (Metropolitan Statistical Area)"," ","800","Quantity indexes for real GDP by metropolitan area","67","562","    Waste management and remediation services",113.620,80.529,90.157,85.114,87.421,81.330,92.693,93.364,100.000,132.005,109.186,"(D)",112.234,106.214,"(NA)"
"42200","Santa Maria-Santa Barbara, CA (Metropolitan Statistical Area)"," ","800","Quantity indexes for real GDP by metropolitan area","68","61, 62","  Educational services, health care, and social assistance",76.682,80.203,83.939,88.420,87.928,90.003,92.295,98.708,100.000,100.201,104.255,104.623,105.642,109.313,114.879
"42200","Santa Maria-Santa Barbara, CA (Metropolitan Statistical Area)"," ","800","Quantity indexes for real GDP by metropolitan area","69","61","   Educational services",99.411,86.603,94.728,102.919,101.081,96.403,100.419,100.265,100.000,90.209,94.445,94.140,89.062,89.960,79.904
"42200","Santa Maria-Santa Barbara, CA (Metropolitan Statistical Area)"," ","800","Quantity indexes for real GDP by metropolitan area","70","62","   Health care and social assistance",73.809,79.324,82.511,86.523,86.202,89.151,91.216,98.499,100.000,101.548,105.577,106.038,107.914,111.978,119.811
"42200","Santa Maria-Santa Barbara, CA (Metropolitan Statistical Area)"," ","800","Quantity indexes for real GDP by metropolitan area","71","621","    Ambulatory health care services",74.557,79.840,83.256,88.578,90.102,95.526,94.254,101.296,100.000,98.569,100.462,"(D)",104.144,108.562,"(NA)"
"42200","Santa Maria-Santa Barbara, CA (Metropolitan Statistical Area)"," ","800","Quantity indexes for real GDP by metropolitan area","72","622-623","    Hospitals and nursing and residential care facilities",69.941,77.566,79.344,83.039,79.486,81.510,89.017,95.346,100.000,104.267,110.133,111.114,113.477,117.570,"(NA)"
"42200","Santa Maria-Santa Barbara, CA (Metropolitan Statistical Area)"," ","800","Quantity indexes for real GDP by metropolitan area","73","624","    Social assistance",83.036,83.222,89.749,88.507,89.717,84.020,84.280,95.678,100.000,106.638,114.658,"(D)",107.627,110.043,"(NA)"
"42200","Santa Maria-Santa Barbara, CA (Metropolitan Statistical Area)"," ","800","Quantity indexes for real GDP by metropolitan area","74","71, 72","  Arts, entertainment, recreation, accommodation, and food services",103.568,107.780,111.484,116.670,114.891,115.820,112.064,108.841,100.000,101.048,106.693,106.123,111.787,116.382,119.486
"42200","Santa Maria-Santa Barbara, CA (Metropolitan Statistical Area)"," ","800","Quantity indexes for real GDP by metropolitan area","75","71","   Arts, entertainment, and recreation",99.138,105.377,99.494,102.653,102.167,101.047,106.002,103.982,100.000,101.659,104.639,106.822,108.774,112.826,111.799
"42200","Santa Maria-Santa Barbara, CA (Metropolitan Statistical Area)"," ","800","Quantity indexes for real GDP by metropolitan area","76","711-712","    Performing arts, spectator sports, museums, and related activities",110.412,122.807,111.129,111.677,108.541,103.247,106.206,106.200,100.000,98.371,99.601,"(D)",100.368,103.810,"(NA)"
"42200","Santa Maria-Santa Barbara, CA (Metropolitan Statistical Area)"," ","800","Quantity indexes for real GDP by metropolitan area","77","713","    Amusements, gambling, and recreation industries",85.406,84.593,85.379,91.564,94.270,98.288,105.731,101.160,100.000,105.880,111.137,"(D)",119.640,124.483,"(NA)"
"42200","Santa Maria-Santa Barbara, CA (Metropolitan Statistical Area)"," ","800","Quantity indexes for real GDP by metropolitan area","78","72","   Accommodation and food services",104.618,108.344,114.360,120.040,117.945,119.371,113.506,109.994,100.000,100.905,107.176,105.962,112.484,117.204,121.244
"42200","Santa Maria-Santa Barbara, CA (Metropolitan Statistical Area)"," ","800","Quantity indexes for real GDP by metropolitan area","79","721","    Accommodation",110.229,112.850,115.825,123.969,118.596,118.065,116.099,113.300,100.000,101.317,113.345,"(D)",124.997,125.896,"(NA)"
"42200","Santa Maria-Santa Barbara, CA (Metropolitan Statistical Area)"," ","800","Quantity indexes for real GDP by metropolitan area","80","722","    Food services and drinking places",101.518,105.887,113.624,117.927,117.689,120.245,112.117,108.178,100.000,100.690,103.954,"(D)",105.955,112.679,"(NA)"
"42200","Santa Maria-Santa Barbara, CA (Metropolitan Statistical Area)"," ","800","Quantity indexes for real GDP by metropolitan area","81","81","  Other services, except government",108.490,111.629,105.689,105.659,106.582,107.087,107.195,107.712,100.000,95.313,91.263,92.282,92.432,95.858,97.753
"42200","Santa Maria-Santa Barbara, CA (Metropolitan Statistical Area)"," ","800","Quantity indexes for real GDP by metropolitan area","82","92"," Government",96.552,97.993,98.019,97.398,99.373,99.564,101.050,101.717,100.000,99.230,100.688,100.959,101.629,103.126,104.851
"42200","Santa Maria-Santa Barbara, CA (Metropolitan Statistical Area)"," ","800","Quantity indexes for real GDP by metropolitan area","83","...","  Federal civilian",101.888,102.472,102.510,101.368,101.799,100.453,100.386,101.103,100.000,102.365,101.110,101.122,94.714,96.549,"(NA)"
"42200","Santa Maria-Santa Barbara, CA (Metropolitan Statistical Area)"," ","800","Quantity indexes for real GDP by metropolitan area","84","...","  Federal military",115.954,118.646,111.210,107.976,104.940,102.620,96.857,95.793,100.000,100.667,102.851,106.445,106.029,105.764,"(NA)"
"42200","Santa Maria-Santa Barbara, CA (Metropolitan Statistical Area)"," ","800","Quantity indexes for real GDP by metropolitan area","85","...","  State and local",91.680,93.057,94.487,94.474,97.729,98.721,101.806,102.974,100.000,98.353,100.203,99.901,102.132,103.882,"(NA)"
"42200","Santa Maria-Santa Barbara, CA (Metropolitan Statistical Area)"," ","800","Quantity indexes for real GDP by metropolitan area","86","11, 21","Natural resources and mining",64.313,67.406,66.261,60.956,70.081,83.999,75.158,72.160,100.000,88.667,80.251,87.301,90.270,95.769,119.419
"42200","Santa Maria-Santa Barbara, CA (Metropolitan Statistical Area)"," ","800","Quantity indexes for real GDP by metropolitan area","87","42, 44-45","Trade",100.906,102.490,103.998,109.198,109.369,111.400,109.645,106.941,100.000,98.400,101.157,105.572,109.298,113.330,118.269
"42200","Santa Maria-Santa Barbara, CA (Metropolitan Statistical Area)"," ","800","Quantity indexes for real GDP by metropolitan area","88","...","Transportation and utilities",71.218,86.185,90.995,98.031,97.223,106.008,106.138,104.824,100.000,91.395,84.109,82.804,82.241,86.603,91.349
"42200","Santa Maria-Santa Barbara, CA (Metropolitan Statistical Area)"," ","800","Quantity indexes for real GDP by metropolitan area","89","...","Private goods-producing industries",74.052,73.132,81.811,81.888,92.485,97.990,94.160,93.094,100.000,91.463,87.475,93.144,96.086,99.258,112.682
"42200","Santa Maria-Santa Barbara, CA (Metropolitan Statistical Area)"," ","800","Quantity indexes for real GDP by metropolitan area","90","...","Private services-providing industries",88.478,93.570,95.900,100.292,105.481,103.284,102.038,102.902,100.000,104.102,110.036,111.940,110.915,112.700,115.313
"42200","Santa Maria-Santa Barbara, CA (Metropolitan Statistical Area)"," ","900","Real GDP by metropolitan area","1","...","All industry total",17333,17963,18652,19171,20366,20365,20082,20155,20072,20161,20731,21239,21281,21696,22683
"42200","Santa Maria-Santa Barbara, CA (Metropolitan Statistical Area)"," ","900","Real GDP by metropolitan area","2","..."," Private industries",14050,14622,15297,15828,16944,16937,16608,16659,16633,16749,17269,17767,17786,18150,19079
"42200","Santa Maria-Santa Barbara, CA (Metropolitan Statistical Area)"," ","900","Real GDP by metropolitan area","3","11","  Agriculture, forestry, fishing, and hunting",635,769,802,706,839,951,729,743,1274,1105,796,821,964,1116,1275
"42200","Santa Maria-Santa Barbara, CA (Metropolitan Statistical Area)"," ","900","Real GDP by metropolitan area","4","111-112","   Farms",480,591,589,482,627,709,481,505,1016,837,517,504,632,737,"(NA)"
"42200","Santa Maria-Santa Barbara, CA (Metropolitan Statistical Area)"," ","900","Real GDP by metropolitan area","5","113-115","   Forestry, fishing, and related activities",159,183,221,241,219,249,266,250,257,270,302,355,358,407,"(NA)"
"42200","Santa Maria-Santa Barbara, CA (Metropolitan Statistical Area)"," ","900","Real GDP by metropolitan area","6","21","  Mining",559,395,313,335,352,472,536,476,440,414,581,681,570,497,768
"42200","Santa Maria-Santa Barbara, CA (Metropolitan Statistical Area)"," ","900","Real GDP by metropolitan area","7","211","   Oil and gas extraction",323,195,131,146,181,254,283,252,258,237,"(D)","(D)",374,"(D)","(NA)"
"42200","Santa Maria-Santa Barbara, CA (Metropolitan Statistical Area)"," ","900","Real GDP by metropolitan area","8","212","   Mining, except oil and gas",160,149,155,158,130,133,177,131,115,84,"(D)","(D)",96,"(D)","(NA)"
"42200","Santa Maria-Santa Barbara, CA (Metropolitan Statistical Area)"," ","900","Real GDP by metropolitan area","9","213","   Support activities for mining",115,86,65,68,59,93,92,102,67,96,100,"(D)",86,83,"(NA)"
"42200","Santa Maria-Santa Barbara, CA (Metropolitan Statistical Area)"," ","900","Real GDP by metropolitan area","10","22","  Utilities",115,181,175,178,155,173,178,161,158,115,116,102,103,97,116
"42200","Santa Maria-Santa Barbara, CA (Metropolitan Statistical Area)"," ","900","Real GDP by metropolitan area","11","23","  Construction",923,904,1016,1200,1197,1139,1107,981,803,741,734,737,743,728,760
"42200","Santa Maria-Santa Barbara, CA (Metropolitan Statistical Area)"," ","900","Real GDP by metropolitan area","12","31-33","  Manufacturing",1277,1216,1482,1438,1726,1777,1801,1938,1881,1765,1765,1880,1952,2001,2128
"42200","Santa Maria-Santa Barbara, CA (Metropolitan Statistical Area)"," ","900","Real GDP by metropolitan area","13","...","   Durable goods manufacturing",889,829,1038,965,1179,1257,1220,1325,1333,1279,1342,1388,1416,1435,1519
"42200","Santa Maria-Santa Barbara, CA (Metropolitan Statistical Area)"," ","900","Real GDP by metropolitan area","14","321","    Wood products manufacturing",6,7,6,6,7,7,5,5,4,3,5,"(D)",5,5,"(NA)"
"42200","Santa Maria-Santa Barbara, CA (Metropolitan Statistical Area)"," ","900","Real GDP by metropolitan area","15","327","    Nonmetallic mineral products manufacturing",24,26,22,28,23,21,21,23,21,17,14,"(D)",9,9,"(NA)"
"42200","Santa Maria-Santa Barbara, CA (Metropolitan Statistical Area)"," ","900","Real GDP by metropolitan area","16","331","    Primary metals manufacturing","(D)","(D)","(D)","(D)","(D)","(D)","(D)",12,21,16,15,"(D)","(D)","(D)","(NA)"
"42200","Santa Maria-Santa Barbara, CA (Metropolitan Statistical Area)"," ","900","Real GDP by metropolitan area","17","332","    Fabricated metal products",110,110,112,96,89,87,89,77,65,74,76,"(D)",76,79,"(NA)"
"42200","Santa Maria-Santa Barbara, CA (Metropolitan Statistical Area)"," ","900","Real GDP by metropolitan area","18","333","    Machinery manufacturing",36,31,36,44,40,46,50,59,48,53,99,"(D)",73,63,"(NA)"
"42200","Santa Maria-Santa Barbara, CA (Metropolitan Statistical Area)"," ","900","Real GDP by metropolitan area","19","334","    Computer and electronic products manufacturing",186,194,245,287,385,398,561,613,664,663,691,"(D)",812,832,"(NA)"
"42200","Santa Maria-Santa Barbara, CA (Metropolitan Statistical Area)"," ","900","Real GDP by metropolitan area","20","335","    Electrical equipment, appliance, and components manufacturing",63,53,53,62,68,73,68,77,57,44,40,"(D)",45,41,"(NA)"
"42200","Santa Maria-Santa Barbara, CA (Metropolitan Statistical Area)"," ","900","Real GDP by metropolitan area","21","3361-3363","    Motor vehicles, bodies and trailers, and parts manufacturing","(D)","(D)","(D)","(D)","(D)","(D)","(D)","(D)","(D)","(D)","(D)","(D)","(D)","(D)","(NA)"
"42200","Santa Maria-Santa Barbara, CA (Metropolitan Statistical Area)"," ","900","Real GDP by metropolitan area","22","3364-3366, 3369","    Other transportation equipment manufacturing","(D)","(D)","(D)","(D)","(D)","(D)","(D)","(D)","(D)","(D)","(D)",145,164,168,"(NA)"
"42200","Santa Maria-Santa Barbara, CA (Metropolitan Statistical Area)"," ","900","Real GDP by metropolitan area","23","337","    Furniture and related products manufacturing",16,19,21,24,24,23,22,20,15,14,12,"(D)",11,11,"(NA)"
"42200","Santa Maria-Santa Barbara, CA (Metropolitan Statistical Area)"," ","900","Real GDP by metropolitan area","24","339","    Miscellaneous manufacturing",249,285,324,242,315,400,175,228,224,217,205,"(D)",212,219,"(NA)"
"42200","Santa Maria-Santa Barbara, CA (Metropolitan Statistical Area)"," ","900","Real GDP by metropolitan area","25","...","   Nondurable goods manufacturing",380,389,432,481,549,515,581,613,548,488,431,494,533,560,602
"42200","Santa Maria-Santa Barbara, CA (Metropolitan Statistical Area)"," ","900","Real GDP by metropolitan area","26","311-312","    Food and beverage and tobacco products manufacturing",163,188,182,169,177,211,235,223,234,203,186,226,223,246,"(NA)"
"42200","Santa Maria-Santa Barbara, CA (Metropolitan Statistical Area)"," ","900","Real GDP by metropolitan area","27","313-314","    Textile mills and textile product mills",2,2,3,3,3,"(D)",4,"(D)","(D)","(D)","(D)",3,"(D)","(D)","(NA)"
"42200","Santa Maria-Santa Barbara, CA (Metropolitan Statistical Area)"," ","900","Real GDP by metropolitan area","28","315-316","    Apparel and leather and allied products manufacturing","(D)","(D)","(D)","(D)","(D)","(D)","(D)","(D)","(D)","(D)",1,"(D)",1,"(D)","(NA)"
"42200","Santa Maria-Santa Barbara, CA (Metropolitan Statistical Area)"," ","900","Real GDP by metropolitan area","29","322","    Paper products manufacturing",20,17,"(D)","(D)","(D)","(D)","(D)","(D)","(D)","(D)","(D)","(D)","(D)","(D)","(NA)"
"42200","Santa Maria-Santa Barbara, CA (Metropolitan Statistical Area)"," ","900","Real GDP by metropolitan area","30","323","    Printing and related support activities",16,18,17,18,18,20,21,21,18,19,23,"(D)",23,17,"(NA)"
"42200","Santa Maria-Santa Barbara, CA (Metropolitan Statistical Area)"," ","900","Real GDP by metropolitan area","31","324","    Petroleum and coal products manufacturing","(D)","(D)","(D)",93,152,78,95,160,104,52,30,"(D)",33,46,"(NA)"
"42200","Santa Maria-Santa Barbara, CA (Metropolitan Statistical Area)"," ","900","Real GDP by metropolitan area","32","325","    Chemical products manufacturing",69,67,95,177,167,200,234,187,175,206,195,"(D)",260,250,"(NA)"
"42200","Santa Maria-Santa Barbara, CA (Metropolitan Statistical Area)"," ","900","Real GDP by metropolitan area","33","326","    Plastics and rubber products manufacturing",18,17,17,11,14,15,9,9,9,9,8,"(D)",8,8,"(NA)"
"42200","Santa Maria-Santa Barbara, CA (Metropolitan Statistical Area)"," ","900","Real GDP by metropolitan area","34","42","  Wholesale trade",762,689,642,703,706,753,812,808,716,673,738,782,833,871,987
"42200","Santa Maria-Santa Barbara, CA (Metropolitan Statistical Area)"," ","900","Real GDP by metropolitan area","35","44-45","  Retail trade",1283,1382,1454,1501,1501,1498,1408,1359,1309,1320,1309,1355,1378,1422,1405
"42200","Santa Maria-Santa Barbara, CA (Metropolitan Statistical Area)"," ","900","Real GDP by metropolitan area","36","48-49","  Transportation and warehousing",166,167,188,212,229,247,242,253,237,246,216,224,221,244,244
"42200","Santa Maria-Santa Barbara, CA (Metropolitan Statistical Area)"," ","900","Real GDP by metropolitan area","37","481","   Air transportation",11,10,15,20,29,42,39,42,42,51,19,"(D)",20,18,"(NA)"
"42200","Santa Maria-Santa Barbara, CA (Metropolitan Statistical Area)"," ","900","Real GDP by metropolitan area","38","482","   Rail transportation",8,6,7,7,7,8,7,7,5,4,5,5,5,5,"(NA)"
"42200","Santa Maria-Santa Barbara, CA (Metropolitan Statistical Area)"," ","900","Real GDP by metropolitan area","39","483","   Water transportation","(D)","(D)","(D)","(D)",1,"(D)","(D)","(D)","(D)","(D)","(D)","(L)","(L)","(L)","(NA)"
"42200","Santa Maria-Santa Barbara, CA (Metropolitan Statistical Area)"," ","900","Real GDP by metropolitan area","40","484","   Truck transportation",36,41,41,49,56,62,57,53,53,57,63,"(D)",73,77,"(NA)"
"42200","Santa Maria-Santa Barbara, CA (Metropolitan Statistical Area)"," ","900","Real GDP by metropolitan area","41","485","   Transit and ground passenger transportation",17,21,22,23,24,26,26,27,23,21,20,"(D)",22,37,"(NA)"
"42200","Santa Maria-Santa Barbara, CA (Metropolitan Statistical Area)"," ","900","Real GDP by metropolitan area","42","486","   Pipeline transportation","(D)","(D)",24,31,"(D)","(D)","(D)","(D)","(D)","(D)","(D)","(D)","(D)","(D)","(NA)"
"42200","Santa Maria-Santa Barbara, CA (Metropolitan Statistical Area)"," ","900","Real GDP by metropolitan area","43","487-488, 492","   Other transportation and support activities",62,61,"(D)","(D)","(D)",65,"(D)","(D)",58,58,62,59,"(D)","(D)","(NA)"
"42200","Santa Maria-Santa Barbara, CA (Metropolitan Statistical Area)"," ","900","Real GDP by metropolitan area","44","493","   Warehousing and storage",14,15,15,14,19,19,18,21,23,20,20,"(D)",18,20,"(NA)"
"42200","Santa Maria-Santa Barbara, CA (Metropolitan Statistical Area)"," ","900","Real GDP by metropolitan area","45","51","  Information",512,545,593,688,823,694,810,819,798,879,989,1212,1321,1319,1362
"42200","Santa Maria-Santa Barbara, CA (Metropolitan Statistical Area)"," ","900","Real GDP by metropolitan area","46","511","   Publishing industries, except Internet (includes software)","(D)",239,"(D)","(D)","(D)","(D)",404,401,390,479,513,"(D)",603,640,"(NA)"
"42200","Santa Maria-Santa Barbara, CA (Metropolitan Statistical Area)"," ","900","Real GDP by metropolitan area","47","512","   Motion picture and sound recording industries",59,73,62,61,40,44,59,71,77,62,149,"(D)",232,188,"(NA)"
"42200","Santa Maria-Santa Barbara, CA (Metropolitan Statistical Area)"," ","900","Real GDP by metropolitan area","48","515, 517","   Broadcasting and telecommunications",197,165,178,196,235,249,308,297,278,282,272,"(D)",428,427,"(NA)"
"42200","Santa Maria-Santa Barbara, CA (Metropolitan Statistical Area)"," ","900","Real GDP by metropolitan area","49","518, 519","   Data processing, internet publishing, and other information services","(D)",70,"(D)","(D)","(D)","(D)",40,50,53,55,55,"(D)",58,64,"(NA)"
"42200","Santa Maria-Santa Barbara, CA (Metropolitan Statistical Area)"," ","900","Real GDP by metropolitan area","50","52, 53","  Finance, insurance, real estate, rental, and leasing",3415,3602,3551,3676,4032,3879,3612,3534,3555,3917,4343,4222,4004,3977,4042
"42200","Santa Maria-Santa Barbara, CA (Metropolitan Statistical Area)"," ","900","Real GDP by metropolitan area","51","52","   Finance and insurance",584,661,655,680,733,734,717,648,704,592,597,650,605,564,586
"42200","Santa Maria-Santa Barbara, CA (Metropolitan Statistical Area)"," ","900","Real GDP by metropolitan area","52","521-522","    Federal Reserve banks, credit intermediation, and related services",245,299,253,196,214,224,275,323,369,277,283,"(D)",258,247,"(NA)"
"42200","Santa Maria-Santa Barbara, CA (Metropolitan Statistical Area)"," ","900","Real GDP by metropolitan area","53","523","    Securities, commodity contracts, and investments",169,169,159,151,192,193,130,62,125,124,119,"(D)","(D)",111,"(NA)"
"42200","Santa Maria-Santa Barbara, CA (Metropolitan Statistical Area)"," ","900","Real GDP by metropolitan area","54","524","    Insurance carriers and related activities",169,189,250,345,344,333,317,260,197,182,189,"(D)",204,191,"(NA)"
"42200","Santa Maria-Santa Barbara, CA (Metropolitan Statistical Area)"," ","900","Real GDP by metropolitan area","55","525","    Funds, trusts, and other financial vehicles",11,11,9,13,11,11,6,8,13,8,7,"(D)","(D)",16,"(NA)"
"42200","Santa Maria-Santa Barbara, CA (Metropolitan Statistical Area)"," ","900","Real GDP by metropolitan area","56","53","   Real estate and rental and leasing",2840,2946,2899,2999,3305,3147,2892,2889,2850,3330,3754,3574,3402,3422,3463
"42200","Santa Maria-Santa Barbara, CA (Metropolitan Statistical Area)"," ","900","Real GDP by metropolitan area","57","531","    Real estate",2679,2781,2770,2859,3162,2997,2746,2754,2714,3190,3618,"(D)",3265,3306,"(NA)"
"42200","Santa Maria-Santa Barbara, CA (Metropolitan Statistical Area)"," ","900","Real GDP by metropolitan area","58","532-533","    Rental and leasing services and lessors of intangible assets",162,166,129,140,142,150,146,135,136,140,136,"(D)",138,116,"(NA)"
"42200","Santa Maria-Santa Barbara, CA (Metropolitan Statistical Area)"," ","900","Real GDP by metropolitan area","59","54, 55, 56","  Professional and business services",1838,2041,2219,2274,2405,2320,2353,2516,2421,2560,2631,2679,2521,2548,2513
"42200","Santa Maria-Santa Barbara, CA (Metropolitan Statistical Area)"," ","900","Real GDP by metropolitan area","60","54","   Professional, scientific, and technical services",1152,1291,1362,1443,1470,1436,1479,1605,1495,1544,1590,1589,1555,1541,1535
"42200","Santa Maria-Santa Barbara, CA (Metropolitan Statistical Area)"," ","900","Real GDP by metropolitan area","64","55","   Management of companies and enterprises",203,195,263,247,261,270,263,260,267,310,288,251,262,319,323
"42200","Santa Maria-Santa Barbara, CA (Metropolitan Statistical Area)"," ","900","Real GDP by metropolitan area","65","56","   Administrative and waste management services",482,546,597,585,673,614,611,651,659,706,753,841,704,690,656
"42200","Santa Maria-Santa Barbara, CA (Metropolitan Statistical Area)"," ","900","Real GDP by metropolitan area","66","561","    Administrative and support services",420,501,547,537,624,569,560,599,603,632,693,"(D)",642,631,"(NA)"
"42200","Santa Maria-Santa Barbara, CA (Metropolitan Statistical Area)"," ","900","Real GDP by metropolitan area","67","562","    Waste management and remediation services",63,45,50,47,49,45,52,52,56,73,61,"(D)",62,59,"(NA)"
"42200","Santa Maria-Santa Barbara, CA (Metropolitan Statistical Area)"," ","900","Real GDP by metropolitan area","68","61, 62","  Educational services, health care, and social assistance",1206,1261,1320,1390,1383,1415,1451,1552,1572,1576,1639,1645,1661,1719,1806
"42200","Santa Maria-Santa Barbara, CA (Metropolitan Statistical Area)"," ","900","Real GDP by metropolitan area","69","61","   Educational services",185,161,177,192,188,180,187,187,186,168,176,175,166,168,149
"42200","Santa Maria-Santa Barbara, CA (Metropolitan Statistical Area)"," ","900","Real GDP by metropolitan area","70","62","   Health care and social assistance",1023,1099,1144,1199,1195,1236,1264,1365,1386,1407,1463,1470,1496,1552,1661
"42200","Santa Maria-Santa Barbara, CA (Metropolitan Statistical Area)"," ","900","Real GDP by metropolitan area","71","621","    Ambulatory health care services",541,579,604,642,653,693,684,735,725,715,729,"(D)",755,787,"(NA)"
"42200","Santa Maria-Santa Barbara, CA (Metropolitan Statistical Area)"," ","900","Real GDP by metropolitan area","72","622-623","    Hospitals and nursing and residential care facilities",354,392,401,420,402,412,450,482,506,527,557,562,574,594,"(NA)"
"42200","Santa Maria-Santa Barbara, CA (Metropolitan Statistical Area)"," ","900","Real GDP by metropolitan area","73","624","    Social assistance",129,129,139,137,139,130,131,149,155,166,178,"(D)",167,171,"(NA)"
"42200","Santa Maria-Santa Barbara, CA (Metropolitan Statistical Area)"," ","900","Real GDP by metropolitan area","74","71, 72","  Arts, entertainment, recreation, accommodation, and food services",975,1014,1049,1098,1081,1090,1055,1024,941,951,1004,999,1052,1095,1124
"42200","Santa Maria-Santa Barbara, CA (Metropolitan Statistical Area)"," ","900","Real GDP by metropolitan area","75","71","   Arts, entertainment, and recreation",178,189,178,184,183,181,190,186,179,182,187,191,195,202,200
"42200","Santa Maria-Santa Barbara, CA (Metropolitan Statistical Area)"," ","900","Real GDP by metropolitan area","76","711-712","    Performing arts, spectator sports, museums, and related activities",111,123,111,112,109,104,106,106,100,99,100,"(D)",101,104,"(NA)"
"42200","Santa Maria-Santa Barbara, CA (Metropolitan Statistical Area)"," ","900","Real GDP by metropolitan area","77","713","    Amusements, gambling, and recreation industries",67,67,67,72,74,78,83,80,79,84,88,"(D)",94,98,"(NA)"
"42200","Santa Maria-Santa Barbara, CA (Metropolitan Statistical Area)"," ","900","Real GDP by metropolitan area","78","72","   Accommodation and food services",797,825,871,915,899,909,865,838,762,769,817,807,857,893,924
"42200","Santa Maria-Santa Barbara, CA (Metropolitan Statistical Area)"," ","900","Real GDP by metropolitan area","79","721","    Accommodation",288,295,303,324,310,309,304,296,262,265,297,"(D)",327,329,"(NA)"
"42200","Santa Maria-Santa Barbara, CA (Metropolitan Statistical Area)"," ","900","Real GDP by metropolitan area","80","722","    Food services and drinking places",508,530,568,590,589,602,561,541,500,504,520,"(D)",530,564,"(NA)"
"42200","Santa Maria-Santa Barbara, CA (Metropolitan Statistical Area)"," ","900","Real GDP by metropolitan area","81","81","  Other services, except government",573,590,558,558,563,566,566,569,528,503,482,487,488,506,516
"42200","Santa Maria-Santa Barbara, CA (Metropolitan Statistical Area)"," ","900","Real GDP by metropolitan area","82","92"," Government",3320,3370,3371,3349,3417,3424,3475,3498,3439,3412,3462,3472,3495,3546,3606
"42200","Santa Maria-Santa Barbara, CA (Metropolitan Statistical Area)"," ","900","Real GDP by metropolitan area","83","...","  Federal civilian",488,491,491,486,488,481,481,484,479,490,484,485,454,463,"(NA)"
"42200","Santa Maria-Santa Barbara, CA (Metropolitan Statistical Area)"," ","900","Real GDP by metropolitan area","84","...","  Federal military",544,557,522,507,492,481,454,449,469,472,483,499,497,496,"(NA)"
"42200","Santa Maria-Santa Barbara, CA (Metropolitan Statistical Area)"," ","900","Real GDP by metropolitan area","85","...","  State and local",2283,2318,2353,2353,2434,2459,2535,2565,2490,2449,2496,2488,2544,2587,"(NA)"
"42200","Santa Maria-Santa Barbara, CA (Metropolitan Statistical Area)"," ","900","Real GDP by metropolitan area","86","11, 21","Natural resources and mining",1102,1155,1136,1045,1201,1440,1288,1237,1714,1520,1375,1496,1547,1641,2047
"42200","Santa Maria-Santa Barbara, CA (Metropolitan Statistical Area)"," ","900","Real GDP by metropolitan area","87","42, 44-45","Trade",2043,2075,2105,2211,2214,2255,2220,2165,2024,1992,2048,2137,2213,2294,2394
"42200","Santa Maria-Santa Barbara, CA (Metropolitan Statistical Area)"," ","900","Real GDP by metropolitan area","88","...","Transportation and utilities",282,341,360,388,384,419,420,414,395,361,333,327,325,342,361
"42200","Santa Maria-Santa Barbara, CA (Metropolitan Statistical Area)"," ","900","Real GDP by metropolitan area","89","...","Private goods-producing industries",3257,3216,3598,3601,4067,4309,4141,4094,4398,4022,3847,4096,4226,4365,4956
"42200","Santa Maria-Santa Barbara, CA (Metropolitan Statistical Area)"," ","900","Real GDP by metropolitan area","90","...","Private services-providing industries",10826,11449,11734,12271,12906,12637,12485,12591,12235,12737,13463,13696,13571,13789,14109
"42200","Santa Maria-Santa Barbara, CA (Metropolitan Statistical Area)"," ","1000","Per capita real GDP by metropolitan area","1","...","All industry total",42993,44333,45850,47071,49906,49904,48832,48467,47750,47513,48667,49310,48801,49234,51000
"Note: See the included footnote file."
NAICS Industry detail is based on the 2007 North American Industry Classification System (NAICS).
"Source: U.S. Department of Commerce / Bureau of Economic Analysis / Regional Product Division"
